   <!-- Loosened patterns, but MUST come after a function -->
  <patternpairs totalbits="16" postbits="8"> <!-- 16 bit Thumb --> <!-- Added some pre patterns from not loosened-->
    <prepatterns>
      <data>.......0 0xbd               </data> <!-- pop -->
      <data>.......0 0xbd 0x0000        </data> <!-- pop , filler -->
      <data>.......0 0xbd 0x00bf        </data> <!-- pop , nop -->
      <data>.......0 0xbd 0xc0 0x46     </data> <!-- pop , filler -->
      <data>0xffff                      </data> <!-- filler -->
      <data>0xc046                      </data> <!-- filler??? -->
      <data>0x7047                      </data> <!-- bxlr -->
      <data>0x7047 0x0000               </data> <!-- bxlr, filler -->
      <data>0x7047 0xc046               </data> <!-- bxlr, filler -->
      <data>000..... 0xb0 ....0000 0xbd </data> <!-- add, pop -->
      <data> 0x00bf                     </data> <!-- nop -->
      <data> 0xaff30080                 </data> <!-- nop.w -->
      <data> 0xbde8 ........ 1.......   </data> <!-- pop { rlist, pc } -->
      <data> 0xbde8 ........ 1.......  0x0000 </data> <!-- pop { rlist, pc }, filler -->
      <data> 0x46f7                     </data> <!-- mov pc,lr -->
      <data> 0x5d 0xf8 0....... 0xfb    </data> <!-- ldr.w pc,[sp],#0x.. -->
    </prepatterns>
    
    <postpatterns>
      <data> .......0 0xb5               </data> <!-- push-->
      <align mark="0" bits="1"/>
      <setcontext name="TMode" value="1"/>
      <funcstart after="function"/>
    </postpatterns>
  </patternpairs>