<patternpairs totalbits="32" postbits="16"> <!-- 16 bit Thumb -->
    <prepatterns>
      <data>.......0 0xbd               </data> <!-- pop -->
      <data>.......0 0xbd 0x0000        </data> <!-- pop , filler -->
      <data>.......0 0xbd 0x00bf        </data> <!-- pop , nop -->
      <data>.......0 0xbd 0xc0 0x46     </data> <!-- pop , filler -->
      <data>0xffff                      </data> <!-- filler -->
      <data>0xc046                      </data> <!-- filler??? -->
      <data>0x7047                      </data> <!-- bxlr -->
      <data>0x7047 0x0000               </data> <!-- bxlr, filler -->
      <data>0x7047 0xc046               </data> <!-- bxlr, filler -->
      <data>000..... 0xb0 ....0000 0xbd </data> <!-- add, pop -->
      <data> 0x00bf                     </data> <!-- nop -->
      <data> 0xaff30080                 </data> <!-- nop.w -->
      <data> 0xbde8 ........ 1.......   </data> <!-- pop { rlist, pc } -->
      <data> 0x46f7                     </data> <!-- mov pc,lr -->
      <data> 0x5d 0xf8 0....... 0xfb    </data> <!-- ldr.w pc,[sp],#0x.. -->
    </prepatterns>
    
    <postpatterns>
      <data> ........ 0xb5   1....... 0xb0               </data> <!-- push, sub-->
      <data> ........ 0xb5   00...... 0x1c               </data> <!-- push, mov -->
      <data> ........ 0xb5   0x.. 0x46                   </data> <!-- push, mov -->
      <data> ........ 0xb5   0x.. 01.01...               </data> <!-- push, ldr -->
      <data> ........ 0xb5   0x.. 0x68                   </data> <!-- push, ldr -->
      <data> ........ 0xb5   0x.. 01.01... 10...... 0xb0 </data> <!-- push, ldr, sub -->
      <data> 1....... 0xb5   0x..af                      </data> <!-- pop pushr7 addr7sp -->
      <data> 100..... 0xb0   ....0000 0xb5               </data> <!-- push, sub-->
      <data> 00...... 0x1c   ....0000 0xb5               </data> <!-- push, mov -->
      <!-- could match 0xc0 0x46, which is filler <data> 0x.. 0x46       ....0000 0xb5               </data> --> <!-- push, mov -->
      <data> 0x.. 01.01...   ....0000 0xb5               </data> <!-- push, ldr -->
      <data> 0x.. 0x68       ....0000 0xb5               </data> <!-- push, ldr -->
      <data> 0x2de9 ........ 010.....                    </data> <!-- push { rlist, lr } -->
      <align mark="0" bits="1"/>
      <setcontext name="TMode" value="1"/>
      <funcstart/>
    </postpatterns>
  </patternpairs>