{"Files": {"crc32.o": [{"Function Name": "get_crc_table", "Instruction Count": 5, "Stack Frame Size": 8, "Hash": "cc7ba163ada6810c84823d2b34c61fee", "Is Static": false, "Numeric Consts": [], "Strings": [], "Calls": [], "Unknown Functions": [], "Unknown Globals": [], "Code Block Sizes": [5], "Call Order": {}}, {"Function Name": "crc32_z", "Instruction Count": 36, "Stack Frame Size": 48, "Hash": "72551818030d06e8c44490125a5e7e57", "Is Static": false, "Numeric Consts": [40, 0, 4, 16, 1], "Strings": [], "Calls": ["crc32_little", "crc32_big"], "Unknown Functions": ["__stack_chk_fail"], "Unknown Globals": [], "Code Block Sizes": [10, 7, 6, 5, 3, 2, 2, 1], "Call Order": {"crc32_little": [[]], "crc32_big": [[]], "__stack_chk_fail": [["crc32_little", "crc32_big"]]}}, {"Function Name": "crc32", "Instruction Count": 11, "Stack Frame Size": 16, "Hash": "db36927547eb000d3b32b32092e4669f", "Is Static": false, "Numeric Consts": [8, 16, 4], "Strings": [], "Calls": ["crc32_z"], "Unknown Functions": [], "Unknown Globals": [], "Code Block Sizes": [11], "Call Order": {"crc32_z": [[]]}}, {"Function Name": "crc32_little", "Instruction Count": 275, "Stack Frame Size": 16, "Hash": "c91f4236d93d2e2bff9ad1352bfdabbd", "Is Static": true, "Numeric Consts": [512, 1, 3, 4, 0, 32, 8, 256, 16, 24, 768, 31], "Strings": [], "Calls": [], "Unknown Functions": [], "Unknown Globals": [], "Code Block Sizes": [193, 25, 15, 13, 7, 6, 4, 3, 2, 2, 2, 2, 1], "Call Order": {}}, {"Function Name": "crc32_big", "Instruction Count": 313, "Stack Frame Size": 16, "Hash": "687bab0c7d29118850edfa530fd0b7be", "Is Static": true, "Numeric Consts": [0, 1, 3, 4, 1024, 32, 8, 1280, 16, 65280, 1536, 24, 1792, 31], "Strings": [], "Calls": [], "Unknown Functions": [], "Unknown Globals": [], "Code Block Sizes": [201, 26, 20, 18, 17, 15, 4, 3, 2, 2, 2, 2, 1], "Call Order": {}}, {"Function Name": "gf2_matrix_times", "Instruction Count": 19, "Stack Frame Size": 24, "Hash": "1e72720acacc30b1c080da7bb816fa27", "Is Static": true, "Numeric Consts": [16, 0, 4, 1], "Strings": [], "Calls": [], "Unknown Functions": [], "Unknown Globals": [], "Code Block Sizes": [5, 4, 3, 3, 2, 2], "Call Order": {}}, {"Function Name": "gf2_matrix_square", "Instruction Count": 27, "Stack Frame Size": 28, "Hash": "026c44b49aba2d3abe9dfcb1bdc36432", "Is Static": true, "Numeric Consts": [16, 0, 1, 8, 31], "Strings": [], "Calls": ["gf2_matrix_times"], "Unknown Functions": [], "Unknown Globals": [], "Code Block Sizes": [15, 6, 4, 2], "Call Order": {"gf2_matrix_times": [[]]}}, {"Function Name": "crc32_combine_", "Instruction Count": 82, "Stack Frame Size": 288, "Hash": "02a2cd4e5a3c13c06305ab8a3e10da11", "Is Static": true, "Numeric Consts": [0, 1, 8, 280, 3988292384, 31], "Strings": [], "Calls": ["gf2_matrix_times", "gf2_matrix_square"], "Unknown Functions": ["__stack_chk_fail"], "Unknown Globals": [], "Code Block Sizes": [12, 10, 10, 8, 6, 6, 5, 4, 3, 3, 3, 3, 2, 2, 2, 1, 1, 1], "Call Order": {"gf2_matrix_times": [["gf2_matrix_square"], ["gf2_matrix_square"]], "gf2_matrix_square": [[], [], ["gf2_matrix_times"], ["gf2_matrix_times"]], "__stack_chk_fail": [["gf2_matrix_times", "gf2_matrix_square"]]}}, {"Function Name": "crc32_combine", "Instruction Count": 11, "Stack Frame Size": 16, "Hash": "4dac3c9e6394600b078ac6738fbef659", "Is Static": false, "Numeric Consts": [8, 16, 4], "Strings": [], "Calls": ["crc32_combine_"], "Unknown Functions": [], "Unknown Globals": [], "Code Block Sizes": [11], "Call Order": {"crc32_combine_": [[]]}}, {"Function Name": "crc32_combine64", "Instruction Count": 11, "Stack Frame Size": 16, "Hash": "f2f26ca251944a03f7ec132df8d9b4a0", "Is Static": false, "Numeric Consts": [8, 16, 4], "Strings": [], "Calls": ["crc32_combine_"], "Unknown Functions": [], "Unknown Globals": [], "Code Block Sizes": [10, 1], "Call Order": {"crc32_combine_": [[]]}}], "trees.o": [{"Function Name": "tr_static_init", "Instruction Count": 5, "Stack Frame Size": 8, "Hash": "e78ae0f9f6283270786ed4586f2cd613", "Is Static": true, "Numeric Consts": [], "Strings": [], "Calls": [], "Unknown Functions": [], "Unknown Globals": [], "Code Block Sizes": [5], "Call Order": {}}, {"Function Name": "_tr_init", "Instruction Count": 33, "Stack Frame Size": 16, "Hash": "8c13c0188f9660165d6dea04283bcea0", "Is Static": false, "Numeric Consts": [8, 0, 12, 16], "Strings": [], "Calls": ["tr_static_init", "init_block"], "Unknown Functions": [], "Unknown Globals": [], "Code Block Sizes": [33], "Call Order": {"tr_static_init": [[]], "init_block": [["tr_static_init"]]}}, {"Function Name": "init_block", "Instruction Count": 47, "Stack Frame Size": 24, "Hash": "b4293a5a2e93707771b6c9c0c7d0a520", "Is Static": true, "Numeric Consts": [0, 608, 36, 1, 285, 16, 18, 668, 29], "Strings": [], "Calls": [], "Unknown Functions": [], "Unknown Globals": [], "Code Block Sizes": [17, 5, 5, 5, 5, 2, 2, 2, 2, 2], "Call Order": {}}, {"Function Name": "pqdownheap", "Instruction Count": 136, "Stack Frame Size": 24, "Hash": "f79b0206b8f3ee8fd50655d28cce93a0", "Is Static": true, "Numeric Consts": [16, 1, 724, 5208], "Strings": [], "Calls": [], "Unknown Functions": [], "Unknown Globals": [], "Code Block Sizes": [19, 19, 15, 15, 15, 13, 12, 11, 8, 4, 4, 1], "Call Order": {}}, {"Function Name": "gen_bitlen", "Instruction Count": 253, "Stack Frame Size": 76, "Hash": "737a309e2a1be25b0fd77e90261d1833", "Is Static": true, "Numeric Consts": [64, 0, 2, 1, 15, 724, 1432, 572], "Strings": [], "Calls": [], "Unknown Functions": [], "Unknown Globals": [], "Code Block Sizes": [32, 29, 26, 21, 18, 16, 14, 13, 9, 9, 9, 7, 7, 6, 5, 4, 4, 3, 3, 2, 2, 2, 2, 2, 1, 1, 1, 1, 1, 1, 1, 1], "Call Order": {}}, {"Function Name": "gen_codes", "Instruction Count": 73, "Stack Frame Size": 96, "Hash": "90a96f76b0fc86a5a89d368234d86760", "Is Static": true, "Numeric Consts": [0, 1, 8, 15, 16, 84, 2147483647], "Strings": [], "Calls": ["bi_reverse"], "Unknown Functions": ["__stack_chk_fail"], "Unknown Globals": [], "Code Block Sizes": [17, 16, 14, 9, 4, 3, 3, 2, 2, 1, 1, 1], "Call Order": {"bi_reverse": [[]], "__stack_chk_fail": [["bi_reverse"]]}}, {"Function Name": "build_tree", "Instruction Count": 274, "Stack Frame Size": 48, "Hash": "d362ca7832830e710b5356430520dd62", "Is Static": true, "Numeric Consts": [0, 1, 36, 8, 12, 16, 724, 5208, 4, 2876, 573, 4294967295, 31], "Strings": [], "Calls": ["pqdownheap", "gen_codes", "gen_bitlen"], "Unknown Functions": [], "Unknown Globals": [], "Code Block Sizes": [71, 31, 28, 24, 22, 19, 11, 11, 9, 7, 7, 6, 6, 5, 4, 3, 3, 2, 2, 1, 1, 1], "Call Order": {"pqdownheap": [[], [], []], "gen_codes": [["pqdownheap", "gen_bitlen"]], "gen_bitlen": [["pqdownheap"]]}}, {"Function Name": "scan_tree", "Instruction Count": 112, "Stack Frame Size": 40, "Hash": "9bde05fe790e0c8efa4ab81ae26379ad", "Is Static": true, "Numeric Consts": [32, 0, 3, 4, 6, 7, 138, 1, 668, 10, 4294967295], "Strings": [], "Calls": [], "Unknown Functions": [], "Unknown Globals": [], "Code Block Sizes": [14, 13, 11, 9, 8, 6, 6, 5, 5, 3, 3, 3, 3, 3, 3, 3, 3, 3, 2, 2, 2, 1, 1], "Call Order": {}}, {"Function Name": "send_tree", "Instruction Count": 823, "Stack Frame Size": 108, "Hash": "99a8a087c371acd842c19063f8f556ba", "Is Static": true, "Numeric Consts": [96, 0, 2, 3, 4, 6, 7, 8, 138, 11, 16, 1, 668, 10, 4294967295], "Strings": [], "Calls": [], "Unknown Functions": [], "Unknown Globals": [], "Code Block Sizes": [64, 64, 62, 62, 62, 61, 61, 61, 23, 23, 22, 22, 21, 21, 21, 21, 14, 14, 12, 12, 10, 10, 10, 7, 7, 7, 5, 5, 3, 3, 3, 3, 3, 3, 3, 3, 3, 2, 2, 2, 2, 1, 1, 1, 1], "Call Order": {}}, {"Function Name": "build_bl_tree", "Instruction Count": 58, "Stack Frame Size": 32, "Hash": "3390cc3654951315e7ff897ae5957771", "Is Static": true, "Numeric Consts": [1, 2, 2440, 12, 16, 8, 18, 148, 24, 668, 2864], "Strings": [], "Calls": ["scan_tree", "build_tree"], "Unknown Functions": [], "Unknown Globals": [], "Code Block Sizes": [30, 14, 9, 2, 1, 1, 1], "Call Order": {"scan_tree": [[], []], "build_tree": [["scan_tree"]]}}, {"Function Name": "send_all_trees", "Instruction Count": 399, "Stack Frame Size": 60, "Hash": "4100ba11c074af92a0d7d291b15d3547", "Is Static": true, "Numeric Consts": [0, 1, 3, 4, 5, 257, 8, 12, 16, 2440, 148, 48, 668], "Strings": [], "Calls": ["send_tree"], "Unknown Functions": [], "Unknown Globals": [], "Code Block Sizes": [67, 61, 61, 61, 26, 22, 21, 21, 21, 11, 7, 7, 7, 3, 2, 1], "Call Order": {"send_tree": [[], []]}}, {"Function Name": "_tr_stored_block", "Instruction Count": 161, "Stack Frame Size": 32, "Hash": "5403711af0f51779c951ec53270010fb", "Is Static": false, "Numeric Consts": [3, 4, 8, 12, 16, 20], "Strings": [], "Calls": ["bi_windup"], "Unknown Functions": ["memcpy"], "Unknown Globals": [], "Code Block Sizes": [70, 60, 20, 11], "Call Order": {"bi_windup": [[]], "memcpy": [["bi_windup"]]}}, {"Function Name": "_tr_flush_bits", "Instruction Count": 10, "Stack Frame Size": 16, "Hash": "ef405641c329b7b6cbb98d37c309340e", "Is Static": false, "Numeric Consts": [8, 16, 12], "Strings": [], "Calls": ["bi_flush"], "Unknown Functions": [], "Unknown Globals": [], "Code Block Sizes": [10], "Call Order": {"bi_flush": [[]]}}, {"Function Name": "_tr_align", "Instruction Count": 187, "Stack Frame Size": 32, "Hash": "5a6e2b30dedd3caba66b26d7f292d9ce", "Is Static": false, "Numeric Consts": [0, 2, 3, 7, 8, 12, 16, 20], "Strings": [], "Calls": ["bi_flush"], "Unknown Functions": [], "Unknown Globals": [], "Code Block Sizes": [61, 59, 20, 19, 11, 9, 8], "Call Order": {"bi_flush": [[]]}}, {"Function Name": "_tr_flush_block", "Instruction Count": 304, "Stack Frame Size": 48, "Hash": "7b79aff5a377181f04a3d79a169bd1e1", "Is Static": false, "Numeric Consts": [0, 1, 2, 3, 36, 5, 8, 10, 12, 16, 148, 2840, 2852, 4], "Strings": [], "Calls": ["bi_windup", "compress_block", "build_tree", "_tr_stored_block", "init_block", "detect_data_type", "build_bl_tree", "send_all_trees"], "Unknown Functions": [], "Unknown Globals": [], "Code Block Sizes": [61, 61, 32, 24, 21, 21, 9, 7, 7, 7, 7, 7, 6, 5, 5, 4, 4, 4, 4, 3, 3, 2], "Call Order": {"bi_windup": [["init_block", "compress_block", "build_tree", "_tr_stored_block", "detect_data_type", "build_bl_tree", "send_all_trees"]], "compress_block": [["build_bl_tree", "build_tree", "detect_data_type"], ["build_bl_tree", "send_all_trees", "build_tree", "detect_data_type"]], "build_tree": [["detect_data_type"], ["detect_data_type"]], "_tr_stored_block": [["build_bl_tree", "build_tree", "detect_data_type"]], "init_block": [["compress_block", "build_tree", "_tr_stored_block", "detect_data_type", "build_bl_tree", "send_all_trees"]], "detect_data_type": [[]], "build_bl_tree": [["build_tree", "detect_data_type"]], "send_all_trees": [["build_bl_tree", "build_tree", "detect_data_type"]]}}, {"Function Name": "_tr_tally", "Instruction Count": 81, "Stack Frame Size": 12, "Hash": "0326bf8897dd6a1ec887a002b72ceb5f", "Is Static": false, "Numeric Consts": [0, 1, 36, 257, 7, 256, 608, 255], "Strings": [], "Calls": [], "Unknown Functions": [], "Unknown Globals": [], "Code Block Sizes": [23, 20, 11, 10, 7, 5, 5], "Call Order": {}}, {"Function Name": "compress_block", "Instruction Count": 654, "Stack Frame Size": 92, "Hash": "f2be094ca665b8c62cad292ea16dd410", "Is Static": true, "Numeric Consts": [0, 257, 1, 1024, 7, 8, 80, 256, 16, 255], "Strings": [], "Calls": [], "Unknown Functions": [], "Unknown Globals": [], "Code Block Sizes": [66, 65, 65, 63, 60, 60, 25, 25, 24, 22, 20, 20, 19, 19, 14, 13, 11, 11, 11, 9, 5, 5, 5, 5, 5, 4, 3], "Call Order": {}}, {"Function Name": "detect_data_type", "Instruction Count": 52, "Stack Frame Size": 24, "Hash": "b94bad100654e31cbc41f13c0323e0db", "Is Static": true, "Numeric Consts": [0, 1, 36, 32, 31, 16, 4093624447, 255], "Strings": [], "Calls": [], "Unknown Functions": [], "Unknown Globals": [], "Code Block Sizes": [6, 6, 6, 4, 4, 4, 4, 2, 2, 2, 2, 2, 2, 2, 2, 1, 1], "Call Order": {}}, {"Function Name": "bi_reverse", "Instruction Count": 17, "Stack Frame Size": 12, "Hash": "3e73d96bb2bf4bac9e6db146a6914c7e", "Is Static": true, "Numeric Consts": [0, 1], "Strings": [], "Calls": [], "Unknown Functions": [], "Unknown Globals": [], "Code Block Sizes": [8, 5, 4], "Call Order": {}}, {"Function Name": "bi_flush", "Instruction Count": 65, "Stack Frame Size": 12, "Hash": "df38321c7914b1f40fa2dae56d64b593", "Is Static": true, "Numeric Consts": [16, 8, 0, 7], "Strings": [], "Calls": [], "Unknown Functions": [], "Unknown Globals": [], "Code Block Sizes": [28, 22, 7, 4, 4], "Call Order": {}}, {"Function Name": "bi_windup", "Instruction Count": 54, "Stack Frame Size": 12, "Hash": "ba5146b7caf2d0bb8ea599620f4f0572", "Is Static": true, "Numeric Consts": [8, 0], "Strings": [], "Calls": [], "Unknown Functions": [], "Unknown Globals": [], "Code Block Sizes": [24, 11, 7, 7, 4, 1], "Call Order": {}}], "gzlib.o": [{"Function Name": "gz_reset", "Instruction Count": 30, "Stack Frame Size": 16, "Hash": "8228c89734b3b72fa74d2883fbd97dc7", "Is Static": true, "Numeric Consts": [8, 0, 4, 16, 7247], "Strings": [], "Calls": ["gz_error"], "Unknown Functions": [], "Unknown Globals": [], "Code Block Sizes": [15, 9, 6], "Call Order": {"gz_error": [[]]}}, {"Function Name": "gz_open", "Instruction Count": 251, "Stack Frame Size": 48, "Hash": "ffc57f1229e40fc4d0b1896644fbbf2e", "Is Static": true, "Numeric Consts": [0, 8192, 2, 3, 4, 524288, 1, 140, 16, 512, 65, 40, 43, 47, 31153, 438, 57, 1024, 193, 12, 77, 7247, 4294967295], "Strings": [], "Calls": ["gz_reset"], "Unknown Functions": ["lseek", "malloc", "snprintf", "strlen", "free", "open"], "Unknown Globals": [], "Code Block Sizes": [18, 15, 15, 12, 12, 10, 7, 7, 7, 7, 6, 6, 6, 6, 6, 6, 5, 4, 4, 4, 4, 4, 4, 4, 4, 4, 4, 4, 3, 3, 3, 3, 3, 3, 3, 3, 2, 2, 2, 2, 2, 2, 2, 2, 2, 2, 2, 2, 2, 1, 1, 1, 1, 1, 1], "Call Order": {"lseek": [["open", "malloc", "strlen", "snprintf"], ["open", "malloc", "strlen", "snprintf"]], "malloc": [["strlen"], []], "snprintf": [["malloc", "strlen"]], "strlen": [["malloc"]], "gz_reset": [["open", "lseek", "malloc", "strlen", "snprintf"]], "free": [["malloc"], ["malloc", "strlen"], ["open", "malloc", "strlen", "snprintf"], ["malloc"], ["malloc"], ["open", "malloc", "strlen", "snprintf"]], "open": [["malloc", "strlen", "snprintf"]]}}, {"Function Name": "gzopen", "Instruction Count": 11, "Stack Frame Size": 16, "Hash": "6bc7b6f719b3462c5d84b2ff04c2169d", "Is Static": false, "Numeric Consts": [8, 16, 4, 4294967295], "Strings": [], "Calls": ["gz_open"], "Unknown Functions": [], "Unknown Globals": [], "Code Block Sizes": [11], "Call Order": {"gz_open": [[]]}}, {"Function Name": "gzopen64", "Instruction Count": 11, "Stack Frame Size": 16, "Hash": "4b319288e6845aa13240d75edd9ba4f9", "Is Static": false, "Numeric Consts": [8, 16, 4, 4294967295], "Strings": [], "Calls": ["gz_open"], "Unknown Functions": [], "Unknown Globals": [], "Code Block Sizes": [11], "Call Order": {"gz_open": [[]]}}, {"Function Name": "gzdopen", "Instruction Count": 34, "Stack Frame Size": 32, "Hash": "9403b43a191a5facac494c50e595d6cc", "Is Static": false, "Numeric Consts": [0, 4, 12, 16, 19, 24, 4294967295], "Strings": ["<fd:%d>"], "Calls": ["gz_open"], "Unknown Functions": ["malloc", "free", "snprintf"], "Unknown Globals": [], "Code Block Sizes": [18, 7, 5, 2, 2], "Call Order": {"snprintf": [["malloc"]], "malloc": [[]], "gz_open": [["malloc", "snprintf"]], "free": [["malloc", "gz_open", "snprintf"]]}}, {"Function Name": "gzbuffer", "Instruction Count": 40, "Stack Frame Size": 24, "Hash": "c593d491ec96900ad49f210599058e2c", "Is Static": false, "Numeric Consts": [0, 1, 2, 7247, 16, 31153, 4294967295], "Strings": [], "Calls": [], "Unknown Functions": [], "Unknown Globals": [], "Code Block Sizes": [6, 5, 4, 4, 4, 4, 2, 2, 2, 2, 2, 2, 1], "Call Order": {}}, {"Function Name": "gzrewind", "Instruction Count": 44, "Stack Frame Size": 32, "Hash": "3d564b0cefc538aeb2df38b4a93dacfe", "Is Static": false, "Numeric Consts": [0, 4, 12, 7247, 16, 24, 4294967291, 4294967295], "Strings": [], "Calls": ["gz_reset"], "Unknown Functions": ["lseek"], "Unknown Globals": [], "Code Block Sizes": [12, 6, 5, 5, 4, 4, 2, 2, 2, 2], "Call Order": {"lseek": [[]], "gz_reset": [["lseek"]]}}, {"Function Name": "gzseek64", "Instruction Count": 184, "Stack Frame Size": 32, "Hash": "6df79f99714fd7f5663f7e5d8cfbd9e7", "Is Static": false, "Numeric Consts": [0, 1, 4, 12, 7247, 16, 31153, 24, 4294967291, 4294967295], "Strings": [], "Calls": ["gz_error", "gzrewind"], "Unknown Functions": ["lseek"], "Unknown Globals": [], "Code Block Sizes": [25, 24, 17, 6, 6, 6, 6, 5, 5, 5, 4, 4, 4, 4, 4, 4, 4, 4, 4, 4, 4, 3, 3, 2, 2, 2, 2, 2, 2, 2, 2, 2, 2, 2, 2, 2, 2, 1], "Call Order": {"gz_error": [["lseek"]], "lseek": [[]], "gzrewind": [[]]}}, {"Function Name": "gzseek", "Instruction Count": 13, "Stack Frame Size": 32, "Hash": "48c9c7c49e5d0cabcfc8b2867986880d", "Is Static": false, "Numeric Consts": [24, 16, 4], "Strings": [], "Calls": ["gzseek64"], "Unknown Functions": [], "Unknown Globals": [], "Code Block Sizes": [13], "Call Order": {"gzseek64": [[]]}}, {"Function Name": "gztell64", "Instruction Count": 32, "Stack Frame Size": 24, "Hash": "3b6a15951f29ec6aa53c0c3e7059b356", "Is Static": false, "Numeric Consts": [16, 0, 7247, 4294967295, 31153], "Strings": [], "Calls": [], "Unknown Functions": [], "Unknown Globals": [], "Code Block Sizes": [6, 6, 5, 4, 3, 2, 2, 2, 1, 1], "Call Order": {}}, {"Function Name": "gztell", "Instruction Count": 10, "Stack Frame Size": 24, "Hash": "0cc18bd7ee28aadd78bf17132648b717", "Is Static": false, "Numeric Consts": [16, 4], "Strings": [], "Calls": ["gztell64"], "Unknown Functions": [], "Unknown Globals": [], "Code Block Sizes": [10], "Call Order": {"gztell64": [[]]}}, {"Function Name": "gzoffset64", "Instruction Count": 45, "Stack Frame Size": 32, "Hash": "e2785793dc1bbf57278cfcf5c98169bc", "Is Static": false, "Numeric Consts": [0, 1, 4, 7247, 16, 31153, 24, 4294967295], "Strings": [], "Calls": [], "Unknown Functions": ["lseek"], "Unknown Globals": [], "Code Block Sizes": [11, 6, 6, 5, 4, 4, 2, 2, 2, 2, 1], "Call Order": {"lseek": [[]]}}, {"Function Name": "gzoffset", "Instruction Count": 11, "Stack Frame Size": 32, "Hash": "49c1302dfff50bb021916fbd13829630", "Is Static": false, "Numeric Consts": [24, 16, 12], "Strings": [], "Calls": ["gzoffset64"], "Unknown Functions": [], "Unknown Globals": [], "Code Block Sizes": [11], "Call Order": {"gzoffset64": [[]]}}, {"Function Name": "gzeof", "Instruction Count": 30, "Stack Frame Size": 24, "Hash": "258c8651d3e3b3e1615f76c99e9d6a93", "Is Static": false, "Numeric Consts": [16, 0, 7247, 31153], "Strings": [], "Calls": [], "Unknown Functions": [], "Unknown Globals": [], "Code Block Sizes": [6, 5, 4, 4, 3, 2, 2, 2, 1, 1], "Call Order": {}}, {"Function Name": "gzerror", "Instruction Count": 42, "Stack Frame Size": 24, "Hash": "39080506917a7048d82cd3b88f732454", "Is Static": false, "Numeric Consts": [16, 0, 7247, 4294967292, 31153], "Strings": ["out of memory"], "Calls": [], "Unknown Functions": [], "Unknown Globals": [], "Code Block Sizes": [6, 5, 4, 4, 4, 4, 3, 2, 2, 2, 2, 2, 1, 1], "Call Order": {}}, {"Function Name": "gzclearerr", "Instruction Count": 35, "Stack Frame Size": 32, "Hash": "a069bda10c9e02fa7a604cdbfc3e6e11", "Is Static": false, "Numeric Consts": [0, 4, 7247, 16, 31153, 24], "Strings": [], "Calls": ["gz_error"], "Unknown Functions": [], "Unknown Globals": [], "Code Block Sizes": [7, 6, 5, 4, 4, 4, 2, 2, 1], "Call Order": {"gz_error": [[]]}}, {"Function Name": "gz_error", "Instruction Count": 95, "Stack Frame Size": 16, "Hash": "296c0e7535b4d9532c3cfbcd5060a3d1", "Is Static": false, "Numeric Consts": [0, 32, 3, 8, 12, 16, 4294967291, 4294967292], "Strings": ["%s%s%s"], "Calls": [], "Unknown Functions": ["malloc", "strlen", "free", "snprintf"], "Unknown Globals": [], "Code Block Sizes": [27, 24, 8, 6, 5, 4, 4, 3, 2, 2, 2, 2, 2, 2, 1, 1], "Call Order": {"malloc": [["strlen", "free"]], "strlen": [["free"], ["malloc", "free"], ["free"], ["malloc", "free"]], "free": [[]], "snprintf": [["malloc", "strlen", "free"]]}}], "inffast.o": [{"Function Name": "inflate_fast", "Instruction Count": 620, "Stack Frame Size": 108, "Hash": "ec989fa21446a8fffe3fb7e0de59fe3b", "Is Static": false, "Numeric Consts": [96, 1, 2, 3, 5, 0, 32, 8, 64, 257, 14, 15, 16, 16209, 16191], "Strings": ["invalid distance code", "invalid distance too far back", "invalid literal/length code"], "Calls": [], "Unknown Functions": [], "Unknown Globals": [], "Code Block Sizes": [72, 27, 25, 25, 22, 22, 21, 16, 16, 15, 14, 13, 13, 12, 11, 11, 11, 11, 11, 11, 10, 10, 10, 9, 9, 8, 8, 7, 7, 7, 7, 7, 7, 7, 7, 6, 6, 6, 6, 6, 6, 5, 5, 5, 5, 5, 4, 4, 4, 4, 4, 4, 4, 3, 3, 3, 3, 3, 2, 2, 2, 2, 2, 2, 2, 2, 1], "Call Order": {}}], "inftrees.o": [{"Function Name": "inflate_table", "Instruction Count": 465, "Stack Frame Size": 176, "Hash": "fd13288d9954f17bb598d0c9235a6cb7", "Is Static": false, "Numeric Consts": [0, 64, 2, 1, 168, 96, 257, 14, 15, 592, 20, 852, 4294967295], "Strings": [], "Calls": [], "Unknown Functions": ["__stack_chk_fail"], "Unknown Globals": [], "Code Block Sizes": [30, 25, 22, 21, 16, 15, 15, 15, 15, 14, 13, 12, 11, 10, 10, 9, 8, 8, 8, 8, 8, 7, 7, 6, 6, 5, 5, 4, 4, 4, 4, 4, 3, 3, 3, 3, 3, 3, 3, 3, 3, 3, 3, 3, 3, 3, 2, 2, 2, 2, 2, 2, 2, 2, 2, 2, 2, 2, 2, 2, 2, 2, 2, 2, 2, 2, 2, 2, 2, 2, 2, 2, 2, 2, 2, 1, 1, 1, 1, 1, 1, 1, 1, 1, 1, 1, 1, 1, 1, 1, 1], "Call Order": {"__stack_chk_fail": [[]]}}], "inflate.o": [{"Function Name": "inflateStateCheck", "Instruction Count": 37, "Stack Frame Size": 24, "Hash": "57741b7a0bb441a96858d37f4abdd21d", "Is Static": true, "Numeric Consts": [16, 0, 16211, 16179, 1], "Strings": [], "Calls": [], "Unknown Functions": [], "Unknown Globals": [], "Code Block Sizes": [5, 5, 4, 4, 4, 4, 4, 2, 2, 2, 1], "Call Order": {}}, {"Function Name": "inflateResetKeep", "Instruction Count": 68, "Stack Frame Size": 24, "Hash": "177a8fedc8849cac49b985879c744eca", "Is Static": false, "Numeric Consts": [0, 1, 4, 32768, 16, 16180, 4294967294, 4294967295], "Strings": [], "Calls": ["inflateStateCheck"], "Unknown Functions": [], "Unknown Globals": [], "Code Block Sizes": [31, 19, 8, 6, 2, 2], "Call Order": {"inflateStateCheck": [[]]}}, {"Function Name": "inflateReset", "Instruction Count": 24, "Stack Frame Size": 24, "Hash": "4d89450642dc9342239fee0fc7b0d409", "Is Static": false, "Numeric Consts": [16, 0, 4, 4294967294], "Strings": [], "Calls": ["inflateStateCheck", "inflateResetKeep"], "Unknown Functions": [], "Unknown Globals": [], "Code Block Sizes": [12, 8, 2, 2], "Call Order": {"inflateResetKeep": [["inflateStateCheck"]], "inflateStateCheck": [[]]}}, {"Function Name": "inflateReset2", "Instruction Count": 67, "Stack Frame Size": 32, "Hash": "1470f6916b1187f874a36094f17db2c9", "Is Static": false, "Numeric Consts": [0, 4, 5, 7, 8, 12, 47, 16, 24, 15, 4294967294], "Strings": [], "Calls": ["inflateStateCheck", "inflateReset"], "Unknown Functions": [], "Unknown Globals": [], "Code Block Sizes": [13, 10, 8, 6, 5, 5, 4, 3, 2, 2, 2, 2, 2, 2, 1], "Call Order": {"inflateStateCheck": [[]], "inflateReset": [["inflateStateCheck"]]}}, {"Function Name": "inflateInit2_", "Instruction Count": 81, "Stack Frame Size": 32, "Hash": "2fa2117780659b73ebf93fc43af86b52", "Is Static": false, "Numeric Consts": [0, 1, 4, 8, 16, 49, 16180, 24, 56, 4294967290, 7120, 4294967292, 4294967294], "Strings": [], "Calls": ["inflateReset2", "zcalloc", "zcfree"], "Unknown Functions": [], "Unknown Globals": [], "Code Block Sizes": [18, 13, 11, 6, 5, 5, 4, 4, 2, 2, 2, 2, 2, 2, 2, 1], "Call Order": {"inflateReset2": [[]]}}, {"Function Name": "inflateInit_", "Instruction Count": 11, "Stack Frame Size": 16, "Hash": "7cc8747fc69269e7f36e05567ef4f857", "Is Static": false, "Numeric Consts": [8, 16, 15], "Strings": [], "Calls": ["inflateInit2_"], "Unknown Functions": [], "Unknown Globals": [], "Code Block Sizes": [11], "Call Order": {"inflateInit2_": [[]]}}, {"Function Name": "inflatePrime", "Instruction Count": 60, "Stack Frame Size": 28, "Hash": "d6b179e3097ed8368e1554f635834052", "Is Static": false, "Numeric Consts": [0, 1, 4, 32, 16, 4294967294], "Strings": [], "Calls": ["inflateStateCheck"], "Unknown Functions": [], "Unknown Globals": [], "Code Block Sizes": [25, 9, 6, 6, 5, 3, 2, 2, 2], "Call Order": {"inflateStateCheck": [[]]}}, {"Function Name": "fixedtables", "Instruction Count": 13, "Stack Frame Size": 8, "Hash": "b69b1294a904ea0ffb8409fa86ed78fa", "Is Static": true, "Numeric Consts": [9, 5], "Strings": [], "Calls": [], "Unknown Functions": [], "Unknown Globals": [], "Code Block Sizes": [13], "Call Order": {}}, {"Function Name": "updatewindow", "Instruction Count": 161, "Stack Frame Size": 32, "Hash": "c3248e4fa6715ce683a1d10896451429", "Is Static": true, "Numeric Consts": [16, 1, 20, 4, 0], "Strings": [], "Calls": [], "Unknown Functions": ["memcpy"], "Unknown Globals": [], "Code Block Sizes": [23, 23, 21, 20, 12, 11, 11, 10, 6, 6, 4, 4, 3, 2, 2, 2, 1], "Call Order": {"memcpy": [[], [], []]}}, {"Function Name": "inflate", "Instruction Count": 2539, "Stack Frame Size": 128, "Hash": "014217dcdef3473f32cbebdada182888", "Is Static": false, "Numeric Consts": [0, 57344, 2, 3, 4, 138547333, 4096, 1, 8, 9, 128, 11, 12, 13, 256, 15, 16, 17, 18, 19, 512, 24, 286, 5, 32, 6, 1024, 31, 7, 257, 16180, 30, 16182, 16183, 56, 16185, 16186, 35615, 16188, 16189, 16190, 16181, 64, 16193, 16194, 16195, 16196, 16197, 16198, 16199, 16200, 16201, 16202, 16203, 16204, 16205, 16206, 16207, 16208, 16184, 16210, 65535, 2048, 4294967291, 16209, 16187, 108, 4294967295, 16192, 240, 116, 4294967294, 4294967288, 16191, 4294967292, 4294967293, 65280, 127], "Strings": ["unknown header flags set", "invalid literal/lengths set", "incorrect data check", "too many length or distance symbols", "invalid stored block lengths", "unknown compression method", "incorrect header check", "header crc mismatch", "invalid code lengths set", "invalid literal/length code", "invalid distances set", "invalid window size", "invalid distance too far back", "invalid distance code", "incorrect length check", "invalid code -- missing end-of-block", "invalid bit length repeat", "invalid block type"], "Calls": ["inflateStateCheck", "adler32", "fixedtables", "updatewindow", "inflate_table", "crc32", "inflate_fast"], "Unknown Functions": ["__stack_chk_fail", "memcpy"], "Unknown Globals": [], "Code Block Sizes": [45, 33, 33, 32, 32, 31, 30, 29, 29, 29, 25, 24, 23, 23, 23, 22, 21, 21, 21, 20, 19, 19, 18, 18, 18, 17, 17, 17, 17, 16, 16, 16, 15, 15, 15, 15, 15, 15, 15, 15, 15, 14, 14, 14, 14, 13, 13, 13, 13, 13, 12, 12, 12, 12, 12, 12, 12, 12, 12, 12, 12, 12, 12, 12, 12, 12, 12, 12, 12, 12, 12, 11, 11, 11, 11, 11, 11, 11, 11, 11, 11, 11, 10, 10, 10, 10, 10, 10, 10, 10, 10, 9, 8, 8, 8, 8, 8, 8, 7, 7, 7, 7, 7, 7, 7, 7, 7, 6, 6, 6, 6, 6, 6, 6, 6, 6, 6, 6, 6, 5, 5, 5, 5, 5, 5, 5, 5, 5, 5, 5, 5, 5, 5, 5, 5, 5, 5, 5, 5, 5, 5, 5, 5, 5, 5, 5, 5, 5, 5, 5, 5, 5, 5, 5, 5, 5, 5, 5, 5, 5, 5, 5, 5, 5, 5, 5, 5, 5, 5, 5, 5, 5, 5, 5, 5, 5, 5, 5, 5, 5, 5, 5, 5, 5, 5, 4, 4, 4, 4, 4, 4, 4, 4, 4, 4, 4, 4, 4, 4, 4, 4, 4, 4, 4, 4, 4, 4, 4, 4, 4, 4, 4, 4, 4, 4, 4, 4, 4, 4, 4, 4, 4, 4, 4, 4, 4, 4, 4, 4, 4, 4, 4, 4, 4, 4, 4, 4, 3, 3, 3, 3, 3, 3, 3, 3, 3, 3, 3, 3, 3, 3, 3, 3, 3, 3, 3, 3, 3, 3, 3, 2, 2, 2, 2, 2, 2, 2, 2, 2, 2, 2, 2, 2, 2, 2, 2, 2, 2, 2, 2, 2, 2, 2, 2, 2, 2, 2, 2, 2, 2, 2, 2, 2, 2, 2, 2, 2, 2, 2, 2, 2, 2, 2, 2, 2, 2, 2, 2, 2, 2, 2, 2, 2, 2, 2, 2, 2, 2, 2, 2, 2, 2, 2, 2, 2, 2, 2, 2, 2, 2, 2, 2, 2, 2, 2, 2, 2, 2, 2, 2, 2, 2, 2, 2, 2, 2, 2, 2, 2, 2, 2, 2, 2, 2, 2, 2, 2, 2, 2, 2, 2, 2, 2, 2, 2, 2, 2, 2, 2, 2, 2, 2, 2, 2, 2, 2, 2, 2, 2, 2, 1, 1, 1, 1, 1, 1, 1, 1, 1, 1, 1, 1, 1, 1, 1, 1, 1, 1, 1, 1, 1, 1, 1, 1, 1, 1, 1], "Call Order": {"inflateStateCheck": [[]], "adler32": [["inflateStateCheck", "fixedtables", "inflate_table", "crc32", "memcpy", "inflate_fast"], ["inflateStateCheck", "fixedtables", "inflate_table", "crc32", "memcpy", "inflate_fast"], ["inflateStateCheck", "fixedtables", "inflate_table", "crc32", "memcpy", "inflate_fast"], ["inflateStateCheck", "fixedtables", "updatewindow", "inflate_table", "crc32", "memcpy", "inflate_fast"]], "fixedtables": [["inflateStateCheck", "adler32", "inflate_table", "crc32", "memcpy", "inflate_fast"]], "updatewindow": [["inflateStateCheck", "adler32", "fixedtables", "inflate_table", "crc32", "memcpy", "inflate_fast"]], "inflate_table": [["inflateStateCheck", "adler32", "fixedtables", "crc32", "memcpy", "inflate_fast"], ["inflateStateCheck", "adler32", "fixedtables", "crc32", "memcpy", "inflate_fast"], ["inflateStateCheck", "adler32", "fixedtables", "crc32", "memcpy", "inflate_fast"]], "__stack_chk_fail": [["inflateStateCheck", "adler32", "fixedtables", "updatewindow", "inflate_table", "crc32", "memcpy", "inflate_fast"]], "crc32": [["inflateStateCheck", "adler32", "fixedtables", "inflate_table", "memcpy", "inflate_fast"], ["inflateStateCheck", "adler32", "fixedtables", "inflate_table", "memcpy", "inflate_fast"], ["inflateStateCheck", "adler32", "fixedtables", "updatewindow", "inflate_table", "memcpy", "inflate_fast"], ["inflateStateCheck", "adler32", "fixedtables", "inflate_table", "memcpy", "inflate_fast"], ["inflateStateCheck", "adler32", "fixedtables", "inflate_table", "memcpy", "inflate_fast"], ["inflateStateCheck", "adler32", "fixedtables", "inflate_table", "memcpy", "inflate_fast"], ["inflateStateCheck", "adler32", "fixedtables", "inflate_table", "memcpy", "inflate_fast"], ["inflateStateCheck", "adler32", "fixedtables", "inflate_table", "memcpy", "inflate_fast"], ["inflateStateCheck", "adler32", "fixedtables", "inflate_table", "memcpy", "inflate_fast"], ["inflateStateCheck", "adler32", "fixedtables", "inflate_table", "memcpy", "inflate_fast"], ["inflateStateCheck", "adler32", "fixedtables", "inflate_table", "memcpy", "inflate_fast"], ["inflateStateCheck", "adler32", "fixedtables", "inflate_table", "memcpy", "inflate_fast"]], "memcpy": [["inflateStateCheck", "adler32", "fixedtables", "inflate_table", "crc32", "inflate_fast"], ["inflateStateCheck", "adler32", "fixedtables", "inflate_table", "crc32", "inflate_fast"]], "inflate_fast": [["inflateStateCheck", "adler32", "fixedtables", "inflate_table", "crc32", "memcpy"]]}}, {"Function Name": "inflateEnd", "Instruction Count": 44, "Stack Frame Size": 32, "Hash": "afbb25c5a9cadee534fe74e53883e55d", "Is Static": false, "Numeric Consts": [0, 4, 8, 16, 24, 4294967294], "Strings": [], "Calls": ["inflateStateCheck"], "Unknown Functions": [], "Unknown Globals": [], "Code Block Sizes": [14, 11, 8, 7, 2, 2], "Call Order": {"inflateStateCheck": [[]]}}, {"Function Name": "inflateGetDictionary", "Instruction Count": 63, "Stack Frame Size": 32, "Hash": "e38a2dd1d89c310bdb22737d2599074c", "Is Static": false, "Numeric Consts": [0, 20, 4, 4294967294, 16], "Strings": [], "Calls": ["inflateStateCheck"], "Unknown Functions": ["memcpy"], "Unknown Globals": [], "Code Block Sizes": [33, 9, 7, 4, 3, 2, 2, 2, 1], "Call Order": {"inflateStateCheck": [[]], "memcpy": [["inflateStateCheck"], ["inflateStateCheck"]]}}, {"Function Name": "inflateSetDictionary", "Instruction Count": 68, "Stack Frame Size": 32, "Hash": "707a5e1f71f8917976b4e10a399a8ca4", "Is Static": false, "Numeric Consts": [0, 1, 4, 16, 16210, 16190, 24, 4294967292, 4294967293, 4294967294], "Strings": [], "Calls": ["inflateStateCheck", "adler32", "updatewindow"], "Unknown Functions": [], "Unknown Globals": [], "Code Block Sizes": [18, 12, 8, 7, 4, 4, 4, 3, 2, 2, 2, 2], "Call Order": {"inflateStateCheck": [[]], "adler32": [["inflateStateCheck"], ["inflateStateCheck"]], "updatewindow": [["inflateStateCheck", "adler32"]]}}, {"Function Name": "inflateGetHeader", "Instruction Count": 28, "Stack Frame Size": 24, "Hash": "0e3bfe702f6797c35aa45813812be22c", "Is Static": false, "Numeric Consts": [16, 0, 2, 4, 4294967294], "Strings": [], "Calls": ["inflateStateCheck"], "Unknown Functions": [], "Unknown Globals": [], "Code Block Sizes": [8, 8, 6, 2, 2, 2], "Call Order": {"inflateStateCheck": [[]]}}, {"Function Name": "syncsearch", "Instruction Count": 45, "Stack Frame Size": 24, "Hash": "2e24d105165eefeec0446f990e1022b9", "Is Static": true, "Numeric Consts": [0, 1, 3, 4, 16, 255], "Strings": [], "Calls": [], "Unknown Functions": [], "Unknown Globals": [], "Code Block Sizes": [8, 7, 6, 6, 3, 3, 2, 2, 2, 2, 2, 1, 1], "Call Order": {}}, {"Function Name": "inflateSync", "Instruction Count": 142, "Stack Frame Size": 64, "Hash": "3a17d1040d27278a69f1cbc85b054861", "Is Static": false, "Numeric Consts": [0, 4, 7, 8, 108, 12, 56, 16211, 4294967288, 4294967291, 4294967293, 4294967294, 16191], "Strings": [], "Calls": ["inflateStateCheck", "syncsearch", "inflateReset"], "Unknown Functions": ["__stack_chk_fail"], "Unknown Globals": [], "Code Block Sizes": [34, 19, 18, 17, 13, 10, 7, 4, 4, 4, 3, 2, 2, 2, 2, 1], "Call Order": {"inflateStateCheck": [[]], "syncsearch": [["inflateStateCheck"], ["inflateStateCheck"]], "inflateReset": [["inflateStateCheck", "syncsearch"]], "__stack_chk_fail": [["inflateStateCheck", "syncsearch", "inflateReset"]]}}, {"Function Name": "inflateSyncPoint", "Instruction Count": 27, "Stack Frame Size": 24, "Hash": "4d24696fbb74df877e9e5ceb6ba2847e", "Is Static": false, "Numeric Consts": [0, 16193, 4, 1, 16, 4294967294], "Strings": [], "Calls": ["inflateStateCheck"], "Unknown Functions": [], "Unknown Globals": [], "Code Block Sizes": [8, 7, 4, 2, 2, 2, 1, 1], "Call Order": {"inflateStateCheck": [[]]}}, {"Function Name": "inflateCopy", "Instruction Count": 157, "Stack Frame Size": 32, "Hash": "4e259441bfe71597adcd09e1e004bb7b", "Is Static": false, "Numeric Consts": [0, 1, 4, 8, 5772, 16, 20, 56, 1332, 7120, 4294967292, 4294967294], "Strings": [], "Calls": ["inflateStateCheck"], "Unknown Functions": ["memcpy"], "Unknown Globals": [], "Code Block Sizes": [24, 21, 19, 16, 15, 14, 11, 9, 7, 7, 5, 3, 2, 2, 2], "Call Order": {"inflateStateCheck": [[]], "memcpy": [["inflateStateCheck"], ["inflateStateCheck"], ["inflateStateCheck"]]}}, {"Function Name": "inflateUndermine", "Instruction Count": 18, "Stack Frame Size": 24, "Hash": "10365ec15850e53c8c404e411d3ab22c", "Is Static": false, "Numeric Consts": [16, 1, 4, 4294967293, 4294967294], "Strings": [], "Calls": ["inflateStateCheck"], "Unknown Functions": [], "Unknown Globals": [], "Code Block Sizes": [8, 6, 2, 2], "Call Order": {"inflateStateCheck": [[]]}}, {"Function Name": "inflateValidate", "Instruction Count": 31, "Stack Frame Size": 24, "Hash": "4dd17d0d36b0595116759339acf84064", "Is Static": false, "Numeric Consts": [16, 0, 4294967291, 4, 4294967294], "Strings": [], "Calls": ["inflateStateCheck"], "Unknown Functions": [], "Unknown Globals": [], "Code Block Sizes": [8, 7, 6, 5, 2, 2, 1], "Call Order": {"inflateStateCheck": [[]]}}, {"Function Name": "inflateMark", "Instruction Count": 39, "Stack Frame Size": 24, "Hash": "5ba99db582e0853849b2fc64c5bd6ec2", "Is Static": false, "Numeric Consts": [4294901760, 0, 16195, 4, 16204, 16], "Strings": [], "Calls": ["inflateStateCheck"], "Unknown Functions": [], "Unknown Globals": [], "Code Block Sizes": [11, 8, 7, 4, 3, 2, 2, 1, 1], "Call Order": {"inflateStateCheck": [[]]}}, {"Function Name": "inflateCodesUsed", "Instruction Count": 23, "Stack Frame Size": 24, "Hash": "9aab62b83c7cbb740a00b63fbe2bde7b", "Is Static": false, "Numeric Consts": [16, 4, 2, 1332, 4294967295], "Strings": [], "Calls": ["inflateStateCheck"], "Unknown Functions": [], "Unknown Globals": [], "Code Block Sizes": [11, 8, 2, 1, 1], "Call Order": {"inflateStateCheck": [[]]}}], "compress.o": [{"Function Name": "compress2", "Instruction Count": 91, "Stack Frame Size": 112, "Hash": "d8b0a5b0cf959781c06f9e22ee83b434", "Is Static": false, "Numeric Consts": [0, 1, 4, 104, 12, 16, 8, 56, 4294967295], "Strings": ["1.2.11"], "Calls": ["deflateEnd", "deflateInit_", "deflate"], "Unknown Functions": ["__stack_chk_fail"], "Unknown Globals": [], "Code Block Sizes": [31, 10, 9, 6, 6, 6, 3, 3, 3, 2, 2, 2, 2, 2, 2, 1, 1], "Call Order": {"deflate": [["deflateInit_"]], "deflateEnd": [["deflateInit_", "deflate"]], "deflateInit_": [[]], "__stack_chk_fail": [["deflateEnd", "deflate", "deflateInit_"]]}}, {"Function Name": "compress", "Instruction Count": 13, "Stack Frame Size": 16, "Hash": "63acf3a649831d39fec497bf2fc4682f", "Is Static": false, "Numeric Consts": [8, 32, 12, 4294967295], "Strings": [], "Calls": ["compress2"], "Unknown Functions": [], "Unknown Globals": [], "Code Block Sizes": [13], "Call Order": {"compress2": [[]]}}, {"Function Name": "compressBound", "Instruction Count": 16, "Stack Frame Size": 8, "Hash": "4cb28e58d0ab10e8c097ba90eb87b0f6", "Is Static": false, "Numeric Consts": [25, 12, 13, 14], "Strings": [], "Calls": [], "Unknown Functions": [], "Unknown Globals": [], "Code Block Sizes": [15, 1], "Call Order": {}}], "gzwrite.o": [{"Function Name": "gz_init", "Instruction Count": 127, "Stack Frame Size": 32, "Hash": "878e109f495fb5b78214d61ed8294006", "Is Static": true, "Numeric Consts": [0, 32, 4, 8, 12, 16, 24, 84, 56, 4294967292, 4294967295, 31], "Strings": ["1.2.11", "out of memory"], "Calls": ["gz_error", "deflateInit2_"], "Unknown Functions": ["malloc", "free"], "Unknown Globals": [], "Code Block Sizes": [23, 20, 20, 14, 13, 12, 8, 8, 4, 2, 2, 1], "Call Order": {"gz_error": [["malloc"], ["malloc", "free"], ["malloc", "free", "deflateInit2_"]], "malloc": [[], []], "free": [["malloc", "deflateInit2_"], ["malloc", "deflateInit2_"], ["malloc"]], "deflateInit2_": [["malloc"]]}}, {"Function Name": "gz_comp", "Instruction Count": 185, "Stack Frame Size": 48, "Hash": "fe3292b9ac38528d11fc094b877d8635", "Is Static": true, "Numeric Consts": [1073741824, 0, 4, 1, 40, 12, 16, 8, 84, 4294967295, 4294967294], "Strings": ["internal error: deflate stream corrupt"], "Calls": ["gz_error", "deflateReset", "gz_init", "deflate"], "Unknown Functions": ["__errno_location", "strerror", "write"], "Unknown Globals": [], "Code Block Sizes": [23, 19, 14, 14, 12, 12, 11, 11, 8, 6, 6, 6, 5, 4, 4, 4, 4, 4, 2, 2, 2, 2, 2, 2, 2, 1, 1, 1, 1], "Call Order": {"deflateReset": [["write", "gz_init", "deflate"]], "gz_init": [[]], "__errno_location": [["write", "gz_init", "deflate"], ["write", "gz_init"]], "strerror": [["write", "gz_init", "__errno_location", "deflate"], ["write", "gz_init", "__errno_location"]], "deflate": [["write", "gz_init"]], "write": [["gz_init"], ["gz_init", "deflate"]], "gz_error": [["write", "gz_init", "__errno_location", "strerror", "deflate"], ["write", "gz_init", "__errno_location", "strerror"], ["write", "gz_init", "deflate"]]}}, {"Function Name": "gz_zero", "Instruction Count": 77, "Stack Frame Size": 32, "Hash": "badfc17674c7c6d59e52fc4916ac85f1", "Is Static": true, "Numeric Consts": [0, 1, 4, 8, 16, 84, 24, 4294967295], "Strings": [], "Calls": ["gz_comp"], "Unknown Functions": ["memset"], "Unknown Globals": [], "Code Block Sizes": [22, 10, 9, 7, 4, 4, 3, 3, 3, 2, 2, 2, 2, 2, 1, 1], "Call Order": {"gz_comp": [["memset"], []], "memset": [["gz_comp"]]}}, {"Function Name": "gz_write", "Instruction Count": 161, "Stack Frame Size": 32, "Hash": "0bebc8ff63926331f552a13409b916dd", "Is Static": true, "Numeric Consts": [0, 4, 8, 12, 16, 24, 4294967295], "Strings": [], "Calls": ["gz_comp", "gz_zero", "gz_init"], "Unknown Functions": ["memcpy"], "Unknown Globals": [], "Code Block Sizes": [30, 18, 18, 11, 7, 7, 7, 6, 4, 4, 4, 4, 4, 4, 4, 4, 3, 2, 2, 2, 2, 2, 2, 2, 2, 2, 2, 1, 1], "Call Order": {"gz_comp": [["gz_zero", "gz_init"], ["gz_zero", "gz_init", "memcpy"], ["gz_zero", "gz_init"]], "gz_zero": [["gz_init"]], "gz_init": [[]], "memcpy": [["gz_comp", "gz_zero", "gz_init"]]}}, {"Function Name": "gzwrite", "Instruction Count": 38, "Stack Frame Size": 32, "Hash": "dc0cbcd81d98b2d801944c81cff9568d", "Is Static": false, "Numeric Consts": [0, 4, 16, 31153, 24, 4294967293], "Strings": ["requested length does not fit in int"], "Calls": ["gz_error", "gz_write"], "Unknown Functions": [], "Unknown Globals": [], "Code Block Sizes": [8, 6, 6, 5, 4, 3, 2, 2, 2], "Call Order": {"gz_error": [[]], "gz_write": [[]]}}, {"Function Name": "gzfwrite", "Instruction Count": 52, "Stack Frame Size": 32, "Hash": "2c72fdc470bad16c81dcc23da49786de", "Is Static": false, "Numeric Consts": [0, 4, 16, 31153, 24, 4294967294], "Strings": ["request does not fit in a size_t"], "Calls": ["gz_error", "gz_write"], "Unknown Functions": [], "Unknown Globals": [], "Code Block Sizes": [9, 8, 6, 5, 5, 5, 4, 2, 2, 2, 2, 1, 1], "Call Order": {"gz_error": [[]], "gz_write": [[]]}}, {"Function Name": "gzputc", "Instruction Count": 111, "Stack Frame Size": 64, "Hash": "0762efb64046def9458ee8b40bcfc67b", "Is Static": false, "Numeric Consts": [0, 1, 4, 8, 16, 31153, 84, 56, 4294967295], "Strings": [], "Calls": ["gz_zero", "gz_write"], "Unknown Functions": ["__stack_chk_fail"], "Unknown Globals": [], "Code Block Sizes": [19, 15, 11, 11, 10, 9, 4, 4, 4, 4, 4, 3, 2, 2, 2, 2, 2, 2, 1], "Call Order": {"gz_write": [["gz_zero"]], "gz_zero": [[]], "__stack_chk_fail": [["gz_write", "gz_zero"]]}}, {"Function Name": "gzputs", "Instruction Count": 41, "Stack Frame Size": 32, "Hash": "bc57160d48cc5f3a3efce1fe38a1bb2f", "Is Static": false, "Numeric Consts": [0, 4, 12, 16, 31153, 24, 4294967295], "Strings": [], "Calls": ["gz_write"], "Unknown Functions": ["strlen"], "Unknown Globals": [], "Code Block Sizes": [14, 6, 5, 4, 2, 2, 2, 2, 2, 1, 1], "Call Order": {"gz_write": [["strlen"]], "strlen": [[]]}}, {"Function Name": "gzvprintf", "Instruction Count": 170, "Stack Frame Size": 48, "Hash": "04a261d9cc6b4fc7b851dd5177f7769d", "Is Static": false, "Numeric Consts": [0, 4, 40, 12, 16, 31153, 84, 4294967294, 8, 4294967295], "Strings": [], "Calls": ["gz_comp", "gz_zero", "gz_init"], "Unknown Functions": ["vsnprintf", "memcpy"], "Unknown Globals": [], "Code Block Sizes": [32, 20, 18, 18, 11, 9, 8, 6, 5, 5, 4, 4, 4, 4, 4, 3, 3, 3, 2, 2, 2, 2, 1], "Call Order": {"gz_comp": [["vsnprintf", "gz_zero", "gz_init"]], "vsnprintf": [["gz_zero", "gz_init"]], "gz_zero": [["gz_init"]], "gz_init": [[]], "memcpy": [["gz_comp", "vsnprintf", "gz_zero", "gz_init"]]}}, {"Function Name": "gzprintf", "Instruction Count": 27, "Stack Frame Size": 48, "Hash": "0848eb743cb4c1d38a942dee4918dac5", "Is Static": false, "Numeric Consts": [40, 16, 4], "Strings": [], "Calls": ["gzvprintf"], "Unknown Functions": ["__stack_chk_fail"], "Unknown Globals": [], "Code Block Sizes": [24, 2, 1], "Call Order": {"gzvprintf": [[]], "__stack_chk_fail": [["gzvprintf"]]}}, {"Function Name": "gzflush", "Instruction Count": 52, "Stack Frame Size": 32, "Hash": "cd3feb019d7c1cdca23a1f9e51b85146", "Is Static": false, "Numeric Consts": [0, 4, 8, 16, 31153, 4294967294, 24, 4294967295], "Strings": [], "Calls": ["gz_comp", "gz_zero"], "Unknown Functions": [], "Unknown Globals": [], "Code Block Sizes": [11, 7, 6, 5, 4, 4, 3, 2, 2, 2, 2, 2, 2], "Call Order": {"gz_comp": [["gz_zero"]], "gz_zero": [[]]}}, {"Function Name": "gzsetparams", "Instruction Count": 83, "Stack Frame Size": 32, "Hash": "e69b7438aac97512b1110dd771099edf", "Is Static": false, "Numeric Consts": [0, 4, 5, 8, 16, 31153, 84, 4294967294, 24, 4294967295], "Strings": [], "Calls": ["gz_comp", "gz_zero", "deflateParams"], "Unknown Functions": [], "Unknown Globals": [], "Code Block Sizes": [11, 9, 7, 7, 6, 5, 4, 4, 4, 4, 4, 4, 3, 3, 2, 2, 2, 2], "Call Order": {"gz_comp": [["gz_zero"]], "gz_zero": [[]], "deflateParams": [["gz_comp", "gz_zero"]]}}, {"Function Name": "gzclose_w", "Instruction Count": 98, "Stack Frame Size": 32, "Hash": "eaede9b0f94cce4ec00cb8ad4d86c3d9", "Is Static": false, "Numeric Consts": [0, 4, 8, 12, 16, 31153, 84, 4294967294, 24, 4294967295], "Strings": [], "Calls": ["gz_comp", "gz_error", "deflateEnd", "gz_zero"], "Unknown Functions": ["close", "free"], "Unknown Globals": [], "Code Block Sizes": [20, 12, 11, 7, 6, 6, 6, 5, 4, 4, 4, 3, 3, 2, 2, 1, 1, 1], "Call Order": {"gz_comp": [["gz_zero"]], "free": [["gz_comp", "deflateEnd", "gz_zero"], ["gz_comp", "gz_error", "deflateEnd", "gz_zero"], ["gz_comp", "deflateEnd", "gz_zero"], ["gz_comp", "gz_error", "deflateEnd", "gz_zero", "close"]], "deflateEnd": [["gz_comp", "gz_zero"]], "gz_error": [["gz_comp", "deflateEnd", "gz_zero", "free"]], "close": [["gz_comp", "gz_error", "deflateEnd", "gz_zero", "free"]], "gz_zero": [[]]}}], "adler32.o": [{"Function Name": "adler32_z", "Instruction Count": 358, "Stack Frame Size": 24, "Hash": "c74ed1d8e59f2c8e7545a04e1d892b94", "Is Static": false, "Numeric Consts": [0, 1, 2, 3, 4, 5, 6, 7, 8, 9, 10, 11, 12, 13, 14, 15, 16, 2147975281, 5551, 5552, 347, 65520, 65521, 65535], "Strings": [], "Calls": [], "Unknown Functions": [], "Unknown Globals": [], "Code Block Sizes": [115, 113, 20, 20, 14, 9, 8, 8, 6, 5, 5, 4, 4, 3, 2, 2, 2, 2, 2, 2, 2, 2, 2, 1, 1, 1, 1, 1, 1], "Call Order": {}}, {"Function Name": "adler32", "Instruction Count": 9, "Stack Frame Size": 8, "Hash": "a848f90856fd5e59d2c9c60d1530ae43", "Is Static": false, "Numeric Consts": [12], "Strings": [], "Calls": ["adler32_z"], "Unknown Functions": [], "Unknown Globals": [], "Code Block Sizes": [9], "Call Order": {"adler32_z": [[]]}}, {"Function Name": "adler32_combine_", "Instruction Count": 71, "Stack Frame Size": 24, "Hash": "53cf95fbf40027446fd5a5ead9c23279", "Is Static": true, "Numeric Consts": [0, 131041, 131042, 16, 65521, 15, 65520, 2147975281, 4294967295], "Strings": [], "Calls": [], "Unknown Functions": [], "Unknown Globals": [], "Code Block Sizes": [49, 5, 3, 2, 2, 2, 2, 2, 1, 1, 1, 1], "Call Order": {}}, {"Function Name": "adler32_combine", "Instruction Count": 9, "Stack Frame Size": 8, "Hash": "8f7c79a301596480f909c46742f5c2b5", "Is Static": false, "Numeric Consts": [12], "Strings": [], "Calls": ["adler32_combine_"], "Unknown Functions": [], "Unknown Globals": [], "Code Block Sizes": [9], "Call Order": {"adler32_combine_": [[]]}}, {"Function Name": "adler32_combine64", "Instruction Count": 9, "Stack Frame Size": 8, "Hash": "9dfd2ce23fa39c8e0fde99af46389e92", "Is Static": false, "Numeric Consts": [12], "Strings": [], "Calls": ["adler32_combine_"], "Unknown Functions": [], "Unknown Globals": [], "Code Block Sizes": [8, 1], "Call Order": {"adler32_combine_": [[]]}}], "zutil.o": [{"Function Name": "zlibVersion", "Instruction Count": 5, "Stack Frame Size": 8, "Hash": "1232c2ff81892fb620632696c5ddb70c", "Is Static": false, "Numeric Consts": [], "Strings": ["1.2.11"], "Calls": [], "Unknown Functions": [], "Unknown Globals": [], "Code Block Sizes": [5], "Call Order": {}}, {"Function Name": "zlibCompileFlags", "Instruction Count": 15, "Stack Frame Size": 24, "Hash": "2b3a5877962c1db7aede45f3126708b9", "Is Static": false, "Numeric Consts": [16, 0, 4, 64, 1], "Strings": [], "Calls": [], "Unknown Functions": [], "Unknown Globals": [], "Code Block Sizes": [15], "Call Order": {}}, {"Function Name": "zError", "Instruction Count": 7, "Stack Frame Size": 8, "Hash": "faae8129640e446a17a75706384b7fed", "Is Static": false, "Numeric Consts": [2], "Strings": [], "Calls": [], "Unknown Functions": [], "Unknown Globals": [], "Code Block Sizes": [7], "Call Order": {}}, {"Function Name": "zcalloc", "Instruction Count": 11, "Stack Frame Size": 16, "Hash": "a0bf548204eb74baea55d1af3e9a5505", "Is Static": false, "Numeric Consts": [8, 16, 12], "Strings": [], "Calls": [], "Unknown Functions": ["malloc"], "Unknown Globals": [], "Code Block Sizes": [11], "Call Order": {"malloc": [[]]}}, {"Function Name": "zcfree", "Instruction Count": 10, "Stack Frame Size": 16, "Hash": "d90785ea740cd5fb556aa093c623cced", "Is Static": false, "Numeric Consts": [8, 16, 12], "Strings": [], "Calls": [], "Unknown Functions": ["free"], "Unknown Globals": [], "Code Block Sizes": [9, 1], "Call Order": {"free": [[]]}}], "uncompr.o": [{"Function Name": "uncompress2", "Instruction Count": 131, "Stack Frame Size": 112, "Hash": "ac01752bee320b02617be9e0eb879d53", "Is Static": false, "Numeric Consts": [0, 1, 2, 4, 104, 12, 16, 8, 56, 4294967291, 4294967293, 4294967295], "Strings": ["1.2.11"], "Calls": ["inflateInit_", "inflate", "inflateEnd"], "Unknown Functions": ["__stack_chk_fail"], "Unknown Globals": [], "Code Block Sizes": [22, 16, 12, 9, 7, 6, 6, 6, 5, 4, 3, 3, 3, 3, 3, 3, 2, 2, 2, 2, 2, 2, 2, 2, 1, 1, 1, 1], "Call Order": {"inflateInit_": [[]], "inflate": [["inflateInit_"]], "__stack_chk_fail": [["inflateInit_", "inflate", "inflateEnd"]], "inflateEnd": [["inflateInit_", "inflate"]]}}, {"Function Name": "uncompress", "Instruction Count": 12, "Stack Frame Size": 16, "Hash": "8e7bf2de98547213777702ad5c18dffb", "Is Static": false, "Numeric Consts": [8, 16], "Strings": [], "Calls": ["uncompress2"], "Unknown Functions": [], "Unknown Globals": [], "Code Block Sizes": [11, 1], "Call Order": {"uncompress2": [[]]}}], "gzclose.o": [{"Function Name": "gzclose", "Instruction Count": 25, "Stack Frame Size": 32, "Hash": "50783393dd95c9291ca083a3c31dd6ec", "Is Static": false, "Numeric Consts": [0, 12, 7247, 16, 24, 4294967294], "Strings": [], "Calls": ["gzclose_w", "gzclose_r"], "Unknown Functions": [], "Unknown Globals": [], "Code Block Sizes": [6, 5, 5, 4, 2, 1, 1, 1], "Call Order": {"gzclose_w": [[]], "gzclose_r": [[]]}}], "infback.o": [{"Function Name": "inflateBackInit_", "Instruction Count": 79, "Stack Frame Size": 32, "Hash": "300a5f256e4eabfc4ab1fe9a33f57a58", "Is Static": false, "Numeric Consts": [0, 1, 4, 32768, 7, 15, 16, 49, 24, 56, 4294967290, 7120, 4294967292, 4294967294], "Strings": [], "Calls": ["zcfree", "zcalloc"], "Unknown Functions": [], "Unknown Globals": [], "Code Block Sizes": [22, 13, 6, 5, 5, 4, 4, 2, 2, 2, 2, 2, 2, 2, 2, 2, 2], "Call Order": {}}, {"Function Name": "fixedtables", "Instruction Count": 13, "Stack Frame Size": 8, "Hash": "d64a0ba4e5835c94d982614d61ac5729", "Is Static": true, "Numeric Consts": [9, 5], "Strings": [], "Calls": [], "Unknown Functions": [], "Unknown Globals": [], "Code Block Sizes": [13], "Call Order": {}}, {"Function Name": "inflateBack", "Instruction Count": 1472, "Stack Frame Size": 128, "Hash": "91613cb5545509c6b2f2b59979d59139", "Is Static": false, "Numeric Consts": [0, 1, 2, 3, 4, 5, 6, 7, 8, 9, 11, 12, 13, 15, 16, 17, 18, 19, 286, 31, 32, 257, 30, 56, 16191, 64, 16193, 16196, 16200, 16208, 16209, 65535, 108, 240, 116, 4294967288, 4294967291, 4294967293, 4294967294, 127], "Strings": ["invalid literal/lengths set", "too many length or distance symbols", "invalid stored block lengths", "invalid distance too far back", "invalid code lengths set", "invalid literal/length code", "invalid distances set", "invalid distance code", "invalid bit length repeat", "invalid code -- missing end-of-block", "invalid block type"], "Calls": ["inflate_table", "inflate_fast", "fixedtables"], "Unknown Functions": ["__stack_chk_fail", "memcpy"], "Unknown Globals": [], "Code Block Sizes": [33, 33, 32, 32, 30, 26, 25, 24, 23, 21, 20, 20, 18, 18, 18, 18, 18, 18, 17, 17, 15, 15, 15, 15, 14, 14, 14, 13, 13, 13, 13, 13, 12, 12, 12, 12, 12, 12, 12, 12, 12, 12, 11, 11, 11, 11, 10, 10, 10, 10, 10, 10, 10, 10, 10, 10, 10, 10, 10, 10, 10, 10, 10, 10, 10, 10, 10, 9, 9, 9, 8, 8, 8, 8, 8, 7, 7, 7, 7, 6, 6, 6, 6, 6, 5, 5, 5, 5, 5, 5, 5, 5, 5, 5, 5, 5, 5, 5, 5, 5, 5, 5, 5, 5, 5, 4, 4, 4, 4, 4, 4, 4, 4, 4, 4, 4, 4, 4, 4, 4, 3, 3, 3, 3, 3, 3, 3, 3, 3, 3, 3, 3, 3, 3, 3, 3, 3, 3, 3, 3, 3, 3, 3, 3, 3, 3, 3, 3, 3, 2, 2, 2, 2, 2, 2, 2, 2, 2, 2, 2, 2, 2, 2, 2, 2, 2, 2, 2, 2, 2, 2, 2, 2, 2, 2, 2, 2, 2, 2, 2, 2, 2, 2, 2, 2, 2, 2, 2, 2, 1, 1, 1, 1, 1, 1, 1, 1, 1, 1, 1, 1, 1], "Call Order": {"inflate_table": [["fixedtables", "inflate_fast", "memcpy"], ["fixedtables", "inflate_fast", "memcpy"], ["fixedtables", "inflate_fast", "memcpy"]], "memcpy": [["inflate_table", "fixedtables", "inflate_fast"]], "fixedtables": [["inflate_table", "memcpy", "inflate_fast"]], "inflate_fast": [["inflate_table", "memcpy", "fixedtables"]], "__stack_chk_fail": [["inflate_table", "fixedtables", "inflate_fast", "memcpy"]]}}, {"Function Name": "inflateBackEnd", "Instruction Count": 31, "Stack Frame Size": 16, "Hash": "41527d1c457813cdb064aa4ac525d01b", "Is Static": false, "Numeric Consts": [8, 0, 4294967294, 16], "Strings": [], "Calls": [], "Unknown Functions": [], "Unknown Globals": [], "Code Block Sizes": [14, 5, 4, 4, 2, 1, 1], "Call Order": {}}], "deflate.o": [{"Function Name": "slide_hash", "Instruction Count": 62, "Stack Frame Size": 24, "Hash": "758e219fc68fb28dd8ec588eaa3a4423", "Is Static": true, "Numeric Consts": [16, 0, 2, 1], "Strings": [], "Calls": [], "Unknown Functions": [], "Unknown Globals": [], "Code Block Sizes": [15, 8, 8, 8, 5, 5, 4, 4, 3, 1, 1], "Call Order": {}}, {"Function Name": "deflateInit_", "Instruction Count": 15, "Stack Frame Size": 16, "Hash": "492ed131c63c5c2b51424a98e954ecbe", "Is Static": false, "Numeric Consts": [8, 0, 15, 32], "Strings": [], "Calls": ["deflateInit2_"], "Unknown Functions": [], "Unknown Globals": [], "Code Block Sizes": [15], "Call Order": {"deflateInit2_": [[]]}}, {"Function Name": "deflateInit2_", "Instruction Count": 283, "Stack Frame Size": 32, "Hash": "4512172bae15b01d587027d3cb8c9410", "Is Static": false, "Numeric Consts": [0, 1, 2, 4, 6, 7, 8, 9, 42, 2863311531, 12, 15, 16, 24, 4294967294, 56, 5828, 4294967290, 4294967292, 666, 4294967295], "Strings": [], "Calls": ["zcfree", "deflateEnd", "zcalloc", "deflateReset"], "Unknown Functions": [], "Unknown Globals": [], "Code Block Sizes": [137, 32, 13, 11, 6, 6, 5, 4, 4, 4, 4, 4, 3, 2, 2, 2, 2, 2, 2, 2, 2, 2, 2, 2, 2, 2, 2, 2, 2, 2, 2, 2, 2, 2, 2, 2, 2, 1, 1], "Call Order": {"deflateEnd": [[]], "deflateReset": [[]]}}, {"Function Name": "deflateStateCheck", "Instruction Count": 61, "Stack Frame Size": 24, "Hash": "5b0f5074f5a09a5e44b2f2a5ffd17b53", "Is Static": true, "Numeric Consts": [0, 1, 69, 103, 73, 42, 16, 113, 57, 666, 91], "Strings": [], "Calls": [], "Unknown Functions": [], "Unknown Globals": [], "Code Block Sizes": [5, 5, 4, 4, 4, 4, 4, 4, 4, 4, 4, 4, 4, 2, 2, 2, 1], "Call Order": {}}, {"Function Name": "deflateSetDictionary", "Instruction Count": 211, "Stack Frame Size": 48, "Hash": "30236ea9f8cbeed0dee6401063f72716", "Is Static": false, "Numeric Consts": [0, 1, 2, 4, 40, 42, 12, 16, 4294967294, 2147483647], "Strings": [], "Calls": ["fill_window", "adler32", "deflateStateCheck"], "Unknown Functions": ["memset"], "Unknown Globals": [], "Code Block Sizes": [48, 36, 26, 17, 11, 9, 9, 8, 8, 7, 6, 4, 4, 4, 2, 2, 2, 2, 2, 2, 2], "Call Order": {"fill_window": [["memset", "adler32", "deflateStateCheck"], ["memset", "adler32", "deflateStateCheck"]], "memset": [["adler32", "deflateStateCheck"]], "adler32": [["deflateStateCheck"]], "deflateStateCheck": [[]]}}, {"Function Name": "deflateGetDictionary", "Instruction Count": 53, "Stack Frame Size": 32, "Hash": "d532de7fae0eb737425bc56ba6319e54", "Is Static": false, "Numeric Consts": [24, 0, 4, 4294967294, 16], "Strings": [], "Calls": ["deflateStateCheck"], "Unknown Functions": ["memcpy"], "Unknown Globals": [], "Code Block Sizes": [15, 13, 8, 3, 3, 2, 2, 2, 2, 2, 1], "Call Order": {"deflateStateCheck": [[]], "memcpy": [["deflateStateCheck"]]}}, {"Function Name": "deflateResetKeep", "Instruction Count": 84, "Stack Frame Size": 32, "Hash": "eed5f357d943e73447bf9b0d658d289e", "Is Static": false, "Numeric Consts": [0, 2, 4, 42, 12, 16, 113, 24, 57, 4294967294], "Strings": [], "Calls": ["crc32", "_tr_init", "adler32", "deflateStateCheck"], "Unknown Functions": [], "Unknown Globals": [], "Code Block Sizes": [23, 9, 8, 8, 7, 6, 6, 4, 4, 2, 2, 2, 2, 1], "Call Order": {"crc32": [["deflateStateCheck"]], "_tr_init": [["crc32", "adler32", "deflateStateCheck"]], "adler32": [["deflateStateCheck"]], "deflateStateCheck": [[]]}}, {"Function Name": "deflateReset", "Instruction Count": 19, "Stack Frame Size": 32, "Hash": "4ef5a0b498b530c17f35766329079fe5", "Is Static": false, "Numeric Consts": [24, 16, 12, 0], "Strings": [], "Calls": ["lm_init", "deflateResetKeep"], "Unknown Functions": [], "Unknown Globals": [], "Code Block Sizes": [10, 6, 3], "Call Order": {"deflateResetKeep": [[]], "lm_init": [["deflateResetKeep"]]}}, {"Function Name": "deflateSetHeader", "Instruction Count": 21, "Stack Frame Size": 8, "Hash": "425e7c6a1fb69a7f41ac1085262461b8", "Is Static": false, "Numeric Consts": [0, 2, 4, 4294967294], "Strings": [], "Calls": ["deflateStateCheck"], "Unknown Functions": [], "Unknown Globals": [], "Code Block Sizes": [7, 5, 5, 2, 2], "Call Order": {"deflateStateCheck": [[]]}}, {"Function Name": "deflatePending", "Instruction Count": 26, "Stack Frame Size": 8, "Hash": "58c108e86027ea01ec2cfd4a0b287f83", "Is Static": false, "Numeric Consts": [0, 4, 4294967294], "Strings": [], "Calls": ["deflateStateCheck"], "Unknown Functions": [], "Unknown Globals": [], "Code Block Sizes": [7, 5, 5, 2, 2, 2, 2, 1], "Call Order": {"deflateStateCheck": [[]]}}, {"Function Name": "deflatePrime", "Instruction Count": 75, "Stack Frame Size": 32, "Hash": "ea473ef65c285e17384074561105bab6", "Is Static": false, "Numeric Consts": [0, 1, 2, 4, 12, 16, 20, 4294967291, 4294967294], "Strings": [], "Calls": ["deflateStateCheck", "_tr_flush_bits"], "Unknown Functions": [], "Unknown Globals": [], "Code Block Sizes": [37, 10, 9, 9, 3, 2, 2, 2, 1], "Call Order": {"deflateStateCheck": [[]], "_tr_flush_bits": [["deflateStateCheck"]]}}, {"Function Name": "deflateParams", "Instruction Count": 160, "Stack Frame Size": 32, "Hash": "5ff3a7e80c3d7d957b9841a99b48d36f", "Is Static": false, "Numeric Consts": [0, 1, 2, 4, 5, 6, 8, 9, 12, 16, 4294967295, 24, 4294967291, 4294967294, 2147483647], "Strings": [], "Calls": ["slide_hash", "deflateStateCheck", "deflate"], "Unknown Functions": ["memset"], "Unknown Globals": [], "Code Block Sizes": [43, 14, 13, 9, 8, 8, 8, 5, 5, 4, 4, 4, 4, 4, 4, 4, 2, 2, 2, 2, 2, 2, 2, 2, 2, 1], "Call Order": {"memset": [["slide_hash", "deflateStateCheck", "deflate"]], "slide_hash": [["deflateStateCheck", "deflate"]], "deflateStateCheck": [[]], "deflate": [["deflateStateCheck"]]}}, {"Function Name": "deflateTune", "Instruction Count": 28, "Stack Frame Size": 24, "Hash": "6c0c15414522d0b45e2cfe5deee7b0f5", "Is Static": false, "Numeric Consts": [16, 0, 4, 4294967294], "Strings": [], "Calls": ["deflateStateCheck"], "Unknown Functions": [], "Unknown Globals": [], "Code Block Sizes": [16, 8, 2, 2], "Call Order": {"deflateStateCheck": [[]]}}, {"Function Name": "deflateBound", "Instruction Count": 126, "Stack Frame Size": 24, "Hash": "f63d449780c8c1ff3a2de566075d229d", "Is Static": false, "Numeric Consts": [0, 1, 2, 3, 4, 5, 6, 7, 10, 12, 14, 15, 16, 18, 25, 63], "Strings": [], "Calls": ["deflateStateCheck"], "Unknown Functions": [], "Unknown Globals": [], "Code Block Sizes": [20, 14, 7, 7, 7, 7, 6, 6, 5, 5, 5, 4, 4, 4, 4, 3, 2, 2, 2, 2, 2, 2, 2, 2, 1, 1], "Call Order": {"deflateStateCheck": [[]]}}, {"Function Name": "putShortMSB", "Instruction Count": 28, "Stack Frame Size": 12, "Hash": "7801effe09322503d33f86628ba21ceb", "Is Static": true, "Numeric Consts": [8], "Strings": [], "Calls": [], "Unknown Functions": [], "Unknown Globals": [], "Code Block Sizes": [28], "Call Order": {}}, {"Function Name": "flush_pending", "Instruction Count": 74, "Stack Frame Size": 32, "Hash": "7dc53d4ca35b4c4006d5ea3890f84c20", "Is Static": true, "Numeric Consts": [24, 16, 12, 0, 4], "Strings": [], "Calls": ["_tr_flush_bits"], "Unknown Functions": ["memcpy"], "Unknown Globals": [], "Code Block Sizes": [44, 17, 5, 3, 2, 2, 1], "Call Order": {"memcpy": [["_tr_flush_bits"]], "_tr_flush_bits": [[]]}}, {"Function Name": "deflate", "Instruction Count": 1306, "Stack Frame Size": 64, "Hash": "037a425b0c009e06dde75c3773404625", "Is Static": false, "Numeric Consts": [0, 1, 2, 3, 4, 5, 6, 8, 9, 139, 12, 16, 24, 666, 138547333, 32, 42, 52, 57, 31, 69, 73, 91, 103, 113, 4294967295, 4294967291, 4294967294, 2147483647], "Strings": [], "Calls": ["flush_pending", "adler32", "deflate_stored", "_tr_stored_block", "deflate_rle", "deflate_huff", "putShortMSB", "crc32", "_tr_align", "deflateStateCheck"], "Unknown Functions": ["memset", "memcpy"], "Unknown Globals": [], "Code Block Sizes": [95, 65, 57, 40, 33, 32, 28, 28, 25, 24, 24, 24, 20, 19, 19, 19, 19, 19, 19, 19, 18, 16, 16, 15, 14, 13, 13, 13, 11, 10, 10, 9, 8, 8, 8, 8, 8, 8, 8, 8, 7, 7, 7, 6, 6, 6, 6, 6, 6, 6, 6, 6, 6, 6, 5, 5, 5, 5, 5, 5, 5, 5, 5, 5, 5, 5, 5, 5, 5, 5, 4, 4, 4, 4, 4, 4, 4, 4, 4, 4, 4, 4, 4, 4, 4, 4, 4, 4, 4, 4, 4, 4, 4, 4, 4, 4, 4, 4, 4, 4, 4, 4, 4, 4, 4, 4, 4, 4, 4, 4, 4, 4, 4, 4, 4, 4, 3, 3, 3, 3, 3, 3, 2, 2, 2, 2, 2, 2, 2, 2, 2, 2, 2, 2, 2, 2, 2, 2, 2, 2, 2, 2, 2, 2, 2, 2, 2, 2, 2, 2, 2, 2, 2, 2, 2, 2, 2, 2, 2, 1, 1, 1, 1, 1, 1, 1, 1, 1, 1, 1, 1, 1], "Call Order": {"flush_pending": [["deflateStateCheck"], ["crc32", "adler32", "putShortMSB", "memcpy", "deflateStateCheck"], ["crc32", "putShortMSB", "adler32", "deflateStateCheck"], ["deflate_stored", "adler32", "_tr_stored_block", "memset", "deflate_rle", "deflate_huff", "deflateStateCheck", "putShortMSB", "crc32", "_tr_align", "memcpy"], ["crc32", "adler32", "putShortMSB", "deflateStateCheck", "memcpy"], ["crc32", "adler32", "putShortMSB", "deflateStateCheck", "memcpy"], ["deflate_stored", "adler32", "_tr_stored_block", "memset", "deflate_rle", "deflate_huff", "deflateStateCheck", "putShortMSB", "crc32", "_tr_align", "memcpy"], ["crc32", "adler32", "putShortMSB", "memcpy", "deflateStateCheck"], ["putShortMSB", "adler32", "deflateStateCheck"], ["crc32", "adler32", "putShortMSB", "deflateStateCheck", "memcpy"]], "adler32": [["flush_pending", "putShortMSB", "deflateStateCheck"]], "deflate_stored": [["flush_pending", "adler32", "deflateStateCheck", "putShortMSB", "crc32", "memcpy"], ["flush_pending", "adler32", "deflateStateCheck", "putShortMSB", "crc32", "memcpy"]], "_tr_stored_block": [["flush_pending", "adler32", "deflate_stored", "deflate_rle", "deflate_huff", "deflateStateCheck", "putShortMSB", "crc32", "memcpy"]], "memset": [["flush_pending", "adler32", "_tr_stored_block", "deflate_stored", "deflate_rle", "deflate_huff", "deflateStateCheck", "putShortMSB", "crc32", "memcpy"]], "deflate_rle": [["flush_pending", "adler32", "deflateStateCheck", "putShortMSB", "crc32", "memcpy"]], "deflate_huff": [["flush_pending", "adler32", "deflateStateCheck", "putShortMSB", "crc32", "memcpy"]], "deflateStateCheck": [[]], "putShortMSB": [["flush_pending", "deflateStateCheck"], ["flush_pending", "deflateStateCheck"], ["deflate_stored", "flush_pending", "adler32", "_tr_stored_block", "memset", "deflate_rle", "deflate_huff", "deflateStateCheck", "crc32", "_tr_align", "memcpy"], ["flush_pending", "deflateStateCheck"], ["deflate_stored", "flush_pending", "adler32", "_tr_stored_block", "memset", "deflate_rle", "deflate_huff", "deflateStateCheck", "crc32", "_tr_align", "memcpy"]], "crc32": [["adler32", "flush_pending", "putShortMSB", "deflateStateCheck", "memcpy"], ["adler32", "flush_pending", "putShortMSB", "deflateStateCheck"], ["adler32", "flush_pending", "putShortMSB", "deflateStateCheck", "memcpy"], ["adler32", "flush_pending", "putShortMSB", "deflateStateCheck", "memcpy"], ["adler32", "flush_pending", "putShortMSB", "memcpy", "deflateStateCheck"], ["adler32", "flush_pending", "putShortMSB", "deflateStateCheck", "memcpy"], ["adler32", "flush_pending", "putShortMSB", "memcpy", "deflateStateCheck"], ["adler32", "flush_pending", "putShortMSB", "deflateStateCheck", "memcpy"], ["putShortMSB", "flush_pending", "adler32", "deflateStateCheck"]], "_tr_align": [["flush_pending", "adler32", "deflate_stored", "deflate_rle", "deflate_huff", "deflateStateCheck", "putShortMSB", "crc32", "memcpy"]], "memcpy": [["crc32", "adler32", "flush_pending", "putShortMSB", "deflateStateCheck"], ["crc32", "adler32", "flush_pending", "putShortMSB", "deflateStateCheck"]]}}, {"Function Name": "deflateEnd", "Instruction Count": 103, "Stack Frame Size": 32, "Hash": "e3fa3b51cdd9056ad24dc8675d691760", "Is Static": false, "Numeric Consts": [0, 4, 8, 16, 113, 24, 4294967293, 4294967294], "Strings": [], "Calls": ["deflateStateCheck"], "Unknown Functions": [], "Unknown Globals": [], "Code Block Sizes": [15, 12, 12, 12, 12, 9, 8, 5, 5, 5, 2, 2, 2, 1, 1], "Call Order": {"deflateStateCheck": [[]]}}, {"Function Name": "deflateCopy", "Instruction Count": 227, "Stack Frame Size": 32, "Hash": "10b202ea7209b82368a5f0e025aa02a5", "Is Static": false, "Numeric Consts": [0, 1, 2, 4, 12, 16, 24, 56, 5828, 4294967292, 4294967294], "Strings": [], "Calls": ["deflateEnd", "deflateStateCheck"], "Unknown Functions": ["memcpy"], "Unknown Globals": [], "Code Block Sizes": [94, 77, 22, 8, 6, 4, 4, 4, 2, 2, 2, 2], "Call Order": {"deflateEnd": [["deflateStateCheck", "memcpy"]], "memcpy": [["deflateStateCheck"], ["deflateStateCheck"], ["deflateStateCheck"], ["deflateStateCheck"], ["deflateStateCheck"], ["deflateStateCheck"]], "deflateStateCheck": [[]]}}, {"Function Name": "read_buf", "Instruction Count": 77, "Stack Frame Size": 32, "Hash": "e7e24a56947a3d5006542152ef0fd3ce", "Is Static": true, "Numeric Consts": [0, 1, 2, 4, 16, 24], "Strings": [], "Calls": ["crc32", "adler32"], "Unknown Functions": ["memcpy"], "Unknown Globals": [], "Code Block Sizes": [19, 13, 12, 11, 9, 5, 2, 2, 2, 2], "Call Order": {"crc32": [["memcpy"]], "adler32": [["memcpy"]], "memcpy": [[]]}}, {"Function Name": "lm_init", "Instruction Count": 93, "Stack Frame Size": 16, "Hash": "eaff8cc97a7aa80acb08e3907f66eb07", "Is Static": true, "Numeric Consts": [0, 2, 4, 8, 16, 2147483647], "Strings": [], "Calls": [], "Unknown Functions": ["memset"], "Unknown Globals": [], "Code Block Sizes": [93], "Call Order": {"memset": [[]]}}, {"Function Name": "longest_match", "Instruction Count": 208, "Stack Frame Size": 56, "Hash": "6eb5a6382658cfaabd7f9611d8d8615a", "Is Static": true, "Numeric Consts": [0, 1, 258, 36, 262, 2], "Strings": [], "Calls": [], "Unknown Functions": [], "Unknown Globals": [], "Code Block Sizes": [28, 27, 11, 10, 10, 9, 8, 6, 6, 6, 6, 6, 6, 6, 6, 6, 6, 6, 6, 5, 5, 4, 3, 3, 2, 2, 2, 2, 1, 1, 1, 1, 1], "Call Order": {}}, {"Function Name": "fill_window", "Instruction Count": 297, "Stack Frame Size": 48, "Hash": "8a5aa026b5ab4486136b6b216c95b7d9", "Is Static": true, "Numeric Consts": [0, 1, 2, 4, 261, 262, 40, 12, 258, 16], "Strings": [], "Calls": ["read_buf", "slide_hash"], "Unknown Functions": ["memset", "memcpy"], "Unknown Globals": [], "Code Block Sizes": [57, 39, 37, 30, 19, 17, 16, 15, 10, 7, 6, 6, 6, 6, 5, 5, 4, 4, 3, 1, 1, 1, 1, 1], "Call Order": {"read_buf": [["slide_hash", "memcpy"]], "memset": [["read_buf", "slide_hash", "memcpy"], ["read_buf", "slide_hash", "memcpy"]], "slide_hash": [["read_buf", "memcpy"]], "memcpy": [["read_buf"]]}}, {"Function Name": "deflate_stored", "Instruction Count": 571, "Stack Frame Size": 48, "Hash": "a734d375137f69ac2c38348b8086ca32", "Is Static": true, "Numeric Consts": [0, 1, 2, 3, 4, 40, 42, 12, 16, 8, 65535], "Strings": [], "Calls": ["read_buf", "flush_pending", "_tr_stored_block"], "Unknown Functions": ["memcpy"], "Unknown Globals": [], "Code Block Sizes": [52, 47, 36, 34, 28, 27, 26, 24, 23, 19, 19, 18, 16, 13, 11, 8, 7, 7, 7, 6, 6, 6, 6, 6, 6, 5, 5, 5, 5, 5, 5, 4, 4, 4, 4, 3, 3, 3, 3, 3, 3, 2, 2, 2, 2, 2, 2, 2, 2, 2, 2, 2, 2, 2, 2, 2, 2, 2, 2, 2, 2, 2, 2, 1, 1, 1, 1, 1], "Call Order": {"read_buf": [["flush_pending", "memcpy", "_tr_stored_block"], ["flush_pending", "memcpy", "_tr_stored_block"]], "flush_pending": [["read_buf", "memcpy", "_tr_stored_block"], ["read_buf", "memcpy", "_tr_stored_block"]], "memcpy": [["read_buf", "flush_pending", "_tr_stored_block"], ["read_buf", "flush_pending", "_tr_stored_block"], ["read_buf", "flush_pending", "_tr_stored_block"], ["read_buf", "flush_pending", "_tr_stored_block"], ["read_buf", "flush_pending", "_tr_stored_block"]], "_tr_stored_block": [["read_buf", "flush_pending", "memcpy"], ["read_buf", "memcpy"]]}}, {"Function Name": "deflate_fast", "Instruction Count": 511, "Stack Frame Size": 32, "Hash": "c5465699a68767ac8bd820647b352783", "Is Static": true, "Numeric Consts": [0, 1, 2, 3, 36, 261, 262, 257, 8, 7, 12, 256, 16, 20, 608, 4, 255], "Strings": [], "Calls": ["fill_window", "flush_pending", "_tr_flush_block", "longest_match"], "Unknown Functions": [], "Unknown Globals": [], "Code Block Sizes": [65, 51, 51, 46, 41, 29, 22, 22, 22, 12, 12, 12, 10, 9, 8, 8, 6, 6, 6, 6, 6, 5, 5, 4, 4, 4, 4, 4, 4, 4, 3, 2, 2, 2, 2, 2, 2, 2, 2, 1, 1, 1, 1], "Call Order": {"longest_match": [["fill_window", "flush_pending", "_tr_flush_block"]], "flush_pending": [["fill_window", "longest_match", "_tr_flush_block"], ["longest_match", "fill_window", "_tr_flush_block"], ["longest_match", "fill_window", "_tr_flush_block"]], "fill_window": [["longest_match", "flush_pending", "_tr_flush_block"]], "_tr_flush_block": [["longest_match", "flush_pending", "fill_window"], ["longest_match", "flush_pending", "fill_window"], ["fill_window", "longest_match"]]}}, {"Function Name": "deflate_slow", "Instruction Count": 634, "Stack Frame Size": 48, "Hash": "f90855cf27c49188e0ddeebd65bb876a", "Is Static": true, "Numeric Consts": [0, 1, 2, 3, 36, 261, 262, 257, 8, 7, 12, 256, 16, 4096, 608, 5, 4, 255], "Strings": [], "Calls": ["fill_window", "flush_pending", "_tr_flush_block", "longest_match"], "Unknown Functions": [], "Unknown Globals": [], "Code Block Sizes": [54, 51, 51, 44, 44, 30, 22, 22, 22, 17, 15, 13, 12, 12, 12, 12, 12, 12, 11, 9, 9, 9, 9, 8, 8, 6, 6, 6, 6, 6, 6, 6, 5, 5, 4, 4, 4, 4, 4, 4, 4, 4, 4, 3, 2, 2, 2, 2, 2, 2, 2, 2, 2, 1, 1, 1, 1, 1], "Call Order": {"longest_match": [["fill_window", "flush_pending", "_tr_flush_block"]], "flush_pending": [["longest_match", "fill_window", "_tr_flush_block"], ["longest_match", "fill_window", "_tr_flush_block"], ["longest_match", "_tr_flush_block", "fill_window"], ["longest_match", "fill_window", "_tr_flush_block"]], "fill_window": [["longest_match", "flush_pending", "_tr_flush_block"]], "_tr_flush_block": [["longest_match", "flush_pending", "fill_window"], ["longest_match", "flush_pending", "fill_window"], ["longest_match", "flush_pending", "fill_window"], ["longest_match", "flush_pending", "fill_window"]]}}, {"Function Name": "deflate_rle", "Instruction Count": 422, "Stack Frame Size": 48, "Hash": "dc010f897a7fe8dcff3c77677311129f", "Is Static": true, "Numeric Consts": [0, 1, 258, 3, 36, 257, 7, 12, 2, 256, 16, 608, 4, 255], "Strings": [], "Calls": ["fill_window", "flush_pending", "_tr_flush_block"], "Unknown Functions": [], "Unknown Globals": [], "Code Block Sizes": [51, 39, 33, 22, 22, 22, 17, 14, 12, 12, 12, 8, 7, 6, 6, 6, 6, 6, 6, 6, 6, 6, 6, 6, 6, 6, 6, 6, 5, 4, 4, 4, 4, 4, 4, 4, 4, 3, 3, 2, 2, 2, 2, 2, 2, 2, 1, 1, 1, 1], "Call Order": {"fill_window": [["flush_pending", "_tr_flush_block"]], "flush_pending": [["fill_window", "_tr_flush_block"], ["fill_window", "_tr_flush_block"], ["fill_window", "_tr_flush_block"]], "_tr_flush_block": [["fill_window"], ["fill_window", "flush_pending"], ["fill_window", "flush_pending"]]}}, {"Function Name": "deflate_huff", "Instruction Count": 219, "Stack Frame Size": 32, "Hash": "101db078450b160014cf078514997818", "Is Static": true, "Numeric Consts": [0, 1, 2, 3, 36, 12, 16, 20, 4], "Strings": [], "Calls": ["fill_window", "flush_pending", "_tr_flush_block"], "Unknown Functions": [], "Unknown Globals": [], "Code Block Sizes": [55, 22, 22, 22, 12, 12, 12, 8, 6, 6, 6, 5, 4, 4, 4, 2, 2, 2, 2, 2, 2, 2, 1, 1, 1, 1, 1], "Call Order": {"fill_window": [["flush_pending", "_tr_flush_block"]], "flush_pending": [["fill_window", "_tr_flush_block"], ["fill_window", "_tr_flush_block"], ["fill_window", "_tr_flush_block"]], "_tr_flush_block": [["fill_window"], ["fill_window", "flush_pending"], ["fill_window", "flush_pending"]]}}], "gzread.o": [{"Function Name": "gz_load", "Instruction Count": 67, "Stack Frame Size": 32, "Hash": "bdb34ad6e1dbfecae353afdfa8275515", "Is Static": true, "Numeric Consts": [1073741824, 0, 4, 1, 12, 16, 24, 4294967295], "Strings": [], "Calls": ["gz_error"], "Unknown Functions": ["read", "__errno_location", "strerror"], "Unknown Globals": [], "Code Block Sizes": [15, 14, 10, 9, 6, 2, 2, 2, 2, 2, 1, 1, 1], "Call Order": {"gz_error": [["read", "__errno_location", "strerror"]], "read": [[]], "__errno_location": [["read"]], "strerror": [["read", "__errno_location"]]}}, {"Function Name": "gz_avail", "Instruction Count": 88, "Stack Frame Size": 64, "Hash": "3f8a84b0a22370159043f323379818ad", "Is Static": true, "Numeric Consts": [0, 1, 16, 84, 56, 4294967291, 4294967295], "Strings": [], "Calls": ["gz_load"], "Unknown Functions": ["__stack_chk_fail"], "Unknown Globals": [], "Code Block Sizes": [20, 15, 11, 10, 9, 4, 4, 4, 3, 2, 2, 2, 1, 1], "Call Order": {"gz_load": [[]], "__stack_chk_fail": [["gz_load"]]}}, {"Function Name": "gz_look", "Instruction Count": 191, "Stack Frame Size": 32, "Hash": "3aabf44c6d374789f45e3b43e71559f0", "Is Static": true, "Numeric Consts": [0, 1, 2, 4, 139, 12, 16, 24, 84, 56, 4294967292, 4294967295, 31], "Strings": ["1.2.11", "out of memory"], "Calls": ["gz_error", "inflateInit2_", "inflateReset", "gz_avail"], "Unknown Functions": ["malloc", "free", "memcpy"], "Unknown Globals": [], "Code Block Sizes": [24, 23, 22, 20, 18, 10, 10, 8, 8, 6, 6, 5, 5, 4, 4, 4, 4, 4, 2, 2, 2], "Call Order": {"malloc": [[], []], "gz_avail": [["malloc", "inflateInit2_"]], "inflateInit2_": [["malloc"]], "free": [["malloc", "inflateInit2_"], ["malloc"], ["malloc", "inflateInit2_"], ["malloc"]], "gz_error": [["malloc", "inflateInit2_", "free"], ["malloc", "free"]], "memcpy": [["malloc", "inflateInit2_", "gz_avail"]], "inflateReset": [["malloc", "inflateInit2_", "gz_avail"]]}}, {"Function Name": "gz_decomp", "Instruction Count": 106, "Stack Frame Size": 32, "Hash": "cf69f543cf1c087c407840fae1463f03", "Is Static": true, "Numeric Consts": [0, 1, 2, 4, 8, 12, 16, 84, 4294967295, 24, 4294967291, 4294967292, 4294967293, 4294967294], "Strings": ["internal error: inflate stream corrupt", "unexpected end of file", "out of memory", "compressed data error"], "Calls": ["gz_error", "inflate", "gz_avail"], "Unknown Functions": [], "Unknown Globals": [], "Code Block Sizes": [16, 10, 8, 8, 8, 8, 7, 6, 4, 4, 4, 4, 3, 2, 2, 2, 2, 2, 2, 2, 1, 1], "Call Order": {"gz_error": [["inflate", "gz_avail"], ["inflate", "gz_avail"], ["inflate", "gz_avail"], ["inflate", "gz_avail"]], "inflate": [["gz_avail"]], "gz_avail": [["inflate"]]}}, {"Function Name": "gz_fetch", "Instruction Count": 83, "Stack Frame Size": 32, "Hash": "2715a8f84e3c03c3b65e751a4ff794cb", "Is Static": true, "Numeric Consts": [0, 1, 2, 12, 16, 84, 24, 4294967295], "Strings": [], "Calls": ["gz_look", "gz_decomp", "gz_load"], "Unknown Functions": [], "Unknown Globals": [], "Code Block Sizes": [15, 14, 6, 6, 6, 4, 4, 4, 4, 4, 2, 2, 2, 2, 2, 2, 2, 1, 1], "Call Order": {"gz_look": [["gz_decomp"]], "gz_decomp": [["gz_look"]], "gz_load": [["gz_look", "gz_decomp"]]}}, {"Function Name": "gz_skip", "Instruction Count": 66, "Stack Frame Size": 32, "Hash": "5b2775d0b8d812a66cdd4b9740e98fe6", "Is Static": true, "Numeric Consts": [24, 16, 12, 4294967295, 0], "Strings": [], "Calls": ["gz_fetch"], "Unknown Functions": [], "Unknown Globals": [], "Code Block Sizes": [25, 6, 4, 4, 4, 4, 4, 4, 3, 2, 2, 2, 1, 1], "Call Order": {"gz_fetch": [[]]}}, {"Function Name": "gz_read", "Instruction Count": 161, "Stack Frame Size": 48, "Hash": "5272d419c704a254d6a38c4afce479ba", "Is Static": true, "Numeric Consts": [0, 1, 4, 40, 12, 16, 8, 4294967295], "Strings": [], "Calls": ["gz_skip", "gz_decomp", "gz_load", "gz_fetch"], "Unknown Functions": ["memcpy", "__stack_chk_fail"], "Unknown Globals": [], "Code Block Sizes": [22, 15, 12, 12, 11, 10, 6, 6, 5, 5, 4, 4, 4, 4, 4, 4, 4, 3, 3, 3, 2, 2, 2, 2, 2, 2, 2, 2, 1, 1, 1, 1], "Call Order": {"gz_load": [["gz_skip", "gz_decomp", "memcpy", "gz_fetch"]], "gz_fetch": [["gz_skip", "gz_decomp", "memcpy", "gz_load"]], "__stack_chk_fail": [["gz_skip", "gz_decomp", "memcpy", "gz_fetch", "gz_load"]], "gz_decomp": [["gz_skip", "memcpy", "gz_fetch", "gz_load"]], "gz_skip": [[]], "memcpy": [["gz_skip", "gz_decomp", "gz_load", "gz_fetch"]]}}, {"Function Name": "gzread", "Instruction Count": 56, "Stack Frame Size": 32, "Hash": "02c7d7df0e0489ac22fef3340f6a6775", "Is Static": false, "Numeric Consts": [0, 4, 7247, 16, 4294967295, 24, 4294967291, 4294967294], "Strings": ["request does not fit in an int"], "Calls": ["gz_error", "gz_read"], "Unknown Functions": [], "Unknown Globals": [], "Code Block Sizes": [9, 8, 6, 5, 4, 4, 4, 4, 3, 2, 2, 2, 2, 1], "Call Order": {"gz_error": [[]], "gz_read": [[]]}}, {"Function Name": "gzfread", "Instruction Count": 56, "Stack Frame Size": 32, "Hash": "0c5c6215198231b9bac3ba482c01888e", "Is Static": false, "Numeric Consts": [0, 4, 7247, 16, 24, 4294967291, 4294967294], "Strings": ["request does not fit in a size_t"], "Calls": ["gz_error", "gz_read"], "Unknown Functions": [], "Unknown Globals": [], "Code Block Sizes": [9, 8, 6, 5, 5, 5, 4, 4, 2, 2, 2, 2, 1, 1], "Call Order": {"gz_error": [[]], "gz_read": [[]]}}, {"Function Name": "gzgetc", "Instruction Count": 71, "Stack Frame Size": 48, "Hash": "8883198a15aedf072a7a9685ea548e5c", "Is Static": false, "Numeric Consts": [0, 1, 4, 40, 7247, 16, 4294967291, 4294967295], "Strings": [], "Calls": ["gz_read"], "Unknown Functions": ["__stack_chk_fail"], "Unknown Globals": [], "Code Block Sizes": [18, 10, 10, 6, 4, 4, 4, 3, 3, 2, 2, 2, 2, 1], "Call Order": {"gz_read": [[]], "__stack_chk_fail": [["gz_read"]]}}, {"Function Name": "gzgetc_", "Instruction Count": 9, "Stack Frame Size": 16, "Hash": "0df999e372b841a8f5f80927a24753bb", "Is Static": false, "Numeric Consts": [8, 16, 12], "Strings": [], "Calls": ["gzgetc"], "Unknown Functions": [], "Unknown Globals": [], "Code Block Sizes": [9], "Call Order": {"gzgetc": [[]]}}, {"Function Name": "gzungetc", "Instruction Count": 144, "Stack Frame Size": 32, "Hash": "44fab9c199aa2815df1390bcb76caa37", "Is Static": false, "Numeric Consts": [0, 1, 4, 8, 7247, 16, 24, 4294967291, 4294967293, 4294967295], "Strings": ["out of room to push characters"], "Calls": ["gz_skip", "gz_error"], "Unknown Functions": [], "Unknown Globals": [], "Code Block Sizes": [24, 22, 14, 11, 8, 7, 6, 6, 6, 5, 4, 4, 4, 4, 4, 3, 2, 2, 2, 2, 2, 2], "Call Order": {"gz_skip": [[]], "gz_error": [["gz_skip"]]}}, {"Function Name": "gzgets", "Instruction Count": 140, "Stack Frame Size": 48, "Hash": "0a7318f24f202ef773f927df4130009c", "Is Static": false, "Numeric Consts": [0, 1, 4, 40, 10, 12, 7247, 16, 8, 4294967291, 4294967295], "Strings": [], "Calls": ["gz_skip", "gz_fetch"], "Unknown Functions": ["memcpy", "memchr"], "Unknown Globals": [], "Code Block Sizes": [34, 17, 11, 7, 7, 6, 6, 5, 4, 4, 4, 4, 4, 3, 3, 3, 2, 2, 2, 2, 2, 2, 2, 2, 2], "Call Order": {"gz_skip": [[]], "gz_fetch": [["gz_skip", "memcpy", "memchr"]], "memchr": [["gz_skip", "memcpy", "gz_fetch"]], "memcpy": [["gz_skip", "gz_fetch", "memchr"]]}}, {"Function Name": "gzdirect", "Instruction Count": 29, "Stack Frame Size": 32, "Hash": "ca1cdf4f1bc7efaae4e1e4bece636125", "Is Static": false, "Numeric Consts": [24, 0, 12, 16, 7247], "Strings": [], "Calls": ["gz_look"], "Unknown Functions": [], "Unknown Globals": [], "Code Block Sizes": [6, 5, 4, 4, 4, 2, 2, 2], "Call Order": {"gz_look": [[]]}}, {"Function Name": "gzclose_r", "Instruction Count": 76, "Stack Frame Size": 32, "Hash": "03e258ba2c85266ef2adbdd5ba9d4ad8", "Is Static": false, "Numeric Consts": [0, 4, 12, 7247, 16, 84, 4294967294, 24, 4294967291, 4294967295], "Strings": [], "Calls": ["gz_error", "inflateEnd"], "Unknown Functions": ["close", "free"], "Unknown Globals": [], "Code Block Sizes": [26, 18, 6, 5, 4, 4, 2, 2, 2, 2, 1, 1, 1, 1, 1], "Call Order": {"gz_error": [["inflateEnd", "free"]], "close": [["gz_error", "free", "inflateEnd"]], "inflateEnd": [[]], "free": [["inflateEnd"], ["gz_error", "inflateEnd"], ["inflateEnd"], ["gz_error", "close", "inflateEnd"]]}}]}, "Anchors (Src Index)": [59, 76, 136, 7]}