{"Files": {"crc32.o": [{"Function Name": "get_crc_table", "Instruction Count": 5, "Stack Frame Size": 8, "Hash": "db63185ccd78ea2aa00ec2a01fd8a52e", "Is Static": false, "Numeric Consts": [], "Strings": [], "Calls": [], "Unknown Functions": [], "Unknown Globals": [], "Code Block Sizes": [5], "Call Order": {}}, {"Function Name": "crc32", "Instruction Count": 36, "Stack Frame Size": 48, "Hash": "3249b18ae539b89c7ec7e24e5f718ef0", "Is Static": false, "Numeric Consts": [40, 0, 4, 16, 1], "Strings": [], "Calls": ["crc32_little", "crc32_big"], "Unknown Functions": ["__stack_chk_fail"], "Unknown Globals": [], "Code Block Sizes": [10, 7, 6, 5, 3, 2, 2, 1], "Call Order": {"crc32_little": [[]], "crc32_big": [[]], "__stack_chk_fail": [["crc32_little", "crc32_big"]]}}, {"Function Name": "crc32_little", "Instruction Count": 275, "Stack Frame Size": 16, "Hash": "a3f14b818d6e3d9a67f3ad27d4fa7fab", "Is Static": true, "Numeric Consts": [512, 1, 3, 4, 0, 32, 8, 256, 16, 24, 768, 31], "Strings": [], "Calls": [], "Unknown Functions": [], "Unknown Globals": [], "Code Block Sizes": [193, 25, 15, 13, 7, 6, 4, 3, 2, 2, 2, 2, 1], "Call Order": {}}, {"Function Name": "crc32_big", "Instruction Count": 306, "Stack Frame Size": 16, "Hash": "1da41676ea51f98fa55901d269c6042a", "Is Static": true, "Numeric Consts": [0, 1, 3, 4, 1024, 32, 8, 1280, 16, 65280, 1536, 24, 1792, 31], "Strings": [], "Calls": [], "Unknown Functions": [], "Unknown Globals": [], "Code Block Sizes": [193, 25, 20, 18, 17, 15, 4, 4, 3, 2, 2, 2, 1], "Call Order": {}}, {"Function Name": "gf2_matrix_times", "Instruction Count": 19, "Stack Frame Size": 24, "Hash": "1e72720acacc30b1c080da7bb816fa27", "Is Static": true, "Numeric Consts": [16, 0, 4, 1], "Strings": [], "Calls": [], "Unknown Functions": [], "Unknown Globals": [], "Code Block Sizes": [5, 4, 3, 3, 2, 2], "Call Order": {}}, {"Function Name": "gf2_matrix_square", "Instruction Count": 27, "Stack Frame Size": 28, "Hash": "026c44b49aba2d3abe9dfcb1bdc36432", "Is Static": true, "Numeric Consts": [16, 0, 1, 8, 31], "Strings": [], "Calls": ["gf2_matrix_times"], "Unknown Functions": [], "Unknown Globals": [], "Code Block Sizes": [15, 6, 4, 2], "Call Order": {"gf2_matrix_times": [[]]}}, {"Function Name": "crc32_combine", "Instruction Count": 82, "Stack Frame Size": 288, "Hash": "a59f0ee64d46d2273de05b24605ddbb5", "Is Static": false, "Numeric Consts": [0, 1, 8, 280, 3988292384, 31], "Strings": [], "Calls": ["gf2_matrix_times", "gf2_matrix_square"], "Unknown Functions": ["__stack_chk_fail"], "Unknown Globals": [], "Code Block Sizes": [12, 10, 10, 8, 6, 6, 5, 4, 3, 3, 3, 3, 2, 2, 1, 1, 1, 1, 1], "Call Order": {"gf2_matrix_times": [["gf2_matrix_square"], ["gf2_matrix_square"]], "gf2_matrix_square": [[], ["gf2_matrix_times"], ["gf2_matrix_times"], []], "__stack_chk_fail": [["gf2_matrix_times", "gf2_matrix_square"]]}}], "trees.o": [{"Function Name": "tr_static_init", "Instruction Count": 5, "Stack Frame Size": 8, "Hash": "e78ae0f9f6283270786ed4586f2cd613", "Is Static": true, "Numeric Consts": [], "Strings": [], "Calls": [], "Unknown Functions": [], "Unknown Globals": [], "Code Block Sizes": [5], "Call Order": {}}, {"Function Name": "_tr_init", "Instruction Count": 35, "Stack Frame Size": 16, "Hash": "cc363b3eee15bf5eb571dcc5410f6892", "Is Static": false, "Numeric Consts": [8, 0, 12, 16], "Strings": [], "Calls": ["tr_static_init", "init_block"], "Unknown Functions": [], "Unknown Globals": [], "Code Block Sizes": [35], "Call Order": {"init_block": [["tr_static_init"]], "tr_static_init": [[]]}}, {"Function Name": "init_block", "Instruction Count": 47, "Stack Frame Size": 24, "Hash": "b4293a5a2e93707771b6c9c0c7d0a520", "Is Static": true, "Numeric Consts": [0, 608, 36, 1, 285, 16, 18, 668, 29], "Strings": [], "Calls": [], "Unknown Functions": [], "Unknown Globals": [], "Code Block Sizes": [17, 5, 5, 5, 5, 2, 2, 2, 2, 2], "Call Order": {}}, {"Function Name": "pqdownheap", "Instruction Count": 136, "Stack Frame Size": 24, "Hash": "f79b0206b8f3ee8fd50655d28cce93a0", "Is Static": true, "Numeric Consts": [16, 1, 724, 5208], "Strings": [], "Calls": [], "Unknown Functions": [], "Unknown Globals": [], "Code Block Sizes": [19, 19, 15, 15, 15, 13, 12, 11, 8, 4, 4, 1], "Call Order": {}}, {"Function Name": "gen_bitlen", "Instruction Count": 253, "Stack Frame Size": 76, "Hash": "0ec1f9f963fad4f5af77108145d59c54", "Is Static": true, "Numeric Consts": [64, 0, 2, 1, 15, 724, 1432, 572], "Strings": [], "Calls": [], "Unknown Functions": [], "Unknown Globals": [], "Code Block Sizes": [32, 29, 26, 21, 18, 16, 14, 13, 9, 9, 9, 7, 7, 6, 5, 4, 4, 3, 3, 2, 2, 2, 2, 2, 1, 1, 1, 1, 1, 1, 1, 1], "Call Order": {}}, {"Function Name": "gen_codes", "Instruction Count": 71, "Stack Frame Size": 96, "Hash": "1424f651d6a0c51a8715a7e284f68263", "Is Static": true, "Numeric Consts": [0, 1, 8, 15, 16, 84, 2147483647], "Strings": [], "Calls": ["bi_reverse"], "Unknown Functions": ["__stack_chk_fail"], "Unknown Globals": [], "Code Block Sizes": [17, 14, 14, 9, 4, 3, 3, 2, 2, 1, 1, 1], "Call Order": {"bi_reverse": [[]], "__stack_chk_fail": [["bi_reverse"]]}}, {"Function Name": "build_tree", "Instruction Count": 274, "Stack Frame Size": 48, "Hash": "fb87cdddea03c9e17e0924e299362c5d", "Is Static": true, "Numeric Consts": [0, 1, 36, 8, 12, 16, 724, 5208, 4, 2876, 573, 4294967295, 31], "Strings": [], "Calls": ["pqdownheap", "gen_codes", "gen_bitlen"], "Unknown Functions": [], "Unknown Globals": [], "Code Block Sizes": [71, 31, 28, 24, 22, 19, 11, 11, 9, 7, 7, 6, 6, 5, 4, 3, 3, 2, 2, 1, 1, 1], "Call Order": {"gen_bitlen": [["pqdownheap"]], "gen_codes": [["gen_bitlen", "pqdownheap"]], "pqdownheap": [[], [], []]}}, {"Function Name": "scan_tree", "Instruction Count": 112, "Stack Frame Size": 40, "Hash": "9bde05fe790e0c8efa4ab81ae26379ad", "Is Static": true, "Numeric Consts": [32, 0, 3, 4, 6, 7, 138, 1, 668, 10, 4294967295], "Strings": [], "Calls": [], "Unknown Functions": [], "Unknown Globals": [], "Code Block Sizes": [14, 13, 11, 9, 8, 6, 6, 5, 5, 3, 3, 3, 3, 3, 3, 3, 3, 3, 2, 2, 2, 1, 1], "Call Order": {}}, {"Function Name": "send_tree", "Instruction Count": 828, "Stack Frame Size": 108, "Hash": "0b6df43927815377d26124ab6d908ca9", "Is Static": true, "Numeric Consts": [96, 0, 2, 3, 4, 6, 7, 8, 138, 11, 16, 1, 668, 10, 4294967295], "Strings": [], "Calls": [], "Unknown Functions": [], "Unknown Globals": [], "Code Block Sizes": [65, 65, 63, 63, 63, 62, 62, 62, 23, 23, 21, 21, 21, 21, 21, 20, 14, 14, 12, 12, 10, 10, 10, 7, 7, 7, 5, 5, 3, 3, 3, 3, 3, 3, 3, 3, 3, 2, 2, 2, 2, 1, 1, 1, 1], "Call Order": {}}, {"Function Name": "build_bl_tree", "Instruction Count": 58, "Stack Frame Size": 32, "Hash": "6d55097708cc33a7e95bc0239b24f17c", "Is Static": true, "Numeric Consts": [1, 2, 2440, 12, 16, 8, 18, 148, 24, 668, 2864], "Strings": [], "Calls": ["scan_tree", "build_tree"], "Unknown Functions": [], "Unknown Globals": [], "Code Block Sizes": [30, 14, 9, 2, 1, 1, 1], "Call Order": {"scan_tree": [[], []], "build_tree": [["scan_tree"]]}}, {"Function Name": "send_all_trees", "Instruction Count": 400, "Stack Frame Size": 60, "Hash": "8172ea2e525cc95d428cd757dd4e823c", "Is Static": true, "Numeric Consts": [0, 1, 3, 4, 5, 257, 8, 12, 16, 2440, 148, 48, 668], "Strings": [], "Calls": ["send_tree"], "Unknown Functions": [], "Unknown Globals": [], "Code Block Sizes": [68, 62, 62, 62, 26, 22, 20, 20, 20, 11, 7, 7, 7, 3, 2, 1], "Call Order": {"send_tree": [[], []]}}, {"Function Name": "_tr_stored_block", "Instruction Count": 101, "Stack Frame Size": 32, "Hash": "b3be9a2670a0e8dca1e19e475a8603b6", "Is Static": false, "Numeric Consts": [16, 8, 3, 20, 1], "Strings": [], "Calls": ["copy_block"], "Unknown Functions": [], "Unknown Globals": [], "Code Block Sizes": [61, 19, 11, 10], "Call Order": {"copy_block": [[]]}}, {"Function Name": "_tr_align", "Instruction Count": 381, "Stack Frame Size": 48, "Hash": "d94a0d17f968065822ef35b7cf93a9a9", "Is Static": false, "Numeric Consts": [0, 2, 3, 36, 7, 8, 12, 16], "Strings": [], "Calls": ["bi_flush"], "Unknown Functions": [], "Unknown Globals": [], "Code Block Sizes": [62, 62, 60, 60, 20, 20, 19, 19, 13, 11, 9, 9, 7, 6, 4], "Call Order": {"bi_flush": [[], []]}}, {"Function Name": "_tr_flush_block", "Instruction Count": 303, "Stack Frame Size": 48, "Hash": "07f39809bf09416b7e54b61ef71f278e", "Is Static": false, "Numeric Consts": [0, 1, 2, 3, 36, 5, 8, 10, 12, 16, 148, 2840, 2852, 4], "Strings": [], "Calls": ["bi_windup", "compress_block", "build_tree", "_tr_stored_block", "init_block", "build_bl_tree", "send_all_trees", "set_data_type"], "Unknown Functions": [], "Unknown Globals": [], "Code Block Sizes": [62, 62, 32, 24, 20, 20, 9, 7, 7, 7, 7, 6, 5, 5, 4, 4, 4, 4, 4, 3, 3, 2, 2], "Call Order": {"bi_windup": [["init_block", "compress_block", "build_tree", "_tr_stored_block", "build_bl_tree", "send_all_trees", "set_data_type"]], "compress_block": [["build_bl_tree", "build_tree", "set_data_type"], ["build_bl_tree", "send_all_trees", "build_tree", "set_data_type"]], "build_tree": [["set_data_type"], ["set_data_type"]], "_tr_stored_block": [["build_bl_tree", "build_tree", "set_data_type"]], "init_block": [["compress_block", "build_tree", "_tr_stored_block", "build_bl_tree", "send_all_trees", "set_data_type"]], "build_bl_tree": [["build_tree", "set_data_type"]], "send_all_trees": [["build_bl_tree", "build_tree", "set_data_type"]], "set_data_type": [[]]}}, {"Function Name": "_tr_tally", "Instruction Count": 81, "Stack Frame Size": 12, "Hash": "0326bf8897dd6a1ec887a002b72ceb5f", "Is Static": false, "Numeric Consts": [0, 1, 36, 257, 7, 256, 608, 255], "Strings": [], "Calls": [], "Unknown Functions": [], "Unknown Globals": [], "Code Block Sizes": [23, 20, 11, 10, 7, 5, 5], "Call Order": {}}, {"Function Name": "compress_block", "Instruction Count": 662, "Stack Frame Size": 92, "Hash": "6814913fc7a4b5f51d53ddb9bf429919", "Is Static": true, "Numeric Consts": [0, 257, 1, 1024, 7, 8, 80, 256, 16, 255], "Strings": [], "Calls": [], "Unknown Functions": [], "Unknown Globals": [], "Code Block Sizes": [67, 66, 66, 64, 61, 61, 25, 25, 24, 22, 19, 19, 19, 17, 14, 13, 11, 11, 11, 11, 9, 5, 5, 5, 5, 4, 3], "Call Order": {}}, {"Function Name": "set_data_type", "Instruction Count": 40, "Stack Frame Size": 24, "Hash": "8d44a24c640d131437eb000a0a724929", "Is Static": true, "Numeric Consts": [0, 1, 36, 32, 8, 9, 14, 16, 31], "Strings": [], "Calls": [], "Unknown Functions": [], "Unknown Globals": [], "Code Block Sizes": [9, 6, 6, 5, 2, 2, 2, 2, 1, 1, 1, 1, 1, 1], "Call Order": {}}, {"Function Name": "bi_reverse", "Instruction Count": 17, "Stack Frame Size": 12, "Hash": "3e73d96bb2bf4bac9e6db146a6914c7e", "Is Static": true, "Numeric Consts": [0, 1], "Strings": [], "Calls": [], "Unknown Functions": [], "Unknown Globals": [], "Code Block Sizes": [8, 5, 4], "Call Order": {}}, {"Function Name": "bi_flush", "Instruction Count": 65, "Stack Frame Size": 12, "Hash": "df38321c7914b1f40fa2dae56d64b593", "Is Static": true, "Numeric Consts": [16, 8, 0, 7], "Strings": [], "Calls": [], "Unknown Functions": [], "Unknown Globals": [], "Code Block Sizes": [28, 22, 7, 4, 4], "Call Order": {}}, {"Function Name": "bi_windup", "Instruction Count": 54, "Stack Frame Size": 12, "Hash": "ba5146b7caf2d0bb8ea599620f4f0572", "Is Static": true, "Numeric Consts": [8, 0], "Strings": [], "Calls": [], "Unknown Functions": [], "Unknown Globals": [], "Code Block Sizes": [24, 11, 8, 7, 4], "Call Order": {}}, {"Function Name": "copy_block", "Instruction Count": 78, "Stack Frame Size": 12, "Hash": "6bc2a225666dafeda9e3aa39388b10de", "Is Static": true, "Numeric Consts": [8, 0, 4], "Strings": [], "Calls": ["bi_windup"], "Unknown Functions": [], "Unknown Globals": [], "Code Block Sizes": [46, 13, 10, 5, 3, 1], "Call Order": {"bi_windup": [[]]}}], "inffast.o": [{"Function Name": "inflate_fast", "Instruction Count": 587, "Stack Frame Size": 108, "Hash": "84cf0485363da8501d1dacd595a5b26a", "Is Static": false, "Numeric Consts": [96, 1, 2, 3, 5, 0, 32, 8, 64, 11, 257, 14, 15, 16, 27], "Strings": ["invalid distance code", "invalid distance too far back", "invalid literal/length code"], "Calls": [], "Unknown Functions": [], "Unknown Globals": [], "Code Block Sizes": [74, 27, 21, 21, 20, 20, 19, 16, 16, 15, 13, 13, 13, 12, 10, 10, 10, 9, 9, 9, 9, 8, 8, 8, 8, 7, 7, 7, 7, 7, 7, 7, 7, 7, 7, 6, 6, 6, 6, 6, 6, 6, 5, 5, 5, 5, 5, 4, 4, 4, 4, 4, 3, 3, 3, 3, 3, 2, 2, 2, 2, 2, 2, 2, 2, 1], "Call Order": {}}], "inftrees.o": [{"Function Name": "inflate_table", "Instruction Count": 496, "Stack Frame Size": 176, "Hash": "d4b496f6ffbc4e8f8f80f1082a60a05e", "Is Static": false, "Numeric Consts": [0, 64, 514, 1, 168, 96, 2, 256, 15, 19, 14, 1455, 4294967295], "Strings": [], "Calls": [], "Unknown Functions": ["__stack_chk_fail"], "Unknown Globals": [], "Code Block Sizes": [30, 23, 22, 21, 18, 16, 15, 15, 15, 14, 13, 12, 11, 10, 10, 10, 9, 8, 8, 8, 8, 8, 8, 7, 7, 6, 6, 6, 6, 5, 5, 4, 4, 4, 4, 4, 4, 3, 3, 3, 3, 3, 3, 3, 3, 3, 3, 3, 3, 2, 2, 2, 2, 2, 2, 2, 2, 2, 2, 2, 2, 2, 2, 2, 2, 2, 2, 2, 2, 2, 2, 2, 2, 2, 2, 2, 2, 2, 1, 1, 1, 1, 1, 1, 1, 1, 1, 1, 1, 1, 1, 1, 1, 1, 1, 1], "Call Order": {"__stack_chk_fail": [[]]}}], "inflate.o": [{"Function Name": "inflateReset", "Instruction Count": 63, "Stack Frame Size": 24, "Hash": "12501989bdffa6d99ed9b3e5d4d30597", "Is Static": false, "Numeric Consts": [16, 0, 4294967294, 32768, 1], "Strings": [], "Calls": [], "Unknown Functions": [], "Unknown Globals": [], "Code Block Sizes": [50, 5, 4, 2, 2], "Call Order": {}}, {"Function Name": "inflatePrime", "Instruction Count": 54, "Stack Frame Size": 28, "Hash": "7dc8b1b218ae53c6d91586f7b0442e90", "Is Static": false, "Numeric Consts": [16, 0, 32, 4294967294, 1], "Strings": [], "Calls": [], "Unknown Functions": [], "Unknown Globals": [], "Code Block Sizes": [25, 6, 6, 5, 4, 4, 2, 2], "Call Order": {}}, {"Function Name": "inflateInit2_", "Instruction Count": 94, "Stack Frame Size": 32, "Hash": "63c8343f88eb81c34a4003f39875a757", "Is Static": false, "Numeric Consts": [0, 1, 4, 7, 8, 12, 47, 16, 49, 9520, 24, 56, 4294967290, 15, 4294967292, 4294967294], "Strings": [], "Calls": ["zcfree", "zcalloc", "inflateReset"], "Unknown Functions": [], "Unknown Globals": [], "Code Block Sizes": [13, 13, 9, 7, 6, 5, 5, 5, 4, 4, 4, 2, 2, 2, 2, 2, 2, 2, 2, 2, 1], "Call Order": {"inflateReset": [[]]}}, {"Function Name": "inflateInit_", "Instruction Count": 11, "Stack Frame Size": 16, "Hash": "7cc8747fc69269e7f36e05567ef4f857", "Is Static": false, "Numeric Consts": [8, 16, 15], "Strings": [], "Calls": ["inflateInit2_"], "Unknown Functions": [], "Unknown Globals": [], "Code Block Sizes": [11], "Call Order": {"inflateInit2_": [[]]}}, {"Function Name": "fixedtables", "Instruction Count": 13, "Stack Frame Size": 8, "Hash": "f48f003391c7f1214165a69568d4d24b", "Is Static": true, "Numeric Consts": [9, 5], "Strings": [], "Calls": [], "Unknown Functions": [], "Unknown Globals": [], "Code Block Sizes": [13], "Call Order": {}}, {"Function Name": "updatewindow", "Instruction Count": 167, "Stack Frame Size": 32, "Hash": "ea5439ef4e1d14e3da72fa4f18b8bf73", "Is Static": true, "Numeric Consts": [16, 1, 20, 4, 0], "Strings": [], "Calls": [], "Unknown Functions": ["memcpy"], "Unknown Globals": [], "Code Block Sizes": [23, 23, 21, 20, 12, 11, 11, 10, 10, 6, 6, 4, 3, 2, 2, 2, 1], "Call Order": {"memcpy": [[], [], []]}}, {"Function Name": "inflate", "Instruction Count": 2381, "Stack Frame Size": 128, "Hash": "24159263e9b495d24b7a14046f960986", "Is Static": false, "Numeric Consts": [0, 1, 2, 3, 4, 138547333, 57344, 7, 8, 9, 10, 11, 12, 13, 14, 15, 16, 17, 18, 19, 20, 21, 512, 23, 24, 25, 22, 27, 28, 26, 286, 5, 32, 112, 4096, 6, 1024, 31, 257, 128, 30, 56, 35615, 64, 2048, 4294967295, 65535, 108, 240, 4294967294, 4294967288, 4294967291, 4294967292, 4294967293, 65280, 127], "Strings": ["unknown header flags set", "invalid literal/lengths set", "incorrect data check", "too many length or distance symbols", "invalid stored block lengths", "unknown compression method", "incorrect header check", "header crc mismatch", "invalid code lengths set", "invalid literal/length code", "invalid distances set", "invalid window size", "invalid distance too far back", "invalid distance code", "incorrect length check", "invalid bit length repeat", "invalid block type"], "Calls": ["adler32", "fixedtables", "updatewindow", "inflate_table", "crc32", "inflate_fast"], "Unknown Functions": ["__stack_chk_fail", "memcpy"], "Unknown Globals": [], "Code Block Sizes": [42, 33, 33, 32, 32, 31, 30, 28, 25, 24, 23, 23, 23, 22, 21, 21, 20, 20, 20, 18, 18, 18, 17, 17, 17, 17, 16, 16, 16, 15, 15, 15, 15, 15, 15, 15, 14, 14, 14, 14, 13, 13, 13, 13, 13, 13, 12, 12, 12, 12, 12, 12, 12, 12, 12, 12, 12, 12, 12, 12, 12, 12, 12, 12, 12, 12, 12, 12, 12, 11, 11, 11, 11, 11, 11, 11, 11, 11, 11, 11, 10, 10, 10, 10, 10, 10, 10, 10, 9, 9, 8, 8, 8, 8, 8, 8, 8, 8, 7, 7, 7, 7, 7, 7, 7, 7, 7, 6, 6, 6, 6, 6, 6, 6, 6, 6, 6, 6, 6, 6, 6, 5, 5, 5, 5, 5, 5, 5, 5, 5, 5, 5, 5, 5, 5, 5, 5, 5, 5, 5, 5, 5, 5, 5, 5, 5, 5, 5, 5, 5, 5, 5, 5, 5, 5, 5, 5, 5, 5, 5, 5, 5, 5, 5, 5, 5, 5, 5, 5, 5, 5, 5, 5, 4, 4, 4, 4, 4, 4, 4, 4, 4, 4, 4, 4, 4, 4, 4, 4, 4, 4, 4, 4, 4, 4, 4, 4, 4, 4, 4, 4, 4, 4, 4, 4, 4, 4, 4, 4, 4, 4, 4, 4, 4, 4, 4, 4, 4, 4, 4, 3, 3, 3, 3, 3, 3, 3, 3, 3, 3, 3, 3, 3, 3, 3, 3, 3, 3, 3, 3, 3, 2, 2, 2, 2, 2, 2, 2, 2, 2, 2, 2, 2, 2, 2, 2, 2, 2, 2, 2, 2, 2, 2, 2, 2, 2, 2, 2, 2, 2, 2, 2, 2, 2, 2, 2, 2, 2, 2, 2, 2, 2, 2, 2, 2, 2, 2, 2, 2, 2, 2, 2, 2, 2, 2, 2, 2, 2, 2, 2, 2, 2, 2, 2, 2, 2, 2, 2, 2, 2, 2, 2, 2, 2, 2, 2, 2, 2, 2, 2, 2, 2, 2, 2, 2, 2, 2, 2, 2, 2, 2, 2, 2, 2, 2, 2, 2, 2, 2, 2, 2, 2, 2, 2, 2, 2, 2, 2, 2, 2, 2, 2, 2, 2, 1, 1, 1, 1, 1, 1, 1, 1, 1, 1, 1, 1, 1, 1, 1, 1, 1, 1, 1, 1, 1, 1, 1, 1, 1, 1], "Call Order": {"adler32": [["crc32", "inflate_table", "fixedtables", "inflate_fast", "memcpy"], ["crc32", "inflate_table", "fixedtables", "inflate_fast", "memcpy"], ["crc32", "inflate_table", "fixedtables", "inflate_fast", "memcpy"], ["fixedtables", "updatewindow", "inflate_table", "crc32", "memcpy", "inflate_fast"]], "fixedtables": [["crc32", "inflate_table", "adler32", "memcpy", "inflate_fast"]], "updatewindow": [["adler32", "fixedtables", "inflate_table", "crc32", "memcpy", "inflate_fast"]], "inflate_table": [["crc32", "adler32", "fixedtables", "inflate_fast", "memcpy"], ["crc32", "adler32", "fixedtables", "inflate_fast", "memcpy"], ["crc32", "adler32", "fixedtables", "inflate_fast", "memcpy"]], "__stack_chk_fail": [["adler32", "fixedtables", "updatewindow", "inflate_table", "crc32", "memcpy", "inflate_fast"]], "crc32": [["inflate_table", "adler32", "fixedtables", "inflate_fast", "memcpy"], ["inflate_table", "adler32", "fixedtables", "inflate_fast", "memcpy"], ["inflate_table", "adler32", "fixedtables", "inflate_fast", "memcpy"], ["inflate_table", "adler32", "fixedtables", "inflate_fast", "memcpy"], ["inflate_table", "adler32", "fixedtables", "inflate_fast", "memcpy"], ["inflate_table", "adler32", "fixedtables", "inflate_fast", "memcpy"], ["inflate_table", "adler32", "fixedtables", "inflate_fast", "memcpy"], ["inflate_table", "adler32", "fixedtables", "inflate_fast", "memcpy"], ["inflate_table", "adler32", "fixedtables", "inflate_fast", "memcpy"], ["adler32", "fixedtables", "updatewindow", "inflate_table", "memcpy", "inflate_fast"], ["inflate_table", "adler32", "fixedtables", "inflate_fast", "memcpy"], ["inflate_table", "adler32", "fixedtables", "inflate_fast", "memcpy"]], "memcpy": [["crc32", "inflate_table", "adler32", "fixedtables", "inflate_fast"], ["crc32", "inflate_table", "adler32", "fixedtables", "inflate_fast"]], "inflate_fast": [["crc32", "inflate_table", "adler32", "memcpy", "fixedtables"]]}}, {"Function Name": "inflateEnd", "Instruction Count": 49, "Stack Frame Size": 32, "Hash": "7a5776e65b8bb7cc4689cac3ed2916fd", "Is Static": false, "Numeric Consts": [24, 0, 4294967294, 16, 8], "Strings": [], "Calls": [], "Unknown Functions": [], "Unknown Globals": [], "Code Block Sizes": [14, 11, 7, 5, 4, 4, 2, 2], "Call Order": {}}, {"Function Name": "inflateSetDictionary", "Instruction Count": 106, "Stack Frame Size": 32, "Hash": "3f2c0470e6f84658cfff15916c930e13", "Is Static": false, "Numeric Consts": [0, 1, 4, 8, 28, 10, 16, 24, 4294967292, 4294967293, 4294967294], "Strings": [], "Calls": ["adler32", "updatewindow"], "Unknown Functions": ["memcpy"], "Unknown Globals": [], "Code Block Sizes": [21, 18, 15, 9, 7, 5, 4, 4, 4, 4, 4, 3, 2, 2, 2, 2], "Call Order": {"adler32": [[], []], "memcpy": [["adler32", "updatewindow"], ["adler32", "updatewindow"]], "updatewindow": [["adler32"]]}}, {"Function Name": "inflateGetHeader", "Instruction Count": 29, "Stack Frame Size": 24, "Hash": "81c686fa315d0ebb1013bc4a8a7c1008", "Is Static": false, "Numeric Consts": [16, 0, 2, 4294967294], "Strings": [], "Calls": [], "Unknown Functions": [], "Unknown Globals": [], "Code Block Sizes": [8, 6, 5, 4, 2, 2, 2], "Call Order": {}}, {"Function Name": "syncsearch", "Instruction Count": 45, "Stack Frame Size": 24, "Hash": "2e24d105165eefeec0446f990e1022b9", "Is Static": true, "Numeric Consts": [0, 1, 3, 4, 16, 255], "Strings": [], "Calls": [], "Unknown Functions": [], "Unknown Globals": [], "Code Block Sizes": [8, 7, 6, 6, 3, 3, 2, 2, 2, 2, 2, 1, 1], "Call Order": {}}, {"Function Name": "inflateSync", "Instruction Count": 143, "Stack Frame Size": 64, "Hash": "1237c365e786d3f45302d45bc86f307f", "Is Static": false, "Numeric Consts": [0, 4, 7, 8, 11, 12, 29, 56, 4294967288, 104, 4294967291, 4294967293, 4294967294], "Strings": [], "Calls": ["syncsearch", "inflateReset"], "Unknown Functions": ["__stack_chk_fail"], "Unknown Globals": [], "Code Block Sizes": [34, 19, 18, 17, 10, 10, 7, 4, 4, 4, 4, 3, 2, 2, 2, 2, 1], "Call Order": {"syncsearch": [[], []], "__stack_chk_fail": [["syncsearch", "inflateReset"]], "inflateReset": [["syncsearch"]]}}, {"Function Name": "inflateSyncPoint", "Instruction Count": 28, "Stack Frame Size": 24, "Hash": "ebe85358af9a909a2cf8056cfa2837b2", "Is Static": false, "Numeric Consts": [16, 0, 13, 4294967294, 1], "Strings": [], "Calls": [], "Unknown Functions": [], "Unknown Globals": [], "Code Block Sizes": [7, 5, 4, 4, 2, 2, 2, 1, 1], "Call Order": {}}, {"Function Name": "inflateCopy", "Instruction Count": 163, "Stack Frame Size": 32, "Hash": "fbb7010754ba8a801a3e1e7a3893a947", "Is Static": false, "Numeric Consts": [0, 1, 4, 8, 4294967292, 1328, 16, 20, 9520, 56, 8188, 4294967294], "Strings": [], "Calls": [], "Unknown Functions": ["memcpy"], "Unknown Globals": [], "Code Block Sizes": [24, 19, 18, 16, 15, 14, 11, 7, 7, 6, 5, 4, 4, 4, 2, 2, 2, 2, 1], "Call Order": {"memcpy": [[], [], []]}}], "uncompr.o": [{"Function Name": "uncompress", "Instruction Count": 88, "Stack Frame Size": 96, "Hash": "f924eecd97747c2bf71c57804ff9a4cc", "Is Static": false, "Numeric Consts": [0, 1, 2, 4, 8, 12, 16, 88, 56, 4294967291, 4294967293], "Strings": ["1.2.3"], "Calls": ["inflateInit_", "inflate", "inflateEnd"], "Unknown Functions": ["__stack_chk_fail"], "Unknown Globals": [], "Code Block Sizes": [19, 12, 10, 10, 9, 7, 3, 3, 2, 2, 2, 2, 2, 2, 1, 1, 1], "Call Order": {"inflate": [["inflateInit_"]], "inflateInit_": [[]], "inflateEnd": [["inflate", "inflateInit_"], ["inflate", "inflateInit_"]], "__stack_chk_fail": [["inflate", "inflateInit_", "inflateEnd"]]}}], "infback.o": [{"Function Name": "inflateBackInit_", "Instruction Count": 79, "Stack Frame Size": 32, "Hash": "b41246deaaa697dd44dcaab3bd2039b9", "Is Static": false, "Numeric Consts": [0, 1, 4, 32768, 7, 15, 16, 49, 9520, 24, 56, 4294967290, 4294967292, 4294967294], "Strings": [], "Calls": ["zcfree", "zcalloc"], "Unknown Functions": [], "Unknown Globals": [], "Code Block Sizes": [22, 13, 6, 5, 5, 4, 4, 2, 2, 2, 2, 2, 2, 2, 2, 2, 2], "Call Order": {}}, {"Function Name": "fixedtables", "Instruction Count": 13, "Stack Frame Size": 8, "Hash": "e2e7c4d20c4dcc7b18dea8aa1ad202a1", "Is Static": true, "Numeric Consts": [9, 5], "Strings": [], "Calls": [], "Unknown Functions": [], "Unknown Globals": [], "Code Block Sizes": [13], "Call Order": {}}, {"Function Name": "inflateBack", "Instruction Count": 1495, "Stack Frame Size": 128, "Hash": "597aa24d12cf55b5c13a57f75fe73eff", "Is Static": false, "Numeric Consts": [0, 1, 2, 3, 4, 5, 6, 7, 8, 9, 11, 12, 13, 15, 16, 17, 18, 19, 26, 27, 286, 31, 32, 112, 257, 30, 56, 64, 65535, 108, 240, 4294967288, 4294967291, 4294967293, 4294967294, 127], "Strings": ["invalid literal/lengths set", "too many length or distance symbols", "invalid stored block lengths", "invalid distance too far back", "invalid code lengths set", "invalid literal/length code", "invalid distances set", "invalid distance code", "invalid bit length repeat", "invalid block type"], "Calls": ["inflate_table", "inflate_fast", "fixedtables"], "Unknown Functions": ["__stack_chk_fail", "memcpy"], "Unknown Globals": [], "Code Block Sizes": [33, 33, 32, 32, 30, 26, 25, 24, 23, 21, 20, 20, 18, 18, 18, 18, 18, 18, 17, 17, 15, 15, 15, 15, 14, 14, 14, 13, 13, 13, 13, 13, 12, 12, 12, 12, 12, 12, 12, 12, 12, 12, 12, 11, 11, 11, 11, 10, 10, 10, 10, 10, 10, 10, 10, 10, 10, 10, 10, 10, 10, 10, 10, 10, 10, 10, 10, 10, 10, 9, 9, 9, 8, 8, 8, 8, 8, 7, 7, 7, 7, 6, 6, 6, 6, 6, 5, 5, 5, 5, 5, 5, 5, 5, 5, 5, 5, 5, 5, 5, 5, 5, 5, 5, 5, 5, 4, 4, 4, 4, 4, 4, 4, 4, 4, 4, 4, 4, 4, 4, 4, 3, 3, 3, 3, 3, 3, 3, 3, 3, 3, 3, 3, 3, 3, 3, 3, 3, 3, 3, 3, 3, 3, 3, 3, 3, 3, 3, 3, 3, 3, 2, 2, 2, 2, 2, 2, 2, 2, 2, 2, 2, 2, 2, 2, 2, 2, 2, 2, 2, 2, 2, 2, 2, 2, 2, 2, 2, 2, 2, 2, 2, 2, 2, 2, 2, 2, 2, 2, 2, 2, 2, 1, 1, 1, 1, 1, 1, 1, 1, 1, 1, 1, 1, 1, 1], "Call Order": {"inflate_fast": [["inflate_table", "memcpy", "fixedtables"]], "inflate_table": [["inflate_fast", "memcpy", "fixedtables"], ["inflate_fast", "memcpy", "fixedtables"], ["inflate_fast", "memcpy", "fixedtables"]], "memcpy": [["inflate_table", "inflate_fast", "fixedtables"]], "fixedtables": [["inflate_table", "memcpy", "inflate_fast"]], "__stack_chk_fail": [["inflate_fast", "inflate_table", "memcpy", "fixedtables"]]}}, {"Function Name": "inflateBackEnd", "Instruction Count": 31, "Stack Frame Size": 16, "Hash": "41527d1c457813cdb064aa4ac525d01b", "Is Static": false, "Numeric Consts": [8, 0, 4294967294, 16], "Strings": [], "Calls": [], "Unknown Functions": [], "Unknown Globals": [], "Code Block Sizes": [14, 5, 4, 4, 2, 1, 1], "Call Order": {}}], "adler32.o": [{"Function Name": "adler32", "Instruction Count": 358, "Stack Frame Size": 24, "Hash": "c74ed1d8e59f2c8e7545a04e1d892b94", "Is Static": false, "Numeric Consts": [0, 1, 2, 3, 4, 5, 6, 7, 8, 9, 10, 11, 12, 13, 14, 15, 16, 2147975281, 5551, 5552, 347, 65520, 65521, 65535], "Strings": [], "Calls": [], "Unknown Functions": [], "Unknown Globals": [], "Code Block Sizes": [115, 113, 20, 20, 14, 9, 8, 8, 6, 5, 5, 4, 4, 3, 2, 2, 2, 2, 2, 2, 2, 2, 2, 1, 1, 1, 1, 1, 1], "Call Order": {}}, {"Function Name": "adler32_combine", "Instruction Count": 67, "Stack Frame Size": 24, "Hash": "385a9b32aacb1f32e1a42671e1b7b966", "Is Static": false, "Numeric Consts": [16, 131042, 2147975281, 15, 65520, 65521], "Strings": [], "Calls": [], "Unknown Functions": [], "Unknown Globals": [], "Code Block Sizes": [52, 4, 2, 2, 2, 1, 1, 1, 1, 1], "Call Order": {}}], "zutil.o": [{"Function Name": "zlibVersion", "Instruction Count": 5, "Stack Frame Size": 8, "Hash": "1232c2ff81892fb620632696c5ddb70c", "Is Static": false, "Numeric Consts": [], "Strings": ["1.2.3"], "Calls": [], "Unknown Functions": [], "Unknown Globals": [], "Code Block Sizes": [5], "Call Order": {}}, {"Function Name": "zlibCompileFlags", "Instruction Count": 15, "Stack Frame Size": 24, "Hash": "2b3a5877962c1db7aede45f3126708b9", "Is Static": false, "Numeric Consts": [16, 0, 4, 64, 1], "Strings": [], "Calls": [], "Unknown Functions": [], "Unknown Globals": [], "Code Block Sizes": [15], "Call Order": {}}, {"Function Name": "zError", "Instruction Count": 7, "Stack Frame Size": 8, "Hash": "faae8129640e446a17a75706384b7fed", "Is Static": false, "Numeric Consts": [2], "Strings": [], "Calls": [], "Unknown Functions": [], "Unknown Globals": [], "Code Block Sizes": [7], "Call Order": {}}, {"Function Name": "zcalloc", "Instruction Count": 12, "Stack Frame Size": 16, "Hash": "7073b2761789f5b87f84a4ab4feaa0cc", "Is Static": false, "Numeric Consts": [8, 0, 12, 16], "Strings": [], "Calls": [], "Unknown Functions": ["malloc"], "Unknown Globals": [], "Code Block Sizes": [12], "Call Order": {"malloc": [[]]}}, {"Function Name": "zcfree", "Instruction Count": 10, "Stack Frame Size": 16, "Hash": "3c8fa17d0f82da3542fa3a28dc537cf0", "Is Static": false, "Numeric Consts": [8, 16, 12, 0], "Strings": [], "Calls": [], "Unknown Functions": ["free"], "Unknown Globals": [], "Code Block Sizes": [9, 1], "Call Order": {"free": [[]]}}], "compress.o": [{"Function Name": "compress2", "Instruction Count": 79, "Stack Frame Size": 96, "Hash": "821ba0d55bda5b82a7e0d4e9dc2ed024", "Is Static": false, "Numeric Consts": [0, 1, 4, 8, 12, 16, 88, 56, 4294967291], "Strings": ["1.2.3"], "Calls": ["deflateEnd", "deflateInit_", "deflate"], "Unknown Functions": ["__stack_chk_fail"], "Unknown Globals": [], "Code Block Sizes": [26, 13, 10, 9, 7, 3, 2, 2, 2, 2, 2, 1], "Call Order": {"deflateEnd": [["deflate", "deflateInit_"], ["deflateInit_", "deflate"]], "deflateInit_": [[]], "deflate": [["deflateInit_"]], "__stack_chk_fail": [["deflateEnd", "deflate", "deflateInit_"]]}}, {"Function Name": "compress", "Instruction Count": 13, "Stack Frame Size": 16, "Hash": "63acf3a649831d39fec497bf2fc4682f", "Is Static": false, "Numeric Consts": [8, 32, 12, 4294967295], "Strings": [], "Calls": ["compress2"], "Unknown Functions": [], "Unknown Globals": [], "Code Block Sizes": [13], "Call Order": {"compress2": [[]]}}, {"Function Name": "compressBound", "Instruction Count": 13, "Stack Frame Size": 8, "Hash": "7d1b14c9bf9dbe7dd3c0fb344ecada4a", "Is Static": false, "Numeric Consts": [11, 12, 14], "Strings": [], "Calls": [], "Unknown Functions": [], "Unknown Globals": [], "Code Block Sizes": [12, 1], "Call Order": {}}], "deflate.o": [{"Function Name": "deflateInit_", "Instruction Count": 15, "Stack Frame Size": 16, "Hash": "492ed131c63c5c2b51424a98e954ecbe", "Is Static": false, "Numeric Consts": [8, 0, 15, 32], "Strings": [], "Calls": ["deflateInit2_"], "Unknown Functions": [], "Unknown Globals": [], "Code Block Sizes": [15], "Call Order": {"deflateInit2_": [[]]}}, {"Function Name": "deflateInit2_", "Instruction Count": 276, "Stack Frame Size": 32, "Hash": "a629bb5732d1753c5f8f5c70cdac6906", "Is Static": false, "Numeric Consts": [0, 1, 2, 4, 6, 7, 8, 9, 2863311531, 12, 15, 16, 24, 5824, 4294967294, 56, 4294967290, 4294967292, 666, 4294967295], "Strings": [], "Calls": ["zcfree", "deflateEnd", "zcalloc", "deflateReset"], "Unknown Functions": [], "Unknown Globals": [], "Code Block Sizes": [134, 32, 13, 11, 6, 6, 5, 4, 4, 4, 4, 4, 3, 2, 2, 2, 2, 2, 2, 2, 2, 2, 2, 2, 2, 2, 2, 2, 2, 2, 2, 2, 2, 2, 2, 1, 1], "Call Order": {"deflateEnd": [[]], "deflateReset": [[]]}}, {"Function Name": "deflateSetDictionary", "Instruction Count": 162, "Stack Frame Size": 32, "Hash": "0a931c5d9dd9f20ff69f9fec9a65ff97", "Is Static": false, "Numeric Consts": [0, 1, 2, 3, 4, 262, 42, 16, 24, 4294967294], "Strings": [], "Calls": ["adler32"], "Unknown Functions": ["memcpy"], "Unknown Globals": [], "Code Block Sizes": [48, 39, 11, 8, 7, 7, 5, 5, 5, 5, 4, 4, 2, 2, 2, 2, 2, 2, 1, 1], "Call Order": {"adler32": [[]], "memcpy": [["adler32"]]}}, {"Function Name": "deflateReset", "Instruction Count": 91, "Stack Frame Size": 32, "Hash": "5e198aa3907de2e9be5a9a691daf37fa", "Is Static": false, "Numeric Consts": [0, 2, 4, 42, 12, 16, 113, 24, 4294967294], "Strings": [], "Calls": ["crc32", "_tr_init", "adler32", "lm_init"], "Unknown Functions": [], "Unknown Globals": [], "Code Block Sizes": [23, 13, 8, 7, 6, 6, 5, 4, 4, 4, 4, 2, 2, 2, 1], "Call Order": {"crc32": [[]], "_tr_init": [["crc32", "adler32"]], "adler32": [[]], "lm_init": [["crc32", "_tr_init", "adler32"]]}}, {"Function Name": "deflateSetHeader", "Instruction Count": 24, "Stack Frame Size": 8, "Hash": "c8c7bb3c1f5a477f29b2c567f0620a33", "Is Static": false, "Numeric Consts": [0, 2, 4294967294], "Strings": [], "Calls": [], "Unknown Functions": [], "Unknown Globals": [], "Code Block Sizes": [5, 5, 4, 4, 2, 2, 2], "Call Order": {}}, {"Function Name": "deflatePrime", "Instruction Count": 33, "Stack Frame Size": 16, "Hash": "0f79bddbe99affc0987a47ff0904a3ae", "Is Static": false, "Numeric Consts": [0, 1, 4294967294], "Strings": [], "Calls": [], "Unknown Functions": [], "Unknown Globals": [], "Code Block Sizes": [17, 6, 4, 4, 2], "Call Order": {}}, {"Function Name": "deflateParams", "Instruction Count": 109, "Stack Frame Size": 32, "Hash": "ffa6d1ac4d3d272c3148bf135436672b", "Is Static": false, "Numeric Consts": [0, 1, 2, 4, 6, 8, 9, 16, 4294967295, 24, 4294967294], "Strings": [], "Calls": ["deflate"], "Unknown Functions": [], "Unknown Globals": [], "Code Block Sizes": [43, 18, 6, 6, 5, 4, 4, 4, 4, 2, 2, 2, 2, 2, 2, 2, 1], "Call Order": {"deflate": [[]]}}, {"Function Name": "deflateTune", "Instruction Count": 29, "Stack Frame Size": 24, "Hash": "9e58a3fa65ccaf94e3bc878cf7fdcd9f", "Is Static": false, "Numeric Consts": [16, 0, 4294967294], "Strings": [], "Calls": [], "Unknown Functions": [], "Unknown Globals": [], "Code Block Sizes": [16, 5, 4, 2, 2], "Call Order": {}}, {"Function Name": "deflateBound", "Instruction Count": 42, "Stack Frame Size": 32, "Hash": "fc65718044eba579e0c7bb1a08de2afb", "Is Static": false, "Numeric Consts": [0, 3, 6, 7, 11, 12, 15, 16, 24, 63], "Strings": [], "Calls": ["compressBound"], "Unknown Functions": [], "Unknown Globals": [], "Code Block Sizes": [17, 7, 4, 4, 4, 2, 2, 2], "Call Order": {"compressBound": [[]]}}, {"Function Name": "putShortMSB", "Instruction Count": 28, "Stack Frame Size": 12, "Hash": "7801effe09322503d33f86628ba21ceb", "Is Static": true, "Numeric Consts": [8], "Strings": [], "Calls": [], "Unknown Functions": [], "Unknown Globals": [], "Code Block Sizes": [28], "Call Order": {}}, {"Function Name": "flush_pending", "Instruction Count": 75, "Stack Frame Size": 32, "Hash": "dc6d3c6953fa51244d04625878180064", "Is Static": true, "Numeric Consts": [24, 0, 4, 16], "Strings": [], "Calls": [], "Unknown Functions": ["memcpy"], "Unknown Globals": [], "Code Block Sizes": [49, 11, 7, 3, 2, 2, 1], "Call Order": {"memcpy": [[]]}}, {"Function Name": "deflate", "Instruction Count": 1203, "Stack Frame Size": 64, "Hash": "911ad0c86f5da662454068552e73ab11", "Is Static": false, "Numeric Consts": [0, 1, 2, 3, 4, 138547333, 6, 8, 9, 139, 12, 16, 24, 666, 5, 31, 32, 42, 52, 69, 73, 91, 103, 113, 4294967294, 4294967291, 4294967295, 2147483647], "Strings": [], "Calls": ["flush_pending", "adler32", "deflate_stored", "_tr_stored_block", "putShortMSB", "crc32", "_tr_align"], "Unknown Functions": ["memset"], "Unknown Globals": [], "Code Block Sizes": [95, 65, 57, 40, 35, 30, 25, 24, 24, 21, 20, 19, 19, 19, 19, 19, 19, 19, 18, 16, 16, 16, 15, 13, 13, 13, 13, 13, 11, 9, 8, 8, 8, 8, 8, 7, 7, 7, 7, 7, 6, 6, 6, 6, 6, 6, 6, 6, 5, 5, 5, 5, 5, 5, 5, 5, 5, 5, 5, 5, 5, 5, 5, 5, 5, 5, 5, 5, 4, 4, 4, 4, 4, 4, 4, 4, 4, 4, 4, 4, 4, 4, 4, 4, 4, 4, 4, 4, 4, 4, 4, 4, 4, 4, 4, 4, 4, 4, 4, 4, 4, 4, 4, 4, 4, 3, 3, 3, 3, 3, 2, 2, 2, 2, 2, 2, 2, 2, 2, 2, 2, 2, 2, 2, 2, 2, 2, 2, 2, 2, 2, 2, 2, 2, 2, 2, 2, 2, 2, 2, 2, 2, 2, 2, 2, 2, 1, 1, 1, 1, 1, 1, 1, 1, 1, 1], "Call Order": {"flush_pending": [["crc32", "putShortMSB", "adler32"], ["crc32", "putShortMSB", "adler32"], ["crc32", "putShortMSB", "adler32"], ["crc32", "putShortMSB", "adler32"], ["crc32", "putShortMSB", "adler32"], ["adler32", "deflate_stored", "_tr_stored_block", "memset", "putShortMSB", "crc32", "_tr_align"], ["adler32", "deflate_stored", "_tr_stored_block", "memset", "putShortMSB", "crc32", "_tr_align"]], "adler32": [["putShortMSB"]], "deflate_stored": [["crc32", "putShortMSB", "flush_pending", "adler32"]], "_tr_stored_block": [["crc32", "putShortMSB", "flush_pending", "adler32", "deflate_stored"]], "memset": [["flush_pending", "adler32", "_tr_stored_block", "deflate_stored", "putShortMSB", "crc32"]], "putShortMSB": [[], ["flush_pending", "adler32", "deflate_stored", "_tr_stored_block", "memset", "crc32", "_tr_align"], [], ["flush_pending", "adler32", "deflate_stored", "_tr_stored_block", "memset", "crc32", "_tr_align"], []], "crc32": [["putShortMSB", "flush_pending", "adler32"], ["putShortMSB", "flush_pending", "adler32"], ["putShortMSB", "flush_pending", "adler32"], [], ["putShortMSB", "flush_pending", "adler32"], [], ["putShortMSB", "flush_pending", "adler32"], ["putShortMSB", "flush_pending", "adler32"], ["putShortMSB", "flush_pending", "adler32"]], "_tr_align": [["crc32", "putShortMSB", "flush_pending", "adler32", "deflate_stored"]]}}, {"Function Name": "deflateEnd", "Instruction Count": 120, "Stack Frame Size": 32, "Hash": "f34ed8a2baf26452a11e191f82d82bbe", "Is Static": false, "Numeric Consts": [0, 69, 103, 8, 73, 42, 16, 113, 24, 666, 91, 4294967293, 4294967294], "Strings": [], "Calls": [], "Unknown Functions": [], "Unknown Globals": [], "Code Block Sizes": [15, 12, 12, 12, 12, 6, 5, 5, 5, 5, 5, 4, 2, 2, 2, 2, 2, 2, 2, 2, 2, 2, 1, 1], "Call Order": {}}, {"Function Name": "deflateCopy", "Instruction Count": 228, "Stack Frame Size": 32, "Hash": "b20c386f97fc9e8c35a2e1bc4fea2391", "Is Static": false, "Numeric Consts": [0, 5824, 2, 4, 1, 12, 16, 24, 56, 4294967292, 4294967294], "Strings": [], "Calls": ["deflateEnd"], "Unknown Functions": ["memcpy"], "Unknown Globals": [], "Code Block Sizes": [94, 77, 22, 6, 5, 4, 4, 4, 4, 2, 2, 2, 2], "Call Order": {"deflateEnd": [["memcpy"]], "memcpy": [[], [], [], [], [], []]}}, {"Function Name": "read_buf", "Instruction Count": 81, "Stack Frame Size": 32, "Hash": "70787efccbebe8773ea93394a13333dd", "Is Static": true, "Numeric Consts": [0, 1, 2, 4, 16, 24], "Strings": [], "Calls": ["crc32", "adler32"], "Unknown Functions": ["memcpy"], "Unknown Globals": [], "Code Block Sizes": [21, 14, 13, 11, 9, 5, 2, 2, 2, 2], "Call Order": {"crc32": [[]], "adler32": [[]], "memcpy": [["crc32", "adler32"]]}}, {"Function Name": "lm_init", "Instruction Count": 91, "Stack Frame Size": 16, "Hash": "c3169dacf215f3bc0fb0a9189c0685e5", "Is Static": true, "Numeric Consts": [0, 2, 4, 8, 16, 2147483647], "Strings": [], "Calls": [], "Unknown Functions": ["memset"], "Unknown Globals": [], "Code Block Sizes": [91], "Call Order": {"memset": [[]]}}, {"Function Name": "longest_match", "Instruction Count": 208, "Stack Frame Size": 56, "Hash": "6eb5a6382658cfaabd7f9611d8d8615a", "Is Static": true, "Numeric Consts": [0, 1, 258, 36, 262, 2], "Strings": [], "Calls": [], "Unknown Functions": [], "Unknown Globals": [], "Code Block Sizes": [28, 27, 11, 10, 10, 9, 8, 6, 6, 6, 6, 6, 6, 6, 6, 6, 6, 6, 6, 5, 5, 4, 3, 3, 2, 2, 2, 2, 1, 1, 1, 1, 1], "Call Order": {}}, {"Function Name": "longest_match_fast", "Instruction Count": 108, "Stack Frame Size": 20, "Hash": "a43c5e1d57fd14773c20a5b39b8a8948", "Is Static": true, "Numeric Consts": [1, 258, 2], "Strings": [], "Calls": [], "Unknown Functions": [], "Unknown Globals": [], "Code Block Sizes": [24, 9, 8, 6, 6, 6, 6, 6, 6, 6, 6, 6, 5, 2, 2, 2, 2], "Call Order": {}}, {"Function Name": "fill_window", "Instruction Count": 176, "Stack Frame Size": 48, "Hash": "16b461bfee81696052faf165ea2a12b1", "Is Static": true, "Numeric Consts": [0, 1, 2, 4, 261, 262, 16, 28], "Strings": [], "Calls": ["read_buf"], "Unknown Functions": ["memcpy"], "Unknown Globals": [], "Code Block Sizes": [36, 31, 26, 19, 9, 6, 5, 5, 5, 5, 5, 4, 4, 4, 3, 3, 2, 1, 1, 1, 1], "Call Order": {"read_buf": [["memcpy"]], "memcpy": [["read_buf"]]}}, {"Function Name": "deflate_stored", "Instruction Count": 221, "Stack Frame Size": 32, "Hash": "f21da11e27955a2409f76e9eebba33ec", "Is Static": true, "Numeric Consts": [0, 1, 2, 3, 4, 5, 262, 12, 16, 20, 65535], "Strings": [], "Calls": ["fill_window", "flush_pending", "_tr_flush_block"], "Unknown Functions": [], "Unknown Globals": [], "Code Block Sizes": [22, 22, 22, 21, 19, 16, 12, 10, 10, 8, 6, 6, 6, 4, 4, 4, 4, 3, 2, 2, 2, 2, 2, 2, 2, 2, 2, 1, 1, 1, 1], "Call Order": {"fill_window": [["flush_pending", "_tr_flush_block"]], "flush_pending": [["fill_window", "_tr_flush_block"], ["fill_window", "_tr_flush_block"], ["fill_window", "_tr_flush_block"]], "_tr_flush_block": [["fill_window", "flush_pending"], ["fill_window", "flush_pending"], ["fill_window", "flush_pending"]]}}, {"Function Name": "deflate_fast", "Instruction Count": 490, "Stack Frame Size": 32, "Hash": "f81dbcbcaac0d89fe29dc1fe5073d83c", "Is Static": true, "Numeric Consts": [0, 1, 2, 3, 36, 261, 262, 257, 8, 7, 12, 256, 16, 20, 608, 4, 255], "Strings": [], "Calls": ["fill_window", "flush_pending", "longest_match_fast", "_tr_flush_block", "longest_match"], "Unknown Functions": [], "Unknown Globals": [], "Code Block Sizes": [65, 51, 51, 46, 41, 29, 22, 22, 16, 12, 9, 9, 8, 8, 6, 6, 6, 6, 5, 5, 5, 4, 4, 4, 4, 4, 4, 4, 4, 4, 3, 2, 2, 2, 2, 2, 2, 2, 2, 2, 2, 1, 1, 1], "Call Order": {"longest_match_fast": [["fill_window", "flush_pending", "longest_match", "_tr_flush_block"]], "longest_match": [["longest_match_fast", "fill_window", "flush_pending", "_tr_flush_block"]], "flush_pending": [["fill_window", "longest_match_fast", "longest_match", "_tr_flush_block"], ["longest_match_fast", "fill_window", "_tr_flush_block", "longest_match"]], "fill_window": [["longest_match_fast", "longest_match", "flush_pending", "_tr_flush_block"]], "_tr_flush_block": [["fill_window", "longest_match_fast", "longest_match"], ["longest_match_fast", "fill_window", "flush_pending", "longest_match"]]}}, {"Function Name": "deflate_slow", "Instruction Count": 613, "Stack Frame Size": 48, "Hash": "c8e52622c23dce38cd6fa554d2d24dea", "Is Static": true, "Numeric Consts": [0, 1, 2, 3, 36, 261, 262, 257, 8, 7, 12, 256, 16, 4096, 608, 5, 4, 255], "Strings": [], "Calls": ["fill_window", "flush_pending", "longest_match_fast", "_tr_flush_block", "longest_match"], "Unknown Functions": [], "Unknown Globals": [], "Code Block Sizes": [54, 51, 51, 44, 44, 30, 22, 22, 17, 15, 15, 13, 12, 12, 12, 11, 9, 9, 9, 9, 8, 8, 8, 6, 6, 6, 6, 6, 6, 5, 5, 5, 4, 4, 4, 4, 4, 4, 4, 4, 4, 4, 4, 4, 2, 2, 2, 2, 2, 2, 2, 2, 2, 2, 2, 2, 1, 1, 1, 1, 1], "Call Order": {"longest_match_fast": [["longest_match", "flush_pending", "fill_window", "_tr_flush_block"]], "longest_match": [["fill_window", "flush_pending", "longest_match_fast", "_tr_flush_block"]], "flush_pending": [["longest_match", "longest_match_fast", "fill_window", "_tr_flush_block"], ["longest_match", "longest_match_fast", "fill_window", "_tr_flush_block"], ["longest_match", "longest_match_fast", "fill_window", "_tr_flush_block"]], "fill_window": [["longest_match", "flush_pending", "longest_match_fast", "_tr_flush_block"]], "_tr_flush_block": [["longest_match", "flush_pending", "longest_match_fast", "fill_window"], ["longest_match", "flush_pending", "longest_match_fast", "fill_window"], ["longest_match_fast", "longest_match", "flush_pending", "fill_window"]]}}], "gzio.o": [{"Function Name": "gz_open", "Instruction Count": 334, "Stack Frame Size": 144, "Hash": "68ae4e084fb75c21de56496fdb877510", "Is Static": true, "Numeric Consts": [0, 1, 2, 3, 4, 16384, 136, 10, 139, 12, 16, 31, 32, 47, 48, 8, 56, 57, 80, 82, 97, 102, 104, 4294967281, 114, 116, 119, 4294967295], "Strings": ["%c%c%c%c%c%c%c%c%c%c", "1.2.3"], "Calls": ["crc32", "destroy", "inflateInit2_", "check_header", "deflateInit2_"], "Unknown Functions": ["malloc", "fdopen", "__errno_location", "__stack_chk_fail", "ftell", "strcpy", "fprintf", "fopen", "strlen"], "Unknown Globals": [], "Code Block Sizes": [61, 25, 21, 21, 18, 18, 9, 8, 7, 7, 6, 6, 6, 6, 6, 6, 6, 6, 6, 6, 4, 4, 4, 4, 4, 4, 4, 4, 4, 4, 4, 4, 4, 4, 3, 2, 2, 2, 2, 2, 2, 2, 2, 2, 1, 1], "Call Order": {"malloc": [["crc32", "strlen"], ["crc32", "strcpy", "strlen", "deflateInit2_"], [], ["crc32", "strcpy", "strlen"]], "fdopen": [["malloc", "inflateInit2_", "__errno_location", "strcpy", "deflateInit2_", "crc32", "strlen"]], "strlen": [["crc32", "malloc"]], "inflateInit2_": [["crc32", "malloc", "strcpy", "strlen"]], "__errno_location": [["malloc", "inflateInit2_", "strcpy", "deflateInit2_", "crc32", "strlen"]], "__stack_chk_fail": [["malloc", "fdopen", "strlen", "inflateInit2_", "__errno_location", "ftell", "strcpy", "fprintf", "deflateInit2_", "crc32", "destroy", "fopen", "check_header"]], "ftell": [["malloc", "fdopen", "strlen", "inflateInit2_", "__errno_location", "strcpy", "deflateInit2_", "crc32", "fopen", "check_header"]], "strcpy": [["crc32", "malloc", "strlen"]], "fprintf": [["malloc", "fdopen", "inflateInit2_", "__errno_location", "strcpy", "deflateInit2_", "crc32", "fopen", "strlen"]], "deflateInit2_": [["crc32", "malloc", "strcpy", "strlen"]], "crc32": [["malloc"]], "destroy": [["crc32", "malloc", "strcpy", "strlen"], ["malloc", "fdopen", "inflateInit2_", "__errno_location", "strcpy", "deflateInit2_", "crc32", "fopen", "strlen"], ["crc32", "malloc", "strlen"], ["crc32", "malloc", "strcpy", "strlen", "deflateInit2_"], ["crc32", "inflateInit2_", "malloc", "strcpy", "strlen"]], "fopen": [["malloc", "inflateInit2_", "__errno_location", "strcpy", "deflateInit2_", "crc32", "strlen"]], "check_header": [["malloc", "fdopen", "inflateInit2_", "__errno_location", "strcpy", "deflateInit2_", "crc32", "fopen", "strlen"]]}}, {"Function Name": "gzopen", "Instruction Count": 11, "Stack Frame Size": 16, "Hash": "cd825fe11919ac4167f80715bf16cde3", "Is Static": false, "Numeric Consts": [8, 16, 4, 4294967295], "Strings": [], "Calls": ["gz_open"], "Unknown Functions": [], "Unknown Globals": [], "Code Block Sizes": [11], "Call Order": {"gz_open": [[]]}}, {"Function Name": "gzdopen", "Instruction Count": 32, "Stack Frame Size": 96, "Hash": "8ed63c8d26009ea8175e1e6bd42c254d", "Is Static": false, "Numeric Consts": [88, 0, 4, 16], "Strings": ["<fd:%d>"], "Calls": ["gz_open"], "Unknown Functions": ["sprintf", "__stack_chk_fail"], "Unknown Globals": [], "Code Block Sizes": [14, 10, 3, 2, 2, 1], "Call Order": {"sprintf": [[]], "__stack_chk_fail": [["sprintf", "gz_open"]], "gz_open": [["sprintf"]]}}, {"Function Name": "gzsetparams", "Instruction Count": 46, "Stack Frame Size": 32, "Hash": "d53a261a25e29ea5025424d2ec541f3e", "Is Static": false, "Numeric Consts": [0, 16384, 4, 1, 16, 4294967294, 119, 24, 4294967295], "Strings": [], "Calls": ["deflateParams"], "Unknown Functions": ["fwrite"], "Unknown Globals": [], "Code Block Sizes": [16, 7, 7, 4, 4, 2, 2, 2, 2], "Call Order": {"fwrite": [[]], "deflateParams": [["fwrite"]]}}, {"Function Name": "get_byte", "Instruction Count": 64, "Stack Frame Size": 16, "Hash": "7411b29de96b493acc8b7ac765b15859", "Is Static": true, "Numeric Consts": [0, 1, 16384, 8, 12, 16, 4294967295], "Strings": [], "Calls": [], "Unknown Functions": ["ferror", "fread", "__errno_location"], "Unknown Globals": [], "Code Block Sizes": [19, 12, 10, 7, 4, 4, 2, 2, 2, 2], "Call Order": {"ferror": [["fread", "__errno_location"]], "fread": [["__errno_location"]], "__errno_location": [[]]}}, {"Function Name": "check_header", "Instruction Count": 204, "Stack Frame Size": 32, "Hash": "211e4182f02da333985db0a78f6a5a22", "Is Static": true, "Numeric Consts": [0, 1, 2, 4, 5, 16384, 8, 139, 12, 224, 16, 20, 4294967293, 4294967295, 31], "Strings": [], "Calls": ["get_byte"], "Unknown Functions": ["ferror", "fread", "__errno_location"], "Unknown Globals": [], "Code Block Sizes": [23, 22, 14, 12, 9, 8, 8, 7, 7, 7, 6, 6, 6, 5, 5, 5, 4, 4, 4, 4, 4, 4, 3, 3, 3, 2, 2, 2, 2, 2, 2, 2, 2, 2, 2, 1], "Call Order": {"get_byte": [["ferror", "fread", "__errno_location"], ["ferror", "fread", "__errno_location"], ["ferror", "fread", "__errno_location"], ["ferror", "fread", "__errno_location"], ["ferror", "fread", "__errno_location"], ["ferror", "fread", "__errno_location"], ["ferror", "fread", "__errno_location"], ["ferror", "fread", "__errno_location"], ["ferror", "fread", "__errno_location"]], "ferror": [["fread", "__errno_location"]], "fread": [["__errno_location"]], "__errno_location": [[]]}}, {"Function Name": "destroy", "Instruction Count": 106, "Stack Frame Size": 32, "Hash": "bc6a2313266adc894cebe0b7f7ccc4b0", "Is Static": true, "Numeric Consts": [0, 12, 16, 114, 4294967294, 119, 24, 29, 4294967295], "Strings": [], "Calls": ["deflateEnd", "inflateEnd"], "Unknown Functions": ["fclose", "__errno_location", "free"], "Unknown Globals": [], "Code Block Sizes": [8, 7, 6, 6, 6, 6, 6, 6, 4, 4, 4, 4, 4, 4, 4, 4, 4, 4, 4, 3, 2, 2, 2, 1, 1], "Call Order": {"__errno_location": [["deflateEnd", "fclose", "inflateEnd", "free"]], "deflateEnd": [["free"]], "fclose": [["deflateEnd", "inflateEnd", "free"]], "inflateEnd": [["free"]], "free": [["__errno_location", "deflateEnd", "fclose", "inflateEnd"], ["__errno_location", "deflateEnd", "fclose", "inflateEnd"], ["__errno_location", "deflateEnd", "fclose", "inflateEnd"], [], ["__errno_location", "deflateEnd", "fclose", "inflateEnd"]]}}, {"Function Name": "gzread", "Instruction Count": 379, "Stack Frame Size": 32, "Hash": "fa01ecf5be556d1647d962147e643367", "Is Static": false, "Numeric Consts": [0, 1, 4, 16384, 8, 12, 16, 114, 4294967295, 24, 4294967293, 4294967294], "Strings": [], "Calls": ["crc32", "getLong", "inflate", "check_header", "inflateReset"], "Unknown Functions": ["ferror", "fread", "__errno_location", "memcpy"], "Unknown Globals": [], "Code Block Sizes": [51, 33, 30, 28, 22, 21, 19, 17, 14, 12, 12, 10, 9, 7, 5, 4, 4, 4, 4, 4, 4, 4, 4, 4, 4, 4, 4, 4, 4, 4, 4, 3, 3, 3, 2, 2, 2, 2, 2, 2, 2, 2], "Call Order": {"getLong": [["ferror", "fread", "__errno_location", "crc32", "inflate", "check_header", "inflateReset"], ["ferror", "fread", "__errno_location", "crc32", "inflate", "inflateReset"]], "ferror": [["getLong", "fread", "__errno_location", "crc32", "inflate", "check_header", "inflateReset"]], "fread": [["getLong", "ferror", "__errno_location", "crc32", "inflate", "check_header", "memcpy", "inflateReset"], ["getLong", "ferror", "__errno_location", "crc32", "inflate", "check_header", "inflateReset"]], "__errno_location": [["getLong", "ferror", "crc32", "inflate", "check_header", "inflateReset"]], "crc32": [["getLong", "ferror", "fread", "__errno_location", "inflate", "check_header", "inflateReset"], ["getLong", "ferror", "fread", "__errno_location", "inflate", "check_header", "inflateReset"], ["getLong", "ferror", "fread", "__errno_location", "inflate", "check_header", "inflateReset"]], "inflate": [["getLong", "ferror", "fread", "__errno_location", "crc32", "check_header", "inflateReset"]], "check_header": [["getLong", "ferror", "fread", "__errno_location", "crc32", "inflate", "inflateReset"]], "memcpy": [["getLong", "ferror", "fread", "__errno_location", "crc32", "inflate", "check_header", "inflateReset"]], "inflateReset": [["getLong", "ferror", "fread", "__errno_location", "crc32", "inflate", "check_header"]]}}, {"Function Name": "gzgetc", "Instruction Count": 27, "Stack Frame Size": 48, "Hash": "2e350f298b27c3cb2ba7a514a3391d2c", "Is Static": false, "Numeric Consts": [40, 1, 4, 4294967295, 16], "Strings": [], "Calls": ["gzread"], "Unknown Functions": ["__stack_chk_fail"], "Unknown Globals": [], "Code Block Sizes": [17, 3, 3, 2, 1, 1], "Call Order": {"gzread": [[]], "__stack_chk_fail": [["gzread"]]}}, {"Function Name": "gzungetc", "Instruction Count": 45, "Stack Frame Size": 24, "Hash": "3b6d26d7572f71c19f3f55b847dc655c", "Is Static": false, "Numeric Consts": [16, 0, 114, 4294967295, 1], "Strings": [], "Calls": [], "Unknown Functions": [], "Unknown Globals": [], "Code Block Sizes": [19, 7, 4, 4, 3, 2, 2, 2, 2], "Call Order": {}}, {"Function Name": "gzgets", "Instruction Count": 41, "Stack Frame Size": 32, "Hash": "ffe3dec966027a6739753501bb1874b9", "Is Static": false, "Numeric Consts": [0, 1, 4, 10, 16, 24], "Strings": [], "Calls": ["gzread"], "Unknown Functions": [], "Unknown Globals": [], "Code Block Sizes": [8, 7, 6, 5, 3, 2, 2, 2, 2, 2, 1, 1], "Call Order": {"gzread": [[]]}}, {"Function Name": "gzwrite", "Instruction Count": 120, "Stack Frame Size": 32, "Hash": "9ff3444c8483a5861493d95243c1ad1b", "Is Static": false, "Numeric Consts": [0, 16384, 4, 1, 8, 16, 4294967294, 119, 24, 4294967295], "Strings": [], "Calls": ["crc32", "deflate"], "Unknown Functions": ["fwrite"], "Unknown Globals": [], "Code Block Sizes": [51, 16, 16, 7, 7, 4, 4, 4, 3, 2, 2, 2, 1, 1], "Call Order": {"crc32": [["fwrite", "deflate"]], "fwrite": [["deflate"]], "deflate": [["fwrite"]]}}, {"Function Name": "gzprintf", "Instruction Count": 45, "Stack Frame Size": 4144, "Hash": "9ebab26b2282b0c817a21150d68b5a15", "Is Static": false, "Numeric Consts": [0, 4096, 4, 4136, 16, 4095], "Strings": [], "Calls": ["gzwrite"], "Unknown Functions": ["vsnprintf", "__stack_chk_fail"], "Unknown Globals": [], "Code Block Sizes": [24, 8, 3, 3, 2, 2, 2, 1], "Call Order": {"vsnprintf": [[]], "gzwrite": [["vsnprintf"]], "__stack_chk_fail": [["vsnprintf", "gzwrite"]]}}, {"Function Name": "gzputc", "Instruction Count": 29, "Stack Frame Size": 48, "Hash": "bc01c593e39e475a47438d3e1de0624e", "Is Static": false, "Numeric Consts": [40, 1, 4, 4294967295, 16], "Strings": [], "Calls": ["gzwrite"], "Unknown Functions": ["__stack_chk_fail"], "Unknown Globals": [], "Code Block Sizes": [19, 3, 3, 2, 1, 1], "Call Order": {"gzwrite": [[]], "__stack_chk_fail": [["gzwrite"]]}}, {"Function Name": "gzputs", "Instruction Count": 15, "Stack Frame Size": 16, "Hash": "5eeb76081b60f0b282d6d55767ef0bda", "Is Static": false, "Numeric Consts": [8, 16, 12, 4], "Strings": [], "Calls": ["gzwrite"], "Unknown Functions": ["strlen"], "Unknown Globals": [], "Code Block Sizes": [15], "Call Order": {"gzwrite": [["strlen"]], "strlen": [[]]}}, {"Function Name": "do_flush", "Instruction Count": 119, "Stack Frame Size": 32, "Hash": "59a58f6feb115921cd762658e8e2ce21", "Is Static": true, "Numeric Consts": [0, 16384, 1, 8, 16, 4294967294, 119, 24, 4294967291, 4294967295], "Strings": [], "Calls": ["deflate"], "Unknown Functions": ["fwrite"], "Unknown Globals": [], "Code Block Sizes": [30, 12, 8, 8, 6, 5, 4, 4, 4, 4, 4, 4, 4, 3, 2, 2, 2, 2, 2, 2, 2, 1, 1, 1, 1, 1], "Call Order": {"fwrite": [["deflate"]], "deflate": [["fwrite"]]}}, {"Function Name": "gzflush", "Instruction Count": 32, "Stack Frame Size": 32, "Hash": "60044b2a0cc7874f3f448462bfc170c1", "Is Static": false, "Numeric Consts": [0, 1, 8, 12, 16, 24], "Strings": [], "Calls": ["do_flush"], "Unknown Functions": ["fflush"], "Unknown Globals": [], "Code Block Sizes": [13, 10, 3, 2, 2, 1, 1], "Call Order": {"fflush": [["do_flush"]], "do_flush": [[]]}}, {"Function Name": "gzseek", "Instruction Count": 209, "Stack Frame Size": 32, "Hash": "63fa17e6ce915c44379a0b5892d80666", "Is Static": false, "Numeric Consts": [0, 16384, 2, 4, 1, 12, 16, 119, 24, 4294967293, 4294967295, 16383], "Strings": [], "Calls": ["gzread", "gzrewind", "gzwrite"], "Unknown Functions": ["malloc", "memset", "fseek"], "Unknown Globals": [], "Code Block Sizes": [18, 12, 12, 11, 11, 11, 9, 9, 7, 6, 4, 4, 4, 4, 4, 4, 4, 4, 4, 3, 3, 3, 3, 3, 3, 3, 2, 2, 2, 2, 2, 2, 2, 2, 2, 2, 2, 2, 2, 2, 2, 2, 2, 2, 2, 2, 2, 2, 2], "Call Order": {"malloc": [[], ["gzrewind"]], "memset": [["malloc"]], "gzwrite": [["malloc", "memset"]], "fseek": [[]], "gzread": [["malloc", "gzrewind"]], "gzrewind": [[]]}}, {"Function Name": "gzrewind", "Instruction Count": 59, "Stack Frame Size": 32, "Hash": "66cf03240512ab3119401be9f58a0863", "Is Static": false, "Numeric Consts": [0, 4, 12, 16, 114, 24, 4294967295], "Strings": [], "Calls": ["crc32", "inflateReset"], "Unknown Functions": ["fseek"], "Unknown Globals": [], "Code Block Sizes": [25, 14, 7, 5, 4, 2, 2], "Call Order": {"crc32": [[]], "fseek": [["crc32", "inflateReset"]], "inflateReset": [["crc32"]]}}, {"Function Name": "gztell", "Instruction Count": 11, "Stack Frame Size": 16, "Hash": "64f3dbb19ce2123182a7f072fda1e408", "Is Static": false, "Numeric Consts": [8, 1, 4, 0, 16], "Strings": [], "Calls": ["gzseek"], "Unknown Functions": [], "Unknown Globals": [], "Code Block Sizes": [11], "Call Order": {"gzseek": [[]]}}, {"Function Name": "gzeof", "Instruction Count": 26, "Stack Frame Size": 24, "Hash": "a730e4be1646642b348167acc45ed360", "Is Static": false, "Numeric Consts": [16, 0, 114, 1], "Strings": [], "Calls": [], "Unknown Functions": [], "Unknown Globals": [], "Code Block Sizes": [7, 5, 4, 4, 2, 2, 2], "Call Order": {}}, {"Function Name": "gzdirect", "Instruction Count": 17, "Stack Frame Size": 24, "Hash": "1ca578c906edde4ba989760b3f2c789e", "Is Static": false, "Numeric Consts": [16, 0, 114], "Strings": [], "Calls": [], "Unknown Functions": [], "Unknown Globals": [], "Code Block Sizes": [7, 4, 2, 2, 2], "Call Order": {}}, {"Function Name": "putLong", "Instruction Count": 19, "Stack Frame Size": 32, "Hash": "44cde28266bd9d892ffa9742e002fc1a", "Is Static": true, "Numeric Consts": [0, 1, 3, 8, 16, 24], "Strings": [], "Calls": [], "Unknown Functions": ["fputc"], "Unknown Globals": [], "Code Block Sizes": [9, 5, 3, 2], "Call Order": {"fputc": [[]]}}, {"Function Name": "getLong", "Instruction Count": 35, "Stack Frame Size": 32, "Hash": "ea25ade360d7dff6a9539165a37c4e7f", "Is Static": true, "Numeric Consts": [8, 12, 16, 24, 4294967293, 4294967295], "Strings": [], "Calls": ["get_byte"], "Unknown Functions": [], "Unknown Globals": [], "Code Block Sizes": [27, 6, 2], "Call Order": {"get_byte": [[], [], [], []]}}, {"Function Name": "gzclose", "Instruction Count": 50, "Stack Frame Size": 32, "Hash": "34617575a52802f13fd00d47eb7422e6", "Is Static": false, "Numeric Consts": [0, 4, 8, 12, 16, 119, 24, 4294967294], "Strings": [], "Calls": ["destroy", "putLong", "do_flush"], "Unknown Functions": [], "Unknown Globals": [], "Code Block Sizes": [19, 7, 7, 5, 4, 4, 2, 2], "Call Order": {"destroy": [["do_flush"], ["putLong", "do_flush"]], "putLong": [["do_flush"], ["do_flush"]], "do_flush": [[]]}}, {"Function Name": "gzerror", "Instruction Count": 123, "Stack Frame Size": 32, "Hash": "afc776ea9ac73e4eb5004d9e9af17634", "Is Static": false, "Numeric Consts": [0, 1, 2, 3, 8, 12, 16, 4294967295, 8250, 4294967294], "Strings": [], "Calls": [], "Unknown Functions": ["malloc", "__errno_location", "strerror", "free", "strcat", "strcpy", "strlen"], "Unknown Globals": [], "Code Block Sizes": [32, 24, 9, 8, 7, 7, 6, 5, 4, 4, 4, 4, 3, 2, 2, 2], "Call Order": {"malloc": [["__errno_location", "strlen", "strerror", "free"]], "__errno_location": [[]], "strcat": [["malloc", "__errno_location", "strerror", "free", "strcpy", "strlen"]], "free": [["__errno_location", "strerror"]], "strerror": [["__errno_location"]], "strcpy": [["__errno_location", "malloc", "strlen", "strerror", "free"]], "strlen": [["__errno_location", "strerror", "free"], ["__errno_location", "strerror", "free"]]}}, {"Function Name": "gzclearerr", "Instruction Count": 25, "Stack Frame Size": 32, "Hash": "b58ada5644ed61bb5fdb892415ed693d", "Is Static": false, "Numeric Consts": [24, 0, 12, 16, 1], "Strings": [], "Calls": [], "Unknown Functions": ["clearerr"], "Unknown Globals": [], "Code Block Sizes": [9, 7, 4, 2, 1, 1, 1], "Call Order": {"clearerr": [[]]}}]}, "Anchors (Src Index)": [36, 6]}