{
    ".asprintf":"int asprintf(char** strp, char* fmt, ...);",
    "_asprintf":"int asprintf(char** strp, char* fmt, ...);",
    "asprintf":"int asprintf(char** strp, char* fmt, ...);",
    "__asprintf_chk":"int __asprintf_chk(char** result_ptr, int flags, char* format, ...);",
    "__dprintf_chk":"int __dprintf_chk(int d, int flags, char* format, ...);",
    ".execl":"int execl(char* pathname, char* arg, ...);",
    "_execl":"int execl(char* pathname, char* arg, ...);",
    "execl":"int execl(char* pathname, char* arg, ...);",
    ".execle":"int execle(char* pathname, char* arg, ...);",
    "_execle":"int execle(char* pathname, char* arg, ...);",
    "execle":"int execle(char* pathname, char* arg, ...);",
    ".execlp":"int execlp(char* file, char* arg, ...);",
    "_execlp":"int execlp(char* file, char* arg, ...);",
    "execlp":"int execlp(char* file, char* arg, ...);",
    ".execv":"int execv(char* pathname, char* argv[])",
    "_execv":"int execv(char* pathname, char* argv[])",
    "execv":"int execv(char* pathname, char* argv[])",
    ".execvp":"int execvp(char* file, char* argv[])",
    "_execvp":"int execvp(char* file, char* argv[])",
    "execvp":"int execvp(char* file, char* argv[])",
    ".execvpe":"int execvpe(char* file, char* argv[], char* envp[]);",
    "_execvpe":"int execvpe(char* file, char* argv[], char* envp[]);",
    "execvpe":"int execvpe(char* file, char* argv[], char* envp[]);",
    ".fprintf":"int fprintf(void* stream, char* format, ...);",
    "_fprintf":"int fprintf(void* stream, char* format, ...);",
    "fprintf":"int fprintf(void* stream, char* format, ...);",
    "___fprintf_chk":"int __fprintf_chk(void* stream, int flag, char* format);",
    "__fprintf_chk":"int __fprintf_chk(void* stream, int flag, char* format);",
    ".fscanf":"int fscanf(void* stream, char* format, ...);",
    "_fscanf":"int fscanf(void* stream, char* format, ...);",
    "fscanf":"int fscanf(void* stream, char* format, ...);",
    ".fwprintf":"int fwprintf(void* stream, char *format, ...);",
    "_fwprintf":"int fwprintf(void* stream, char *format, ...);",
    "fwprintf":"int fwprintf(void* stream, char *format, ...);",
    "__fwprintf_chk":"int __fprintf_chk(void* stream, int flag, char* format);",
    ".gets":"char* gets(char* s);",
    "_gets":"char* gets(char* s);",
    "gets":"char* gets(char* s);",
    ".lstrcata":"char* lstrcatA(char* lpString1, char* lpString2);",
    "lstrcata":"char* lstrcatA(char* lpString1, char* lpString2);",
    "_lstrcata":"char* lstrcatA(char* lpString1, char* lpString2);",
    ".lstrcatw":"char* lstrcatW(char* lpString1, char* lpString2);",
    "lstrcatw":"char* lstrcatW(char* lpString1, char* lpString2);",
    "_lstrcatw":"char* lstrcatW(char* lpString1, char* lpString2);",
    ".lstrcpya":"char* lstrcpyA(char* lpString1, char* lpString2);",
    "lstrcpya":"char* lstrcpyA(char* lpString1, char* lpString2);",
    "_lstrcpya":"char* lstrcpyA(char* lpString1, char* lpString2);",
    ".lstrcpyna":"char* lstrcpynA(char* lpString1, char* lpString2, int iMaxLength);",
    "lstrcpyna":"char* lstrcpynA(char* lpString1, char* lpString2, int iMaxLength);",
    "_lstrcpyna":"char* lstrcpynA(char* lpString1, char* lpString2, int iMaxLength);",
    ".lstrcpynw":"char* lstrcpynW(char* lpString1, char* lpString2, int iMaxLength);",
    "lstrcpynw":"char* lstrcpynW(char* lpString1, char* lpString2, int iMaxLength);",
    "_lstrcpynw":"char* lstrcpynW(char* lpString1, char* lpString2, int iMaxLength);",
    ".lstrcpyw":"char* lstrcpyW(char* lpString1, char* lpString2);",
    "lstrcpyw":"char* lstrcpyW(char* lpString1, char* lpString2);",
    "_lstrcpyw":"char* lstrcpyW(char* lpString1, char* lpString2);",
    ".mbscat":"char* mbscat(char* dest, char* src);",
    "_mbscat":"char* mbscat(char* dest, char* src);",
    "mbscat":"char* mbscat(char* dest, char* src);",
    ".mbscat_s":"char* mbscat_s(char* dest, int num, char* src);",
    "_mbscat_s":"char* mbscat_s(char* dest, int num, char* src);",
    "mbscat_s":"char* mbscat_s(char* dest, int num, char* src);",
    ".mbscat_s_l":"char* mbscat_s_l(char* dest, int num, char* src, void* locale);",
    "_mbscat_s_l":"char* mbscat_s_l(char* dest, int num, char* src, void* locale);",
    "mbscat_s_l":"char* mbscat_s_l(char* dest, int num, char* src, void* locale);",
    ".mbscpy":"char* mbscpy(char* dest, char* src);",
    "_mbscpy":"char* mbscpy(char* dest, char* src);",
    "mbscpy":"char* mbscpy(char* dest, char* src);",
    ".mbscpy_s":"char* mbscpy_s(char* dest, int num, char* src);",
    "_mbscpy_s":"char* mbscpy_s(char* dest, int num, char* src);",
    "mbscpy_s":"char* mbscpy_s(char* dest, int num, char* src);",
    ".mbscpy_s_l":"char* mbscpy_s_l(char* dest, int num, char* src, void* locale);",
    "_mbscpy_s_l":"char* mbscpy_s_l(char* dest, int num, char* src, void* locale);",
    "mbscpy_s_l":"char* mbscpy_s_l(char* dest, int num, char* src, void* locale);",
    ".memcpy": "void memcpy(void* dest, void* src, int n);",
    "_memcpy": "void memcpy(void* dest, void* src, int n);",
    "memcpy": "void memcpy(void* dest, void* src, int n);",
    ".memcpy_s": "int memcpy_s(void* dest, int destsz,void* src, int n);",
    "_memcpy_s": "int memcpy_s(void* dest, int destsz,void* src, int n);",
    "memcpy_s": "int memcpy_s(void* dest, int destsz,void* src, int n);",
    ".memmove": "void memmove(void* dest, void* src, int n);",
    "_memmove":"void memmove(void* dest, void* src, int n);",
    "memmove": "void memmove(void* dest, void* src, int n);",
    ".memmove_s": "int memmove_s(void* dest, int destsz, void* src, int n);",
    "_memmove_s": "int memmove_s(void* dest, int destsz, void* src, int n);",
    "memmove_s": "int memmove_s(void* dest, int destsz, void* src, int n);",
    ".nslog": "void NSLog(void* format, ...);",
    "_nslog": "void NSLog(void* format, ...);",
    "nslog": "void NSLog(void* format, ...);",
    ".objc_msgsend": "void objc_msgSend(...);",
    "_objc_msgsend": "void objc_msgSend(...);",
    "objc_msgsend": "void objc_msgSend(...);",
    "__obstack_printf_chk": "int __obstack_printf_chk(void* obstack, int flag, char *format, ...)",
    "__obstack_vprintf_chk": "int __obstack_vprintf_chk(void* obstack, int flags, char* format, va_list args)",
    ".popen": "void* popen(char* command, char* type);",
    "_popen": "void* popen(char* command, char* type);",
    "popen": "void* popen(char* command, char* type);",
    ".printf": "int printf(char* format, ...);",
    "_printf": "int printf(char* format, ...);",
    "printf": "int printf(char* format, ...);",
    "___printf_chk": "int __printf_chk(int flag, char* format);",
    "__printf_chk": "int __printf_chk(int flag, char* format);",
    ".printk": "int printk(char* format, ...);",
    "_printk": "int printk(char* format, ...);",
    "printk": "int printk(char* format, ...);",
    ".scanf": "int scanf(char* format, ...);",
    "_scanf": "int scanf(char* format, ...);",
    "scanf": "int scanf(char* format, ...);",
    ".snprintf": "int snprintf(char* str, int size, char* format, ...);",
    "_snprintf": "int snprintf(char* str, int size, char* format, ...);",
    "snprintf": "int snprintf(char* str, int size, char* format, ...);",
    "___snprintf_chk": "__snprintf_chk(char * str, int maxlen, int flag, int strlen, char* format, ...);",
    "__snprintf_chk": "__snprintf_chk(char * str, int maxlen, int flag, int strlen, char* format, ...);",
    ".sprintf": "int sprintf(char *str, char* format, ...);",
    "_sprintf": "int sprintf(char *str, char* format, ...);",
    "sprintf": "int sprintf(char *str, char* format, ...);",
    "___sprintf_chk": "int __sprintf_chk(char* str, int flag, int strlen, char* format, ...);",
    "__sprintf_chk": "int __sprintf_chk(char* str, int flag, int strlen, char* format, ...);",
    "_sprintf_p_l": "int _sprintf_p_l(char *buffer, int sizeOfBuffer, char* format,void* locale, ...);",
    ".sscanf": "int scanf(char* format, ...);",
    "_sscanf": "int scanf(char* format, ...);",
    "sscanf": "int scanf(char* format, ...);",
    ".strcat": "char* strcat(char* dest, char* src);",
    "_strcat": "char* strcat(char* dest, char* src);",
    "strcat": "char* strcat(char* dest, char* src);",
    ".strcat_s":"int strcat_s(char* strDestination, int numberOfElements, char* strSource);",
    "_strcat_s":"int strcat_s(char* strDestination, int numberOfElements, char* strSource);",
    "strcat_s":"int strcat_s(char* strDestination, int numberOfElements, char* strSource);",
    ".strcpy":"char* strcpy(char* dest, char* src);",
    "_strcpy":"char* strcpy(char* dest, char* src);",
    "strcpy":"char* strcpy(char* dest, char* src);",
    ".strcpy_s":"int strcpy_s(char* dest, int dest_size, char* src);",
    "_strcpy_s":"int strcpy_s(char* dest, int dest_size, char* src);",
    "strcpy_s":"int strcpy_s(char* dest, int dest_size, char* src);",
    ".strncat":"char* strncat(char* dest, char* src, int n);",
    "_strncat":"char* strncat(char* dest, char* src, int n);",
    "strncat":"char* strncat(char* dest, char* src, int n);",
    ".strncpy":"char* strncpy(char* dest, char* src, int n);",
    "_strncpy":"char* strncpy(char* dest, char* src, int n);",
    "strncpy":"char* strncpy(char* dest, char* src, int n);",
    ".swprintf":"int swprintf(char *wcs, int maxlen, char* format, ...);",
    "_swprintf":"int swprintf(char *wcs, int maxlen, char* format, ...);",
    "swprintf":"int swprintf(char *wcs, int maxlen, char* format, ...);",
    "__swprintf_chk": "int __swprintf_chk(char* s, int n, int flag, int slen, char* format);",
    ".system":"int system(char* command);",
    "_system":"int system(char* command);",
    "system":"int system(char* command);",
    ".vasprintf":"int vasprintf(char** strp, char* fmt, va_list ap);",
    "_vasprintf":"int vasprintf(char** strp, char* fmt, va_list ap);",
    "vasprintf":"int vasprintf(char** strp, char* fmt, va_list ap);",
    "__vasprintf_chk":"int __vasprintf_chk(char** result_ptr, int flags, char* format, va_list args);",
    ".vcprintf":"int vcprintf(char* format, va_list ap);",
    "_vcprintf":"int vcprintf(char* format, va_list ap);",
    "vcprintf":"int vcprintf(char* format, va_list ap);",
    ".vcprintf_l":"int vcprintf_l(char* format, void* locale, va_list ap);",
    "_vcprintf_l":"int vcprintf_l(char* format, void* locale, va_list ap);",
    "vcprintf_l":"int vcprintf_l(char* format, void* locale, va_list ap);",
    ".vcprintf_p":"int vcprintf_p(char* format, va_list ap);",
    "_vcprintf_p":"int vcprintf_p(char* format, va_list ap);",
    "vcprintf_p":"int vcprintf_p(char* format, va_list ap);",
    ".vcprintf_p_l":"int vcprintf_p_l(char* format, void* locale, va_list ap);",
    "_vcprintf_p_l":"int vcprintf_p_l(char* format, void* locale, va_list ap);",
    "vcprintf_p_l":"int vcprintf_p_l(char* format, void* locale, va_list ap);",
    ".vcwprintf":"int vcwprintf(char* format, va_list argptr);",
    "_vcwprintf":"int vcwprintf(char* format, va_list argptr);",
    "vcwprintf":"int vcwprintf(char* format, va_list argptr);",
    ".vcwprintf_l":"int vcwprintf_l(char* format,void* locale,va_list argptr);",
    "_vcwprintf_l":"int vcwprintf_l(char* format,void* locale,va_list argptr);",
    "vcwprintf_l":"int vcwprintf_l(char* format,void* locale,va_list argptr);",
    ".vcwprintf_p":"int vcwprintf_p(char* format, va_list argptr);",
    "_vcwprintf_p":"int vcwprintf_p(char* format, va_list argptr);",
    "vcwprintf_p":"int vcwprintf_p(char* format, va_list argptr);",
    ".vcwprintf_p_l":"int vcwprintf_p_l(char* format,void* locale,va_list argptr);",
    "_vcwprintf_p_l":"int vcwprintf_p_l(char* format,void* locale,va_list argptr);",
    "vcwprintf_p_l":"int vcwprintf_p_l(char* format,void* locale,va_list argptr);",
    ".vcwprintf_s":"int _vcwprintf_s(char* format, va_list argptr);",
    "_vcwprintf_s":"int _vcwprintf_s(char* format, va_list argptr);",
    "vcwprintf_s":"int _vcwprintf_s(char* format, va_list argptr);",
    ".vcwprintf_s_l":"int _vcwprintf_s_l(char* format,void* locale,va_list argptr);",
    "_vcwprintf_s_l":"int _vcwprintf_s_l(char* format,void* locale,va_list argptr);",
    "vcwprintf_s_l":"int _vcwprintf_s_l(char* format,void* locale,va_list argptr);",
    "__vdprintf_chk":"int __vdprintf_chk(int d, int flag, char *format, va_list ap)",
    ".vfprintf":"int vfprintf (void* stream, char* format, va_list arg);",
    "_vfprintf":"int vfprintf (void* stream, char* format, va_list arg);",
    "vfprintf":"int vfprintf (void* stream, char* format, va_list arg);",
    "___vfprintf_chk":"int __vfprintf_chk(void* fp, int flag, char* format, va_list ap);",
    "__vfprintf_chk":"int __vfprintf_chk(void* fp, int flag, char* format, va_list ap);",
    ".vfprintf_l":"int _vfprintf_l(void* stream, char* format, void* locale, va_list argptr);",
    "_vfprintf_l":"int _vfprintf_l(void* stream, char* format, void* locale, va_list argptr);",
    "vfprintf_l":"int _vfprintf_l(void* stream, char* format, void* locale, va_list argptr);",
    ".vfprintf_p":"int _vfprintf_p(void* stream, char *format, va_list argptr);",
    "_vfprintf_p":"int _vfprintf_p(void* stream, char *format, va_list argptr);",
    "vfprintf_p":"int _vfprintf_p(void* stream, char *format, va_list argptr);",
    ".vfprintf_p_l":"int _vfprintf_p_l(void* stream, char *format, void* locale, va_list argptr);",
    "_vfprintf_p_l":"int _vfprintf_p_l(void* stream, char *format, void* locale, va_list argptr);",
    "vfprintf_p_l":"int _vfprintf_p_l(void* stream, char *format, void* locale, va_list argptr);",
    ".vfprintf_s":"int vfprintf_s(void* stream, char *format, va_list argptr);",
    "_vfprintf_s":"int vfprintf_s(void* stream, char *format, va_list argptr);",
    "vfprintf_s":"int vfprintf_s(void* stream, char *format, va_list argptr);",
    ".vfprintf_s_l":"int _vfwprintf_s_l(void* stream, char *format, void* locale, va_list argptr);",
    "_vfprintf_s_l":"int _vfwprintf_s_l(void* stream, char *format, void* locale, va_list argptr);",
    "vfprintf_s_l":"int _vfwprintf_s_l(void* stream, char *format, void* locale, va_list argptr);",
    ".vfscanf":"int vfscanf(void* stream, char* format, va_list arg );",
    "_vfscanf":"int vfscanf(void* stream, char* format, va_list arg );",
    "vfscanf":"int vfscanf(void* stream, char* format, va_list arg );",
    ".vfscanf_s":"int vfscanf_s(void* stream, char* format, va_list arg );",
    "_vfscanf_s":"int vfscanf_s(void* stream, char* format, va_list arg );",
    "vfscanf_s":"int vfscanf_s(void* stream, char* format, va_list arg );",
    ".vfwprintf":"int vfwprintf (void* stream, char* format, va_list arg);",
    "_vfwprintf":"int vfwprintf (void* stream, char* format, va_list arg);",
    "vfwprintf":"int vfwprintf (void* stream, char* format, va_list arg);",
    "__vfwprintf_chk":"int __vfwprintf_chk(void* fp, int flag, char* format, va_list ap);",
    ".vfwprintf_l":"int _vfwprintf_l(void* stream, char *format, void* locale, va_list argptr);",
    "_vfwprintf_l":"int _vfwprintf_l(void* stream, char *format, void* locale, va_list argptr);",
    "vfwprintf_l":"int _vfwprintf_l(void* stream, char *format, void* locale, va_list argptr);",
    ".vfwprintf_p":"int vfwprintf_p(void* stream, char *format, va_list argptr);",
    "_vfwprintf_p":"int vfwprintf_p(void* stream, char *format, va_list argptr);",
    "vfwprintf_p":"int vfwprintf_p(void* stream, char *format, va_list argptr);",
    ".vfwprintf_p_l":"int vfwprintf_p_l(void* stream, char *format, void* locale, va_list argptr);",
    "_vfwprintf_p_l":"int vfwprintf_p_l(void* stream, char *format, void* locale, va_list argptr);",
    "vfwprintf_p_l":"int vfwprintf_p_l(void* stream, char *format, void* locale, va_list argptr);",
    ".vfwprintf_s":"int vfprintf_s(void* stream, char *format, va_list argptr);",
    "_vfwprintf_s":"int vfprintf_s(void* stream, char *format, va_list argptr);",
    "vfwprintf_s":"int vfprintf_s(void* stream, char *format, va_list argptr);",
    ".vfwprintf_s_l":"int _vfprintf_s_l(void* stream, char *format, void* locale, va_list argptr);",
    "_vfwprintf_s_l":"int _vfprintf_s_l(void* stream, char *format, void* locale, va_list argptr);",
    "vfwprintf_s_l":"int _vfprintf_s_l(void* stream, char *format, void* locale, va_list argptr);",
    ".vfwscanf":"int vfwscanf(void* stream, char* format, va_list arg);",
    "_vfwscanf":"int vfwscanf(void* stream, char* format, va_list arg);",
    "vfwscanf":"int vfwscanf(void* stream, char* format, va_list arg);",
    ".vfwscanf_s":"int vfwscanf_s(void* stream, char *format, va_list argptr);",
    "_vfwscanf_s":"int vfwscanf_s(void* stream, char *format, va_list argptr);",
    "vfwscanf_s":"int vfwscanf_s(void* stream, char *format, va_list argptr);",
    ".vprintf":"int vprintf(char* format, va_list arg);",
    "_vprintf":"int vprintf(char* format, va_list arg);",
    "vprintf":"int vprintf(char* format, va_list arg);",
    "___vprintf_chk":"int __vprintf_chk(int flag, char* format, va_list ap);",
    "__vprintf_chk":"int __vprintf_chk(int flag, char* format, va_list ap);",
    ".vprintf_l":"int vprintf_l(char* format, void* locale, va_list arg);",
    "_vprintf_l":"int vprintf_l(char* format, void* locale, va_list arg);",
    "vprintf_l":"int vprintf_l(char* format, void* locale, va_list arg);",
    ".vprintf_p":"int vprintf_p(char* format, va_list arg);",
    "_vprintf_p":"int vprintf_p(char* format, va_list arg);",
    "vprintf_p":"int vprintf_p(char* format, va_list arg);",
    ".vprintf_p_l":"int vprintf_p_l(char* format, void* locale, va_list arg);",
    "_vprintf_p_l":"int vprintf_p_l(char* format, void* locale, va_list arg);",
    "vprintf_p_l":"int vprintf_p_l(char* format, void* locale, va_list arg);",
    ".vprintf_s":"int vprintf_s(char* format, va_list arg);",
    "_vprintf_s":"int vprintf_s(char* format, va_list arg);",
    "vprintf_s":"int vprintf_s(char* format, va_list arg);",
    ".vprintf_s_l":"int vprintf_s_l(char* format, void* locale, va_list arg);",
    "_vprintf_s_l":"int vprintf_s_l(char* format, void* locale, va_list arg);",
    "vprintf_s_l":"int vprintf_s_l(char* format, void* locale, va_list arg);",
    ".vscanf":"int vscanf(char* format, va_list arg);",
    "_vscanf":"int vscanf(char* format, va_list arg);",
    "vscanf":"int vscanf(char* format, va_list arg);",
    ".vscanf_s":"int vscanf_s(char* format, va_list arg);",
    "_vscanf_s":"int vscanf_s(char* format, va_list arg);",
    "vscanf_s":"int vscanf_s(char* format, va_list arg);",
    ".vscprintf":"int vscprintf(char* format, va_list arg);",
    "_vscprintf":"int vscprintf(char* format, va_list arg);",
    "vscprintf":"int vscprintf(char* format, va_list arg);",
    ".vscprintf_l":"int vscprintf(char* format, void* locale, va_list arg);",
    "_vscprintf_l":"int vscprintf(char* format, void* locale, va_list arg);",
    "vscprintf_l":"int vscprintf(char* format, void* locale, va_list arg);",
    ".vscprintf_p":"int vscprintf_p(char* format, va_list arg);",
    "_vscprintf_p":"int vscprintf_p(char* format, va_list arg);",
    "vscprintf_p":"int vscprintf_p(char* format, va_list arg);",
    ".vscprintf_p_l":"int vscprintf_p_l(char* format, void* locale, va_list arg);",
    "_vscprintf_p_l":"int vscprintf_p_l(char* format, void* locale, va_list arg);",
    "vscprintf_p_l":"int vscprintf_p_l(char* format, void* locale, va_list arg);",
    ".vscwprintf":"int vscwprintf(char* format, va_list arg);",
    "_vscwprintf":"int vscwprintf(char* format, va_list arg);",
    "vscwprintf":"int vscwprintf(char* format, va_list arg);",
    ".vscwprintf_l":"int vscwprintf_l(char* format, void* locale, va_list arg);",
    "_vscwprintf_l":"int vscwprintf_l(char* format, void* locale, va_list arg);",
    "vscwprintf_l":"int vscwprintf_l(char* format, void* locale, va_list arg);",
    ".vscwprintf_p":"int vscwprintf_p(char* format, va_list arg);",
    "_vscwprintf_p":"int vscwprintf_p(char* format, va_list arg);",
    "vscwprintf_p":"int vscwprintf_p(char* format, va_list arg);",
    ".vscwprintf_p_l":"int vscwprintf_p_l(char* format, void* locale, va_list arg);",
    "_vscwprintf_p_l":"int vscwprintf_p_l(char* format, void* locale, va_list arg);",
    "vscwprintf_p_l":"int vscwprintf_p_l(char* format, void* locale, va_list arg);",
    ".vsnprintf":"int vsnprintf(char* buffer, int count, char* format, va_list argptr);",
    "_vsnprintf":"int vsnprintf(char* buffer, int count, char* format, va_list argptr);",
    "vsnprintf":"int vsnprintf(char* buffer, int count, char* format, va_list argptr);",
    "___vsnprintf_chk":"int __vsnprintf_chk(char* s, int maxlen, int flag, int slen, char* format, va_list args);",
    "__vsnprintf_chk":"int __vsnprintf_chk(char* s, int maxlen, int flag, int slen, char* format, va_list args);",
    ".vsnprintf_l":"int _vsnprintf_l(char* buffer, int count, char* format, int locale, va_list argptr);",
    "_vsnprintf_l":"int _vsnprintf_l(char* buffer, int count, char* format, int locale, va_list argptr);",
    "vsnprintf_l":"int _vsnprintf_l(char* buffer, int count, char* format, int locale, va_list argptr);",
    ".vsnprintf_s":"int vsnprintf_s(char *buffer, int sizeOfBuffer, int count, char* format, va_list argptr);",
    "_vsnprintf_s":"int vsnprintf_s(char *buffer, int sizeOfBuffer, int count, char* format, va_list argptr);",
    "vsnprintf_s":"int vsnprintf_s(char *buffer, int sizeOfBuffer, int count, char* format, va_list argptr);",
    ".vsnprintf_s_l":"int vsnprintf_s_l(char *buffer, int sizeOfBuffer, int count, char* format, void* locale va_list argptr);",
    "_vsnprintf_s_l":"int vsnprintf_s_l(char *buffer, int sizeOfBuffer, int count, char* format, void* locale va_list argptr);",
    "vsnprintf_s_l":"int vsnprintf_s_l(char *buffer, int sizeOfBuffer, int count, char* format, void* locale va_list argptr);",
    ".vsnwprintf":"int _vsnwprintf(char* buffer, int count, char* format, va_list argptr);",
    "_vsnwprintf":"int _vsnwprintf(char* buffer, int count, char* format, va_list argptr);",
    "vsnwprintf":"int _vsnwprintf(char* buffer, int count, char* format, va_list argptr);",
    ".vsnwprintf_l":"int _vsnwprintf(char* buffer, int count, char* format, void* locale, va_list argptr);",
    "_vsnwprintf_l":"int _vsnwprintf(char* buffer, int count, char* format, void* locale, va_list argptr);",
    "vsnwprintf_l":"int _vsnwprintf(char* buffer, int count, char* format, void* locale, va_list argptr);",
    ".vsnwprintf_s":"int vsnwprintf_s(char *buffer, int sizeOfBuffer, int count, char* format, va_list argptr);",
    "_vsnwprintf_s":"int vsnwprintf_s(char *buffer, int sizeOfBuffer, int count, char* format, va_list argptr);",
    "vsnwprintf_s":"int vsnwprintf_s(char *buffer, int sizeOfBuffer, int count, char* format, va_list argptr);",
    ".vsnwprintf_s_l":"int vsnwprintf_s_l(char *buffer, int sizeOfBuffer, int count, char* format, void* locale va_list argptr);",
    "_vsnwprintf_s_l":"int vsnwprintf_s_l(char *buffer, int sizeOfBuffer, int count, char* format, void* locale va_list argptr);",
    "vsnwprintf_s_l":"int vsnwprintf_s_l(char *buffer, int sizeOfBuffer, int count, char* format, void* locale va_list argptr);",
    ".vsprintf":"int vsprintf(char* buffer, char* format, va_list argptr);",
    "_vsprintf":"int vsprintf(char* buffer, char* format, va_list argptr);",
    "vsprintf":"int vsprintf(char* buffer, char* format, va_list argptr);",
    "___vsprintf_chk":"int __vsprintf_chk(char* s, int flag, int slen, char* format, va_list args);",
    "__vsprintf_chk":"int __vsprintf_chk(char* s, int flag, int slen, char* format, va_list args);",
    ".vsprintf_l":"int vsprintf_l(char* buffer, char* format, void* locale, va_list argptr);",
    "_vsprintf_l":"int vsprintf_l(char* buffer, char* format, void* locale, va_list argptr);",
    "vsprintf_l":"int vsprintf_l(char* buffer, char* format, void* locale, va_list argptr);",
    ".vsprintf_p":"int _vsprintf_p(char *buffer, int sizeInBytes, char* format, va_list argptr);",
    "_vsprintf_p":"int _vsprintf_p(char *buffer, int sizeInBytes, char* format, va_list argptr);",
    "vsprintf_p":"int _vsprintf_p(char *buffer, int sizeInBytes, char* format, va_list argptr);",
    "_vsprintf_p_l":"int _vsprintf_p_l(char *buffer, int sizeInBytes, char* format, void* locale, va_list argptr);",
    "vsprintf_p_l":"int _vsprintf_p_l(char *buffer, int sizeInBytes, char* format, void* locale, va_list argptr);",
    ".vsprintf_p_l":"int _vsprintf_p_l(char *buffer, int sizeInBytes, char* format, void* locale, va_list argptr);",
    ".vsprintf_s":"int vsprintf_s(char *buffer, int numberOfElements, char *format, va_list argptr);",
    "_vsprintf_s":"int vsprintf_s(char *buffer, int numberOfElements, char *format, va_list argptr);",
    "vsprintf_s":"int vsprintf_s(char *buffer, int numberOfElements, char *format, va_list argptr);",
    ".vsprintf_s_l":"int vsprintf_s_l(char *buffer, int numberOfElements, char *format, void* locale, va_list argptr);",
    "_vsprintf_s_l":"int vsprintf_s_l(char *buffer, int numberOfElements, char *format, void* locale, va_list argptr);",
    "vsprintf_s_l":"int vsprintf_s_l(char *buffer, int numberOfElements, char *format, void* locale, va_list argptr);",
    ".vsscanf":"int vsscanf(char* buffer, char* format, va_list argptr);",
    "_vsscanf":"int vsscanf(char* buffer, char* format, va_list argptr);",
    "vsscanf":"int vsscanf(char* buffer, char* format, va_list argptr);",
    ".vsscanf_s":"int vsscanf_s(char* buffer, char* format, va_list argptr);",
    "_vsscanf_s":"int vsscanf_s(char* buffer, char* format, va_list argptr);",
    "vsscanf_s":"int vsscanf_s(char* buffer, char* format, va_list argptr);",
    ".vswprintf":"int vswprintf(char* buffer, char* format, va_list argptr);",
    "_vswprintf":"int vswprintf(char* buffer, char* format, va_list argptr);",
    "vswprintf":"int vswprintf(char* buffer, char* format, va_list argptr);",
    "__vswprintf_chk":"int __vswprintf_chk(char* s, int maxlen, int flag, int slen, char* format, va_list args);",
    ".vswprintf_l":"int _vswprintf_l(char* buffer, int count, char* format, void* locale, va_list argptr);",
    "__vswprintf_l":"int _vswprintf_l(char* buffer, char* format, void* locale, va_list argptr);",
    "_vswprintf_l":"int _vswprintf_l(char* buffer, int count, char* format, void* locale, va_list argptr);",
    "vswprintf_l":"int _vswprintf_l(char* buffer, int count, char* format, void* locale, va_list argptr);",
    ".vswprintf_p":"int vswprintf_p(char* buffer, int count, char* format, va_list argptr);",
    "_vswprintf_p":"int vswprintf_p(char* buffer, int count, char* format, va_list argptr);",
    "vswprintf_p":"int vswprintf_p(char* buffer, int count, char* format, va_list argptr);",
    ".vswprintf_p_l":"int vswprintf_p_l(char* buffer, int count, char* format, void* locale, va_list argptr);",
    "_vswprintf_p_l":"int vswprintf_p_l(char* buffer, int count, char* format, void* locale, va_list argptr);",
    "vswprintf_p_l":"int vswprintf_p_l(char* buffer, int count, char* format, void* locale, va_list argptr);",
    ".vswprintf_s":"int vswprintf_s(char* buffer, int numberOfElements,char* format, va_list argptr);",
    "_vswprintf_s":"int vswprintf_s(char* buffer, int numberOfElements,char* format, va_list argptr);",
    "vswprintf_s":"int vswprintf_s(char* buffer, int numberOfElements,char* format, va_list argptr);",
    ".vswprintf_s_l":"int vswprintf_s_l(char* buffer, int numberOfElements,char* format, void* locale, va_list argptr);",
    "_vswprintf_s_l":"int vswprintf_s_l(char* buffer, int numberOfElements,char* format, void* locale, va_list argptr);",
    "vswprintf_s_l":"int vswprintf_s_l(char* buffer, int numberOfElements,char* format, void* locale, va_list argptr);",
    ".vswscanf":"int vswscanf(char* buffer, char* format, va_list argptr);",
    "_vswscanf":"int vswscanf(char* buffer, char* format, va_list argptr);",
    "vswscanf":"int vswscanf(char* buffer, char* format, va_list argptr);",
    ".vswscanf_s":"int vswscanf_s(char* buffer, char* format, va_list argptr);",
    "_vswscanf_s":"int vswscanf_s(char* buffer, char* format, va_list argptr);",
    "vswscanf_s":"int vswscanf_s(char* buffer, char* format, va_list argptr);",
    ".vwprintf":"int vwprintf(char* format, va_list arg);",
    "_vwprintf":"int vwprintf(char* format, va_list arg);",
    "vwprintf":"int vwprintf(char* format, va_list arg);",
    "__vwprintf_chk":"int __vwprintf_chk(int flag, char* format, va_list ap);",
    ".vwprintf_l":"int vwprintf_l(char* format, void* locale, va_list arg);",
    "_vwprintf_l":"int vwprintf_l(char* format, void* locale, va_list arg);",
    "vwprintf_l":"int vwprintf_l(char* format, void* locale, va_list arg);",
    ".vwprintf_p":"int vwprintf_p(char* format, va_list arg);",
    "_vwprintf_p":"int vwprintf_p(char* format, va_list arg);",
    "vwprintf_p":"int vwprintf_p(char* format, va_list arg);",
    ".vwprintf_p_l":"int vwprintf_p_l(char* format, void* locale, va_list arg);",
    "_vwprintf_p_l":"int vwprintf_p_l(char* format, void* locale, va_list arg);",
    "vwprintf_p_l":"int vwprintf_p_l(char* format, void* locale, va_list arg);",
    ".vwprintf_s":"int vwprintf_s(char* format, va_list arg);",
    "_vwprintf_s":"int vwprintf_s(char* format, va_list arg);",
    "vwprintf_s":"int vwprintf_s(char* format, va_list arg);",
    ".vwprintf_s_l":"int vwprintf_s_l(char* format, void* locale, va_list arg);",
    "_vwprintf_s_l":"int vwprintf_s_l(char* format, void* locale, va_list arg);",
    "vwprintf_s_l":"int vwprintf_s_l(char* format, void* locale, va_list arg);",
    ".vwscanf":"int vwscanf(char* format, va_list arg);",
    "_vwscanf":"int vwscanf(char* format, va_list arg);",
    "vwscanf":"int vwscanf(char* format, va_list arg);",
    ".vwscanf_s":"int vwscanf_s(char* format, va_list arg);",
    "_vwscanf_s":"int vwscanf_s(char* format, va_list arg);",
    "vwscanf_s":"int vwscanf_s(char* format, va_list arg);",
    ".wcscat":"char* wcscat(char* destination, char* source);",
    "_wcscat":"char* wcscat(char* destination, char* source);",
    "wcscat":"char* wcscat(char* destination, char* source);",
    ".wcscat_s":"int wcscat_s(char* dest, int destsz, char* src);",
    "_wcscat_s":"int wcscat_s(char* dest, int destsz, char* src);",
    "wcscat_s":"int wcscat_s(char* dest, int destsz, char* src);",
    ".wcscpy":"char* wcscpy(char* destination, char* source);",
    "_wcscpy":"char* wcscpy(char* destination, char* source);",
    "wcscpy":"char* wcscpy(char* destination, char* source);",
    ".wcscpy_s":"int wcscpy_s(char* dest, int destsz, char* src);",
    "_wcscpy_s":"int wcscpy_s(char* dest, int destsz, char* src);",
    "wcscpy_s":"int wcscpy_s(char* dest, int destsz, char* src);",
    ".wmemcpy":"char* wmemcpy(char* dest, char* src, int count);",
    "_wmemcpy":"char* wmemcpy(char* dest, char* src, int count);",
    "wmemcpy":"char* wmemcpy(char* dest, char* src, int count);",
    ".wmemcpy_s":"int wmemcpy_s(char* dest, int destsz, char* src, int count);",
    "_wmemcpy_s":"int wmemcpy_s(char* dest, int destsz, char* src, int count);",
    "wmemcpy_s":"int wmemcpy_s(char* dest, int destsz, char* src, int count);",
    ".wmemmove":"char* wmemmove(char* dest, char* src, int count);",
    "_wmemmove":"char* wmemmove(char* dest, char* src, int count);",
    "wmemmove":"char* wmemmove(char* dest, char* src, int count);",
    ".wmemmove_s":"int wmemmove_s(char *dest, int numberOfElements, char *src, int count);",
    "_wmemmove_s":"int wmemmove_s(char *dest, int numberOfElements, char *src, int count);",
    "wmemmove_s":"int wmemmove_s(char *dest, int numberOfElements, char *src, int count);",
    ".wpopen":"void*_wpopen(char* command, char* mode);",
    "_wpopen":"void*_wpopen(char* command, char* mode);",
    "wpopen":"void*_wpopen(char* command, char* mode);",
    ".wprintf":"int wprintf(char* format, ...);",
    "_wprintf":"int wprintf(char* format, ...);",
    "wprintf":"int wprintf(char* format, ...);",
    "__wprintf_chk":"int __wprintf_chk(int flag, char* format);",
    ".wsprintf":"int wsprintf(char* lpOut, char* lpFmt, ... );",
    "_wsprintf":"int wsprintf(char* lpOut, char* lpFmt, ... );",
    "wsprintf":"int wsprintf(char* lpOut, char* lpFmt, ... );",
    ".wsprintfa":"int wsprintfa(char* lpOut, char* lpFmt, ... );",
    "_wsprintfa":"int wsprintfa(char* lpOut, char* lpFmt, ... );",
    "wsprintfa":"int wsprintfa(char* lpOut, char* lpFmt, ... );",
    ".wsprintfw":"int wsprintfw(char* lpOut, char* lpFmt, ... );",
    "_wsprintfw":"int wsprintfw(char* lpOut, char* lpFmt, ... );",
    "wsprintfw":"int wsprintfw(char* lpOut, char* lpFmt, ... );",
    ".free":"void free(void *ptr);",
    "_free":"void free(void *ptr);",
    "free":"void free(void *ptr);",
    "delete":"void operator delete(void *, unsigned __int64)",
    ".delete":"void operator delete(void *, unsigned __int64)",
    "+delete":"void operator delete(void *, unsigned __int64)"
}
