{   "WEBSERVER"            : "<WEBSERVER>",
	"WEBSERVER_PORT"       : "<WEBSERVER_PORT>",
	"DDR_WEBAPI_KEY"       : "<DDR_WEBAPI_KEY>",
	"CA_CERT"              : "<CA_CERT>",   
	"VERIFY_CERT"          : <VERIFY_CERT>,
	"DUMP_CFG_FILE"        : "<DUMP_CFG_FILE>",
	"MAX_API_TIMEOUT"      : <MAX_API_TIMEOUT>,
	"DBG_LEVEL"            : <DBG_LEVEL>,
	"MAX_INSTR_TO_EXECUTE" : <MAX_INSTR_TO_EXECUTE>,
	"MAX_LOG_ROUNDS"       : <MAX_LOG_ROUNDS>, 
	"MAX_CMT_ROUNDS"       : <MAX_CMT_ROUNDS>,
	"MAX_INSTR_COUNT"      : <MAX_INSTR_COUNT>,
	"MAX_UPLOAD_ATTEMPTS"  : <MAX_UPLOAD_ATTEMPTS> 
}