{"brand": "Microchip", "family": "SAMHA", "name": "ATSAMHA0G15AB", "bits": 32, "mode": 1, "segments": [{"name": "SRAM", "start": "0x20000000", "end": "0x20001fff", "size": "0x2000", "type": "DATA"}], "peripherals": [{"name": "AC", "start": "0x42004400", "end": "0x4200443f", "size": "0x40", "comment": "", "registers": [{"name": "CTRLA", "offset": "0x0", "size": "0x8"}, {"name": "CTRLB", "offset": "0x1", "size": "0x8"}, {"name": "EVCTRL", "offset": "0x2", "size": "0x10"}, {"name": "INTENCLR", "offset": "0x4", "size": "0x8"}, {"name": "INTENSET", "offset": "0x5", "size": "0x8"}, {"name": "INTFLAG", "offset": "0x6", "size": "0x8"}, {"name": "STATUSA", "offset": "0x8", "size": "0x8"}, {"name": "STATUSB", "offset": "0x9", "size": "0x8"}, {"name": "STATUSC", "offset": "0xa", "size": "0x8"}, {"name": "WINCTRL", "offset": "0xc", "size": "0x8"}, {"name": "COMPCTRL0", "offset": "0x10"}, {"name": "COMPCTRL1", "offset": "0x14"}, {"name": "SCALER0", "offset": "0x20", "size": "0x8"}, {"name": "SCALER1", "offset": "0x21", "size": "0x8"}]}, {"name": "ADC", "start": "0x42004000", "end": "0x4200407f", "size": "0x80", "comment": "", "registers": [{"name": "CTRLA", "offset": "0x0", "size": "0x8"}, {"name": "REFCTRL", "offset": "0x1", "size": "0x8"}, {"name": "AVGCTRL", "offset": "0x2", "size": "0x8"}, {"name": "SAMPCTRL", "offset": "0x3", "size": "0x8"}, {"name": "CTRLB", "offset": "0x4", "size": "0x10"}, {"name": "WINCTRL", "offset": "0x8", "size": "0x8"}, {"name": "SWTRIG", "offset": "0xc", "size": "0x8"}, {"name": "INPUTCTRL", "offset": "0x10"}, {"name": "EVCTRL", "offset": "0x14", "size": "0x8"}, {"name": "INTENCLR", "offset": "0x16", "size": "0x8"}, {"name": "INTENSET", "offset": "0x17", "size": "0x8"}, {"name": "INTFLAG", "offset": "0x18", "size": "0x8"}, {"name": "STATUS", "offset": "0x19", "size": "0x8"}, {"name": "RESULT", "offset": "0x1a", "size": "0x10"}, {"name": "WINLT", "offset": "0x1c", "size": "0x10"}, {"name": "WINUT", "offset": "0x20", "size": "0x10"}, {"name": "GAINCORR", "offset": "0x24", "size": "0x10"}, {"name": "OFFSETCORR", "offset": "0x26", "size": "0x10"}, {"name": "CALIB", "offset": "0x28", "size": "0x10"}, {"name": "DBGCTRL", "offset": "0x2a", "size": "0x8"}]}, {"name": "DAC", "start": "0x42004800", "end": "0x4200480f", "size": "0x10", "comment": "", "registers": [{"name": "CTRLA", "offset": "0x0", "size": "0x8"}, {"name": "CTRLB", "offset": "0x1", "size": "0x8"}, {"name": "EVCTRL", "offset": "0x2", "size": "0x8"}, {"name": "INTENCLR", "offset": "0x4", "size": "0x8"}, {"name": "INTENSET", "offset": "0x5", "size": "0x8"}, {"name": "INTFLAG", "offset": "0x6", "size": "0x8"}, {"name": "STATUS", "offset": "0x7", "size": "0x8"}, {"name": "DATA", "offset": "0x8", "size": "0x10"}, {"name": "DATABUF", "offset": "0xc", "size": "0x10"}]}, {"name": "DMAC", "start": "0x41004800", "end": "0x4100487f", "size": "0x80", "comment": "", "registers": [{"name": "CTRL", "offset": "0x0", "size": "0x10"}, {"name": "CRCCTRL", "offset": "0x2", "size": "0x10"}, {"name": "CRCDATAIN", "offset": "0x4"}, {"name": "CRCCHKSUM", "offset": "0x8"}, {"name": "CRCSTATUS", "offset": "0xc", "size": "0x8"}, {"name": "DBGCTRL", "offset": "0xd", "size": "0x8"}, {"name": "QOSCTRL", "offset": "0xe", "size": "0x8"}, {"name": "SWTRIGCTRL", "offset": "0x10"}, {"name": "PRICTRL0", "offset": "0x14"}, {"name": "INTPEND", "offset": "0x20", "size": "0x10"}, {"name": "INTSTATUS", "offset": "0x24"}, {"name": "BUSYCH", "offset": "0x28"}, {"name": "PENDCH", "offset": "0x2c"}, {"name": "ACTIVE", "offset": "0x30"}, {"name": "BASEADDR", "offset": "0x34"}, {"name": "WRBADDR", "offset": "0x38"}, {"name": "CHID", "offset": "0x3f", "size": "0x8"}, {"name": "CHCTRLA", "offset": "0x40", "size": "0x8"}, {"name": "CHCTRLB", "offset": "0x44"}, {"name": "CHINTENCLR", "offset": "0x4c", "size": "0x8"}, {"name": "CHINTENSET", "offset": "0x4d", "size": "0x8"}, {"name": "CHINTFLAG", "offset": "0x4e", "size": "0x8"}, {"name": "CHSTATUS", "offset": "0x4f", "size": "0x8"}]}, {"name": "DSU", "start": "0x41002000", "end": "0x41003fff", "size": "0x2000", "comment": "", "registers": [{"name": "CTRL", "offset": "0x0", "size": "0x8"}, {"name": "STATUSA", "offset": "0x1", "size": "0x8"}, {"name": "STATUSB", "offset": "0x2", "size": "0x8"}, {"name": "ADDR", "offset": "0x4"}, {"name": "LENGTH", "offset": "0x8"}, {"name": "DATA", "offset": "0xc"}, {"name": "DID", "offset": "0x18"}, {"name": "ENTRY0", "offset": "0x1000"}, {"name": "ENTRY1", "offset": "0x1004"}, {"name": "END", "offset": "0x1008"}, {"name": "MEMTYPE", "offset": "0x1fcc"}, {"name": "PID4", "offset": "0x1fd0"}, {"name": "PID0", "offset": "0x1fe0"}, {"name": "PID1", "offset": "0x1fe4"}, {"name": "PID2", "offset": "0x1fe8"}, {"name": "PID3", "offset": "0x1fec"}, {"name": "CID0", "offset": "0x1ff0"}, {"name": "CID1", "offset": "0x1ff4"}, {"name": "CID2", "offset": "0x1ff8"}, {"name": "CID3", "offset": "0x1ffc"}, {"name": "DCC0", "offset": "0x10"}, {"name": "DCC1", "offset": "0x14"}]}, {"name": "EIC", "start": "0x40001800", "end": "0x4000183f", "size": "0x40", "comment": "", "registers": [{"name": "CTRL", "offset": "0x0", "size": "0x8"}, {"name": "STATUS", "offset": "0x1", "size": "0x8"}, {"name": "NMICTRL", "offset": "0x2", "size": "0x8"}, {"name": "NMIFLAG", "offset": "0x3", "size": "0x8"}, {"name": "EVCTRL", "offset": "0x4"}, {"name": "INTENCLR", "offset": "0x8"}, {"name": "INTENSET", "offset": "0xc"}, {"name": "INTFLAG", "offset": "0x10"}, {"name": "WAKEUP", "offset": "0x14"}, {"name": "CONFIG0", "offset": "0x18"}, {"name": "CONFIG1", "offset": "0x1c"}]}, {"name": "EVSYS", "start": "0x42000400", "end": "0x4200047f", "size": "0x80", "comment": "", "registers": [{"name": "CTRL", "offset": "0x0", "size": "0x8"}, {"name": "CHANNEL", "offset": "0x4"}, {"name": "USER", "offset": "0x8", "size": "0x10"}, {"name": "CHSTATUS", "offset": "0xc"}, {"name": "INTENCLR", "offset": "0x10"}, {"name": "INTENSET", "offset": "0x14"}, {"name": "INTFLAG", "offset": "0x18"}]}, {"name": "GCLK", "start": "0x40000c00", "end": "0x40000c0f", "size": "0x10", "comment": "", "registers": [{"name": "CTRL", "offset": "0x0", "size": "0x8"}, {"name": "STATUS", "offset": "0x1", "size": "0x8"}, {"name": "CLKCTRL", "offset": "0x2", "size": "0x10"}, {"name": "GENCTRL", "offset": "0x4"}, {"name": "GENDIV", "offset": "0x8"}]}, {"name": "HMATRIX", "start": "0x41007000", "end": "0x410073ff", "size": "0x400", "comment": "", "registers": [{"name": "PRAS0", "offset": "0x80"}, {"name": "PRAS1", "offset": "0x88"}, {"name": "PRAS2", "offset": "0x90"}, {"name": "PRAS3", "offset": "0x98"}, {"name": "PRAS4", "offset": "0xa0"}, {"name": "PRAS5", "offset": "0xa8"}, {"name": "PRAS6", "offset": "0xb0"}, {"name": "PRAS7", "offset": "0xb8"}, {"name": "PRAS8", "offset": "0xc0"}, {"name": "PRAS9", "offset": "0xc8"}, {"name": "PRAS10", "offset": "0xd0"}, {"name": "PRAS11", "offset": "0xd8"}, {"name": "PRAS12", "offset": "0xe0"}, {"name": "PRAS13", "offset": "0xe8"}, {"name": "PRAS14", "offset": "0xf0"}, {"name": "PRAS15", "offset": "0xf8"}, {"name": "PRBS0", "offset": "0x84"}, {"name": "PRBS1", "offset": "0x8c"}, {"name": "PRBS2", "offset": "0x94"}, {"name": "PRBS3", "offset": "0x9c"}, {"name": "PRBS4", "offset": "0xa4"}, {"name": "PRBS5", "offset": "0xac"}, {"name": "PRBS6", "offset": "0xb4"}, {"name": "PRBS7", "offset": "0xbc"}, {"name": "PRBS8", "offset": "0xc4"}, {"name": "PRBS9", "offset": "0xcc"}, {"name": "PRBS10", "offset": "0xd4"}, {"name": "PRBS11", "offset": "0xdc"}, {"name": "PRBS12", "offset": "0xe4"}, {"name": "PRBS13", "offset": "0xec"}, {"name": "PRBS14", "offset": "0xf4"}, {"name": "PRBS15", "offset": "0xfc"}, {"name": "SFR0", "offset": "0x110"}, {"name": "SFR1", "offset": "0x114"}, {"name": "SFR2", "offset": "0x118"}, {"name": "SFR3", "offset": "0x11c"}, {"name": "SFR4", "offset": "0x120"}, {"name": "SFR5", "offset": "0x124"}, {"name": "SFR6", "offset": "0x128"}, {"name": "SFR7", "offset": "0x12c"}, {"name": "SFR8", "offset": "0x130"}, {"name": "SFR9", "offset": "0x134"}, {"name": "SFR10", "offset": "0x138"}, {"name": "SFR11", "offset": "0x13c"}, {"name": "SFR12", "offset": "0x140"}, {"name": "SFR13", "offset": "0x144"}, {"name": "SFR14", "offset": "0x148"}, {"name": "SFR15", "offset": "0x14c"}]}, {"name": "LINCTRL", "start": "0x42005800", "end": "0x42005807", "size": "0x8", "comment": "", "registers": [{"name": "CTRL", "offset": "0x0", "size": "0x10"}]}, {"name": "MTB", "start": "0x41006000", "end": "0x41006fff", "size": "0x1000", "comment": "", "registers": [{"name": "POSITION", "offset": "0x0"}, {"name": "MASTER", "offset": "0x4"}, {"name": "FLOW", "offset": "0x8"}, {"name": "BASE", "offset": "0xc"}, {"name": "ITCTRL", "offset": "0xf00"}, {"name": "CLAIMSET", "offset": "0xfa0"}, {"name": "CLAIMCLR", "offset": "0xfa4"}, {"name": "LOCKACCESS", "offset": "0xfb0"}, {"name": "LOCKSTATUS", "offset": "0xfb4"}, {"name": "AUTHSTATUS", "offset": "0xfb8"}, {"name": "DEVARCH", "offset": "0xfbc"}, {"name": "DEVID", "offset": "0xfc8"}, {"name": "DEVTYPE", "offset": "0xfcc"}, {"name": "PID4", "offset": "0xfd0"}, {"name": "PID5", "offset": "0xfd4"}, {"name": "PID6", "offset": "0xfd8"}, {"name": "PID7", "offset": "0xfdc"}, {"name": "PID0", "offset": "0xfe0"}, {"name": "PID1", "offset": "0xfe4"}, {"name": "PID2", "offset": "0xfe8"}, {"name": "PID3", "offset": "0xfec"}, {"name": "CID0", "offset": "0xff0"}, {"name": "CID1", "offset": "0xff4"}, {"name": "CID2", "offset": "0xff8"}, {"name": "CID3", "offset": "0xffc"}]}, {"name": "NVMCTRL", "start": "0x41004000", "end": "0x4100407f", "size": "0x80", "comment": "", "registers": [{"name": "CTRLA", "offset": "0x0", "size": "0x10"}, {"name": "CTRLB", "offset": "0x4"}, {"name": "PARAM", "offset": "0x8"}, {"name": "INTENCLR", "offset": "0xc", "size": "0x8"}, {"name": "INTENSET", "offset": "0x10", "size": "0x8"}, {"name": "INTFLAG", "offset": "0x14", "size": "0x8"}, {"name": "STATUS", "offset": "0x18", "size": "0x10"}, {"name": "ADDR", "offset": "0x1c"}, {"name": "LOCK", "offset": "0x20", "size": "0x10"}]}, {"name": "PAC0", "start": "0x40000000", "end": "0x40000007", "size": "0x8", "comment": "", "registers": [{"name": "WPCLR", "offset": "0x0"}, {"name": "WPSET", "offset": "0x4"}]}, {"name": "PAC1", "start": "0x41000000", "end": "0x41000007", "size": "0x8", "comment": "", "registers": [{"name": "WPCLR", "offset": "0x0"}, {"name": "WPSET", "offset": "0x4"}]}, {"name": "PAC2", "start": "0x42000000", "end": "0x42000007", "size": "0x8", "comment": "", "registers": [{"name": "WPCLR", "offset": "0x0"}, {"name": "WPSET", "offset": "0x4"}]}, {"name": "PM", "start": "0x40000400", "end": "0x4000047f", "size": "0x80", "comment": "", "registers": [{"name": "CTRL", "offset": "0x0", "size": "0x8"}, {"name": "SLEEP", "offset": "0x1", "size": "0x8"}, {"name": "EXTCTRL", "offset": "0x2", "size": "0x8"}, {"name": "CPUSEL", "offset": "0x8", "size": "0x8"}, {"name": "APBASEL", "offset": "0x9", "size": "0x8"}, {"name": "APBBSEL", "offset": "0xa", "size": "0x8"}, {"name": "APBCSEL", "offset": "0xb", "size": "0x8"}, {"name": "AHBMASK", "offset": "0x14"}, {"name": "APBAMASK", "offset": "0x18"}, {"name": "APBBMASK", "offset": "0x1c"}, {"name": "APBCMASK", "offset": "0x20"}, {"name": "INTENCLR", "offset": "0x34", "size": "0x8"}, {"name": "INTENSET", "offset": "0x35", "size": "0x8"}, {"name": "INTFLAG", "offset": "0x36", "size": "0x8"}, {"name": "RCAUSE", "offset": "0x38", "size": "0x8"}]}, {"name": "PORT", "start": "0x41004400", "end": "0x410045ff", "size": "0x200", "comment": "", "registers": [{"name": "DIR0", "offset": "0x0"}, {"name": "DIR1", "offset": "0x80"}, {"name": "DIRCLR0", "offset": "0x4"}, {"name": "DIRCLR1", "offset": "0x84"}, {"name": "DIRSET0", "offset": "0x8"}, {"name": "DIRSET1", "offset": "0x88"}, {"name": "DIRTGL0", "offset": "0xc"}, {"name": "DIRTGL1", "offset": "0x8c"}, {"name": "OUT0", "offset": "0x10"}, {"name": "OUT1", "offset": "0x90"}, {"name": "OUTCLR0", "offset": "0x14"}, {"name": "OUTCLR1", "offset": "0x94"}, {"name": "OUTSET0", "offset": "0x18"}, {"name": "OUTSET1", "offset": "0x98"}, {"name": "OUTTGL0", "offset": "0x1c"}, {"name": "OUTTGL1", "offset": "0x9c"}, {"name": "IN0", "offset": "0x20"}, {"name": "IN1", "offset": "0xa0"}, {"name": "CTRL0", "offset": "0x24"}, {"name": "CTRL1", "offset": "0xa4"}, {"name": "WRCONFIG0", "offset": "0x28"}, {"name": "WRCONFIG1", "offset": "0xa8"}, {"name": "PMUX0_0", "offset": "0x30", "size": "0x8"}, {"name": "PMUX0_1", "offset": "0x31", "size": "0x8"}, {"name": "PMUX0_2", "offset": "0x32", "size": "0x8"}, {"name": "PMUX0_3", "offset": "0x33", "size": "0x8"}, {"name": "PMUX0_4", "offset": "0x34", "size": "0x8"}, {"name": "PMUX0_5", "offset": "0x35", "size": "0x8"}, {"name": "PMUX0_6", "offset": "0x36", "size": "0x8"}, {"name": "PMUX0_7", "offset": "0x37", "size": "0x8"}, {"name": "PMUX0_8", "offset": "0x38", "size": "0x8"}, {"name": "PMUX0_9", "offset": "0x39", "size": "0x8"}, {"name": "PMUX0_10", "offset": "0x3a", "size": "0x8"}, {"name": "PMUX0_11", "offset": "0x3b", "size": "0x8"}, {"name": "PMUX0_12", "offset": "0x3c", "size": "0x8"}, {"name": "PMUX0_13", "offset": "0x3d", "size": "0x8"}, {"name": "PMUX0_14", "offset": "0x3e", "size": "0x8"}, {"name": "PMUX0_15", "offset": "0x3f", "size": "0x8"}, {"name": "PMUX1_0", "offset": "0xb0", "size": "0x0"}, {"name": "PMUX1_1", "offset": "0xb1", "size": "0x0"}, {"name": "PMUX1_2", "offset": "0xb2", "size": "0x0"}, {"name": "PMUX1_3", "offset": "0xb3", "size": "0x0"}, {"name": "PMUX1_4", "offset": "0xb4", "size": "0x0"}, {"name": "PMUX1_5", "offset": "0xb5", "size": "0x0"}, {"name": "PMUX1_6", "offset": "0xb6", "size": "0x0"}, {"name": "PMUX1_7", "offset": "0xb7", "size": "0x0"}, {"name": "PMUX1_8", "offset": "0xb8", "size": "0x0"}, {"name": "PMUX1_9", "offset": "0xb9", "size": "0x0"}, {"name": "PMUX1_10", "offset": "0xba", "size": "0x0"}, {"name": "PMUX1_11", "offset": "0xbb", "size": "0x0"}, {"name": "PMUX1_12", "offset": "0xbc", "size": "0x0"}, {"name": "PMUX1_13", "offset": "0xbd", "size": "0x0"}, {"name": "PMUX1_14", "offset": "0xbe", "size": "0x0"}, {"name": "PMUX1_15", "offset": "0xbf", "size": "0x0"}, {"name": "PINCFG0_0", "offset": "0x40", "size": "0x8"}, {"name": "PINCFG0_1", "offset": "0x41", "size": "0x8"}, {"name": "PINCFG0_2", "offset": "0x42", "size": "0x8"}, {"name": "PINCFG0_3", "offset": "0x43", "size": "0x8"}, {"name": "PINCFG0_4", "offset": "0x44", "size": "0x8"}, {"name": "PINCFG0_5", "offset": "0x45", "size": "0x8"}, {"name": "PINCFG0_6", "offset": "0x46", "size": "0x8"}, {"name": "PINCFG0_7", "offset": "0x47", "size": "0x8"}, {"name": "PINCFG0_8", "offset": "0x48", "size": "0x8"}, {"name": "PINCFG0_9", "offset": "0x49", "size": "0x8"}, {"name": "PINCFG0_10", "offset": "0x4a", "size": "0x8"}, {"name": "PINCFG0_11", "offset": "0x4b", "size": "0x8"}, {"name": "PINCFG0_12", "offset": "0x4c", "size": "0x8"}, {"name": "PINCFG0_13", "offset": "0x4d", "size": "0x8"}, {"name": "PINCFG0_14", "offset": "0x4e", "size": "0x8"}, {"name": "PINCFG0_15", "offset": "0x4f", "size": "0x8"}, {"name": "PINCFG0_16", "offset": "0x50", "size": "0x8"}, {"name": "PINCFG0_17", "offset": "0x51", "size": "0x8"}, {"name": "PINCFG0_18", "offset": "0x52", "size": "0x8"}, {"name": "PINCFG0_19", "offset": "0x53", "size": "0x8"}, {"name": "PINCFG0_20", "offset": "0x54", "size": "0x8"}, {"name": "PINCFG0_21", "offset": "0x55", "size": "0x8"}, {"name": "PINCFG0_22", "offset": "0x56", "size": "0x8"}, {"name": "PINCFG0_23", "offset": "0x57", "size": "0x8"}, {"name": "PINCFG0_24", "offset": "0x58", "size": "0x8"}, {"name": "PINCFG0_25", "offset": "0x59", "size": "0x8"}, {"name": "PINCFG0_26", "offset": "0x5a", "size": "0x8"}, {"name": "PINCFG0_27", "offset": "0x5b", "size": "0x8"}, {"name": "PINCFG0_28", "offset": "0x5c", "size": "0x8"}, {"name": "PINCFG0_29", "offset": "0x5d", "size": "0x8"}, {"name": "PINCFG0_30", "offset": "0x5e", "size": "0x8"}, {"name": "PINCFG0_31", "offset": "0x5f", "size": "0x8"}, {"name": "PINCFG1_0", "offset": "0xc0", "size": "0x0"}, {"name": "PINCFG1_1", "offset": "0xc1", "size": "0x0"}, {"name": "PINCFG1_2", "offset": "0xc2", "size": "0x0"}, {"name": "PINCFG1_3", "offset": "0xc3", "size": "0x0"}, {"name": "PINCFG1_4", "offset": "0xc4", "size": "0x0"}, {"name": "PINCFG1_5", "offset": "0xc5", "size": "0x0"}, {"name": "PINCFG1_6", "offset": "0xc6", "size": "0x0"}, {"name": "PINCFG1_7", "offset": "0xc7", "size": "0x0"}, {"name": "PINCFG1_8", "offset": "0xc8", "size": "0x0"}, {"name": "PINCFG1_9", "offset": "0xc9", "size": "0x0"}, {"name": "PINCFG1_10", "offset": "0xca", "size": "0x0"}, {"name": "PINCFG1_11", "offset": "0xcb", "size": "0x0"}, {"name": "PINCFG1_12", "offset": "0xcc", "size": "0x0"}, {"name": "PINCFG1_13", "offset": "0xcd", "size": "0x0"}, {"name": "PINCFG1_14", "offset": "0xce", "size": "0x0"}, {"name": "PINCFG1_15", "offset": "0xcf", "size": "0x0"}, {"name": "PINCFG1_16", "offset": "0xd0", "size": "0x0"}, {"name": "PINCFG1_17", "offset": "0xd1", "size": "0x0"}, {"name": "PINCFG1_18", "offset": "0xd2", "size": "0x0"}, {"name": "PINCFG1_19", "offset": "0xd3", "size": "0x0"}, {"name": "PINCFG1_20", "offset": "0xd4", "size": "0x0"}, {"name": "PINCFG1_21", "offset": "0xd5", "size": "0x0"}, {"name": "PINCFG1_22", "offset": "0xd6", "size": "0x0"}, {"name": "PINCFG1_23", "offset": "0xd7", "size": "0x0"}, {"name": "PINCFG1_24", "offset": "0xd8", "size": "0x0"}, {"name": "PINCFG1_25", "offset": "0xd9", "size": "0x0"}, {"name": "PINCFG1_26", "offset": "0xda", "size": "0x0"}, {"name": "PINCFG1_27", "offset": "0xdb", "size": "0x0"}, {"name": "PINCFG1_28", "offset": "0xdc", "size": "0x0"}, {"name": "PINCFG1_29", "offset": "0xdd", "size": "0x0"}, {"name": "PINCFG1_30", "offset": "0xde", "size": "0x0"}, {"name": "PINCFG1_31", "offset": "0xdf", "size": "0x0"}]}, {"name": "PORT_IOBUS", "start": "0x60000000", "end": "0x600001ff", "size": "0x200", "comment": "", "registers": [{"name": "DIR0", "offset": "0x0"}, {"name": "DIR1", "offset": "0x80"}, {"name": "DIRCLR0", "offset": "0x4"}, {"name": "DIRCLR1", "offset": "0x84"}, {"name": "DIRSET0", "offset": "0x8"}, {"name": "DIRSET1", "offset": "0x88"}, {"name": "DIRTGL0", "offset": "0xc"}, {"name": "DIRTGL1", "offset": "0x8c"}, {"name": "OUT0", "offset": "0x10"}, {"name": "OUT1", "offset": "0x90"}, {"name": "OUTCLR0", "offset": "0x14"}, {"name": "OUTCLR1", "offset": "0x94"}, {"name": "OUTSET0", "offset": "0x18"}, {"name": "OUTSET1", "offset": "0x98"}, {"name": "OUTTGL0", "offset": "0x1c"}, {"name": "OUTTGL1", "offset": "0x9c"}, {"name": "IN0", "offset": "0x20"}, {"name": "IN1", "offset": "0xa0"}, {"name": "CTRL0", "offset": "0x24"}, {"name": "CTRL1", "offset": "0xa4"}, {"name": "WRCONFIG0", "offset": "0x28"}, {"name": "WRCONFIG1", "offset": "0xa8"}, {"name": "PMUX0_0", "offset": "0x30", "size": "0x8"}, {"name": "PMUX0_1", "offset": "0x31", "size": "0x8"}, {"name": "PMUX0_2", "offset": "0x32", "size": "0x8"}, {"name": "PMUX0_3", "offset": "0x33", "size": "0x8"}, {"name": "PMUX0_4", "offset": "0x34", "size": "0x8"}, {"name": "PMUX0_5", "offset": "0x35", "size": "0x8"}, {"name": "PMUX0_6", "offset": "0x36", "size": "0x8"}, {"name": "PMUX0_7", "offset": "0x37", "size": "0x8"}, {"name": "PMUX0_8", "offset": "0x38", "size": "0x8"}, {"name": "PMUX0_9", "offset": "0x39", "size": "0x8"}, {"name": "PMUX0_10", "offset": "0x3a", "size": "0x8"}, {"name": "PMUX0_11", "offset": "0x3b", "size": "0x8"}, {"name": "PMUX0_12", "offset": "0x3c", "size": "0x8"}, {"name": "PMUX0_13", "offset": "0x3d", "size": "0x8"}, {"name": "PMUX0_14", "offset": "0x3e", "size": "0x8"}, {"name": "PMUX0_15", "offset": "0x3f", "size": "0x8"}, {"name": "PMUX1_0", "offset": "0xb0", "size": "0x0"}, {"name": "PMUX1_1", "offset": "0xb1", "size": "0x0"}, {"name": "PMUX1_2", "offset": "0xb2", "size": "0x0"}, {"name": "PMUX1_3", "offset": "0xb3", "size": "0x0"}, {"name": "PMUX1_4", "offset": "0xb4", "size": "0x0"}, {"name": "PMUX1_5", "offset": "0xb5", "size": "0x0"}, {"name": "PMUX1_6", "offset": "0xb6", "size": "0x0"}, {"name": "PMUX1_7", "offset": "0xb7", "size": "0x0"}, {"name": "PMUX1_8", "offset": "0xb8", "size": "0x0"}, {"name": "PMUX1_9", "offset": "0xb9", "size": "0x0"}, {"name": "PMUX1_10", "offset": "0xba", "size": "0x0"}, {"name": "PMUX1_11", "offset": "0xbb", "size": "0x0"}, {"name": "PMUX1_12", "offset": "0xbc", "size": "0x0"}, {"name": "PMUX1_13", "offset": "0xbd", "size": "0x0"}, {"name": "PMUX1_14", "offset": "0xbe", "size": "0x0"}, {"name": "PMUX1_15", "offset": "0xbf", "size": "0x0"}, {"name": "PINCFG0_0", "offset": "0x40", "size": "0x8"}, {"name": "PINCFG0_1", "offset": "0x41", "size": "0x8"}, {"name": "PINCFG0_2", "offset": "0x42", "size": "0x8"}, {"name": "PINCFG0_3", "offset": "0x43", "size": "0x8"}, {"name": "PINCFG0_4", "offset": "0x44", "size": "0x8"}, {"name": "PINCFG0_5", "offset": "0x45", "size": "0x8"}, {"name": "PINCFG0_6", "offset": "0x46", "size": "0x8"}, {"name": "PINCFG0_7", "offset": "0x47", "size": "0x8"}, {"name": "PINCFG0_8", "offset": "0x48", "size": "0x8"}, {"name": "PINCFG0_9", "offset": "0x49", "size": "0x8"}, {"name": "PINCFG0_10", "offset": "0x4a", "size": "0x8"}, {"name": "PINCFG0_11", "offset": "0x4b", "size": "0x8"}, {"name": "PINCFG0_12", "offset": "0x4c", "size": "0x8"}, {"name": "PINCFG0_13", "offset": "0x4d", "size": "0x8"}, {"name": "PINCFG0_14", "offset": "0x4e", "size": "0x8"}, {"name": "PINCFG0_15", "offset": "0x4f", "size": "0x8"}, {"name": "PINCFG0_16", "offset": "0x50", "size": "0x8"}, {"name": "PINCFG0_17", "offset": "0x51", "size": "0x8"}, {"name": "PINCFG0_18", "offset": "0x52", "size": "0x8"}, {"name": "PINCFG0_19", "offset": "0x53", "size": "0x8"}, {"name": "PINCFG0_20", "offset": "0x54", "size": "0x8"}, {"name": "PINCFG0_21", "offset": "0x55", "size": "0x8"}, {"name": "PINCFG0_22", "offset": "0x56", "size": "0x8"}, {"name": "PINCFG0_23", "offset": "0x57", "size": "0x8"}, {"name": "PINCFG0_24", "offset": "0x58", "size": "0x8"}, {"name": "PINCFG0_25", "offset": "0x59", "size": "0x8"}, {"name": "PINCFG0_26", "offset": "0x5a", "size": "0x8"}, {"name": "PINCFG0_27", "offset": "0x5b", "size": "0x8"}, {"name": "PINCFG0_28", "offset": "0x5c", "size": "0x8"}, {"name": "PINCFG0_29", "offset": "0x5d", "size": "0x8"}, {"name": "PINCFG0_30", "offset": "0x5e", "size": "0x8"}, {"name": "PINCFG0_31", "offset": "0x5f", "size": "0x8"}, {"name": "PINCFG1_0", "offset": "0xc0", "size": "0x0"}, {"name": "PINCFG1_1", "offset": "0xc1", "size": "0x0"}, {"name": "PINCFG1_2", "offset": "0xc2", "size": "0x0"}, {"name": "PINCFG1_3", "offset": "0xc3", "size": "0x0"}, {"name": "PINCFG1_4", "offset": "0xc4", "size": "0x0"}, {"name": "PINCFG1_5", "offset": "0xc5", "size": "0x0"}, {"name": "PINCFG1_6", "offset": "0xc6", "size": "0x0"}, {"name": "PINCFG1_7", "offset": "0xc7", "size": "0x0"}, {"name": "PINCFG1_8", "offset": "0xc8", "size": "0x0"}, {"name": "PINCFG1_9", "offset": "0xc9", "size": "0x0"}, {"name": "PINCFG1_10", "offset": "0xca", "size": "0x0"}, {"name": "PINCFG1_11", "offset": "0xcb", "size": "0x0"}, {"name": "PINCFG1_12", "offset": "0xcc", "size": "0x0"}, {"name": "PINCFG1_13", "offset": "0xcd", "size": "0x0"}, {"name": "PINCFG1_14", "offset": "0xce", "size": "0x0"}, {"name": "PINCFG1_15", "offset": "0xcf", "size": "0x0"}, {"name": "PINCFG1_16", "offset": "0xd0", "size": "0x0"}, {"name": "PINCFG1_17", "offset": "0xd1", "size": "0x0"}, {"name": "PINCFG1_18", "offset": "0xd2", "size": "0x0"}, {"name": "PINCFG1_19", "offset": "0xd3", "size": "0x0"}, {"name": "PINCFG1_20", "offset": "0xd4", "size": "0x0"}, {"name": "PINCFG1_21", "offset": "0xd5", "size": "0x0"}, {"name": "PINCFG1_22", "offset": "0xd6", "size": "0x0"}, {"name": "PINCFG1_23", "offset": "0xd7", "size": "0x0"}, {"name": "PINCFG1_24", "offset": "0xd8", "size": "0x0"}, {"name": "PINCFG1_25", "offset": "0xd9", "size": "0x0"}, {"name": "PINCFG1_26", "offset": "0xda", "size": "0x0"}, {"name": "PINCFG1_27", "offset": "0xdb", "size": "0x0"}, {"name": "PINCFG1_28", "offset": "0xdc", "size": "0x0"}, {"name": "PINCFG1_29", "offset": "0xdd", "size": "0x0"}, {"name": "PINCFG1_30", "offset": "0xde", "size": "0x0"}, {"name": "PINCFG1_31", "offset": "0xdf", "size": "0x0"}]}, {"name": "RTC", "start": "0x40001400", "end": "0x4000143f", "size": "0x40", "comment": "", "registers": []}, {"name": "SERCOM0", "start": "0x42000800", "end": "0x4200083f", "size": "0x40", "comment": "", "registers": []}, {"name": "SERCOM1", "start": "0x42000c00", "end": "0x42000c3f", "size": "0x40", "comment": "", "registers": []}, {"name": "SERCOM2", "start": "0x42001000", "end": "0x4200103f", "size": "0x40", "comment": "", "registers": []}, {"name": "SERCOM3", "start": "0x42001400", "end": "0x4200143f", "size": "0x40", "comment": "", "registers": []}, {"name": "SERCOM4", "start": "0x42001800", "end": "0x4200183f", "size": "0x40", "comment": "", "registers": []}, {"name": "SERCOM5", "start": "0x42001c00", "end": "0x42001c3f", "size": "0x40", "comment": "", "registers": []}, {"name": "SYSCTRL", "start": "0x40000800", "end": "0x4000087f", "size": "0x80", "comment": "", "registers": [{"name": "INTENCLR", "offset": "0x0"}, {"name": "INTENSET", "offset": "0x4"}, {"name": "INTFLAG", "offset": "0x8"}, {"name": "PCLKSR", "offset": "0xc"}, {"name": "XOSC", "offset": "0x10", "size": "0x10"}, {"name": "XOSC32K", "offset": "0x14", "size": "0x10"}, {"name": "OSC32K", "offset": "0x18"}, {"name": "OSCULP32K", "offset": "0x1c", "size": "0x8"}, {"name": "OSC8M", "offset": "0x20"}, {"name": "DFLLCTRL", "offset": "0x24", "size": "0x10"}, {"name": "DFLLVAL", "offset": "0x28"}, {"name": "DFLLMUL", "offset": "0x2c"}, {"name": "DFLLSYNC", "offset": "0x30", "size": "0x8"}, {"name": "BOD33", "offset": "0x34"}, {"name": "VREG", "offset": "0x3c", "size": "0x10"}, {"name": "VREF", "offset": "0x40"}, {"name": "DPLLCTRLA", "offset": "0x44", "size": "0x8"}, {"name": "DPLLRATIO", "offset": "0x48"}, {"name": "DPLLCTRLB", "offset": "0x4c"}, {"name": "DPLLSTATUS", "offset": "0x50", "size": "0x8"}]}, {"name": "TC3", "start": "0x42002c00", "end": "0x42002c3f", "size": "0x40", "comment": "", "registers": []}, {"name": "TC4", "start": "0x42003000", "end": "0x4200303f", "size": "0x40", "comment": "", "registers": []}, {"name": "TC5", "start": "0x42003400", "end": "0x4200343f", "size": "0x40", "comment": "", "registers": []}, {"name": "TC6", "start": "0x42003800", "end": "0x4200383f", "size": "0x40", "comment": "", "registers": []}, {"name": "TC7", "start": "0x42003c00", "end": "0x42003c3f", "size": "0x40", "comment": "", "registers": []}, {"name": "TCC0", "start": "0x42002000", "end": "0x4200208f", "size": "0x90", "comment": "", "registers": [{"name": "CTRLA", "offset": "0x0"}, {"name": "CTRLBCLR", "offset": "0x4", "size": "0x8"}, {"name": "CTRLBSET", "offset": "0x5", "size": "0x8"}, {"name": "SYNCBUSY", "offset": "0x8"}, {"name": "FCTRLA", "offset": "0xc"}, {"name": "FCTRLB", "offset": "0x10"}, {"name": "WEXCTRL", "offset": "0x14"}, {"name": "DRVCTRL", "offset": "0x18"}, {"name": "DBGCTRL", "offset": "0x1e", "size": "0x8"}, {"name": "EVCTRL", "offset": "0x20"}, {"name": "INTENCLR", "offset": "0x24"}, {"name": "INTENSET", "offset": "0x28"}, {"name": "INTFLAG", "offset": "0x2c"}, {"name": "STATUS", "offset": "0x30"}, {"name": "COUNT", "offset": "0x34"}, {"name": "COUNT_DITH4", "offset": "0x34"}, {"name": "COUNT_DITH5", "offset": "0x34"}, {"name": "COUNT_DITH6", "offset": "0x34"}, {"name": "PATT", "offset": "0x38", "size": "0x10"}, {"name": "WAVE", "offset": "0x3c"}, {"name": "PER", "offset": "0x40"}, {"name": "PER_DITH4", "offset": "0x40"}, {"name": "PER_DITH5", "offset": "0x40"}, {"name": "PER_DITH6", "offset": "0x40"}, {"name": "PATTB", "offset": "0x64", "size": "0x10"}, {"name": "WAVEB", "offset": "0x68"}, {"name": "PERB", "offset": "0x6c"}, {"name": "PERB_DITH4", "offset": "0x6c"}, {"name": "PERB_DITH5", "offset": "0x6c"}, {"name": "PERB_DITH6", "offset": "0x6c"}, {"name": "CC0", "offset": "0x44"}, {"name": "CC1", "offset": "0x48"}, {"name": "CC2", "offset": "0x4c"}, {"name": "CC3", "offset": "0x50"}, {"name": "CC0_DITH4", "offset": "0x44"}, {"name": "CC1_DITH4", "offset": "0x48"}, {"name": "CC2_DITH4", "offset": "0x4c"}, {"name": "CC3_DITH4", "offset": "0x50"}, {"name": "CC0_DITH5", "offset": "0x44"}, {"name": "CC1_DITH5", "offset": "0x48"}, {"name": "CC2_DITH5", "offset": "0x4c"}, {"name": "CC3_DITH5", "offset": "0x50"}, {"name": "CC0_DITH6", "offset": "0x44"}, {"name": "CC1_DITH6", "offset": "0x48"}, {"name": "CC2_DITH6", "offset": "0x4c"}, {"name": "CC3_DITH6", "offset": "0x50"}, {"name": "CCB0", "offset": "0x70"}, {"name": "CCB1", "offset": "0x74"}, {"name": "CCB2", "offset": "0x78"}, {"name": "CCB3", "offset": "0x7c"}, {"name": "CCB0_DITH4", "offset": "0x70"}, {"name": "CCB1_DITH4", "offset": "0x74"}, {"name": "CCB2_DITH4", "offset": "0x78"}, {"name": "CCB3_DITH4", "offset": "0x7c"}, {"name": "CCB0_DITH5", "offset": "0x70"}, {"name": "CCB1_DITH5", "offset": "0x74"}, {"name": "CCB2_DITH5", "offset": "0x78"}, {"name": "CCB3_DITH5", "offset": "0x7c"}, {"name": "CCB0_DITH6", "offset": "0x70"}, {"name": "CCB1_DITH6", "offset": "0x74"}, {"name": "CCB2_DITH6", "offset": "0x78"}, {"name": "CCB3_DITH6", "offset": "0x7c"}]}, {"name": "TCC1", "start": "0x42002400", "end": "0x4200248f", "size": "0x90", "comment": "", "registers": [{"name": "CTRLA", "offset": "0x0"}, {"name": "CTRLBCLR", "offset": "0x4", "size": "0x8"}, {"name": "CTRLBSET", "offset": "0x5", "size": "0x8"}, {"name": "SYNCBUSY", "offset": "0x8"}, {"name": "FCTRLA", "offset": "0xc"}, {"name": "FCTRLB", "offset": "0x10"}, {"name": "WEXCTRL", "offset": "0x14"}, {"name": "DRVCTRL", "offset": "0x18"}, {"name": "DBGCTRL", "offset": "0x1e", "size": "0x8"}, {"name": "EVCTRL", "offset": "0x20"}, {"name": "INTENCLR", "offset": "0x24"}, {"name": "INTENSET", "offset": "0x28"}, {"name": "INTFLAG", "offset": "0x2c"}, {"name": "STATUS", "offset": "0x30"}, {"name": "COUNT", "offset": "0x34"}, {"name": "COUNT_DITH4", "offset": "0x34"}, {"name": "COUNT_DITH5", "offset": "0x34"}, {"name": "COUNT_DITH6", "offset": "0x34"}, {"name": "PATT", "offset": "0x38", "size": "0x10"}, {"name": "WAVE", "offset": "0x3c"}, {"name": "PER", "offset": "0x40"}, {"name": "PER_DITH4", "offset": "0x40"}, {"name": "PER_DITH5", "offset": "0x40"}, {"name": "PER_DITH6", "offset": "0x40"}, {"name": "PATTB", "offset": "0x64", "size": "0x10"}, {"name": "WAVEB", "offset": "0x68"}, {"name": "PERB", "offset": "0x6c"}, {"name": "PERB_DITH4", "offset": "0x6c"}, {"name": "PERB_DITH5", "offset": "0x6c"}, {"name": "PERB_DITH6", "offset": "0x6c"}, {"name": "CC0", "offset": "0x44"}, {"name": "CC1", "offset": "0x48"}, {"name": "CC2", "offset": "0x4c"}, {"name": "CC3", "offset": "0x50"}, {"name": "CC0_DITH4", "offset": "0x44"}, {"name": "CC1_DITH4", "offset": "0x48"}, {"name": "CC2_DITH4", "offset": "0x4c"}, {"name": "CC3_DITH4", "offset": "0x50"}, {"name": "CC0_DITH5", "offset": "0x44"}, {"name": "CC1_DITH5", "offset": "0x48"}, {"name": "CC2_DITH5", "offset": "0x4c"}, {"name": "CC3_DITH5", "offset": "0x50"}, {"name": "CC0_DITH6", "offset": "0x44"}, {"name": "CC1_DITH6", "offset": "0x48"}, {"name": "CC2_DITH6", "offset": "0x4c"}, {"name": "CC3_DITH6", "offset": "0x50"}, {"name": "CCB0", "offset": "0x70"}, {"name": "CCB1", "offset": "0x74"}, {"name": "CCB2", "offset": "0x78"}, {"name": "CCB3", "offset": "0x7c"}, {"name": "CCB0_DITH4", "offset": "0x70"}, {"name": "CCB1_DITH4", "offset": "0x74"}, {"name": "CCB2_DITH4", "offset": "0x78"}, {"name": "CCB3_DITH4", "offset": "0x7c"}, {"name": "CCB0_DITH5", "offset": "0x70"}, {"name": "CCB1_DITH5", "offset": "0x74"}, {"name": "CCB2_DITH5", "offset": "0x78"}, {"name": "CCB3_DITH5", "offset": "0x7c"}, {"name": "CCB0_DITH6", "offset": "0x70"}, {"name": "CCB1_DITH6", "offset": "0x74"}, {"name": "CCB2_DITH6", "offset": "0x78"}, {"name": "CCB3_DITH6", "offset": "0x7c"}]}, {"name": "TCC2", "start": "0x42002800", "end": "0x4200288f", "size": "0x90", "comment": "", "registers": [{"name": "CTRLA", "offset": "0x0"}, {"name": "CTRLBCLR", "offset": "0x4", "size": "0x8"}, {"name": "CTRLBSET", "offset": "0x5", "size": "0x8"}, {"name": "SYNCBUSY", "offset": "0x8"}, {"name": "FCTRLA", "offset": "0xc"}, {"name": "FCTRLB", "offset": "0x10"}, {"name": "WEXCTRL", "offset": "0x14"}, {"name": "DRVCTRL", "offset": "0x18"}, {"name": "DBGCTRL", "offset": "0x1e", "size": "0x8"}, {"name": "EVCTRL", "offset": "0x20"}, {"name": "INTENCLR", "offset": "0x24"}, {"name": "INTENSET", "offset": "0x28"}, {"name": "INTFLAG", "offset": "0x2c"}, {"name": "STATUS", "offset": "0x30"}, {"name": "COUNT", "offset": "0x34"}, {"name": "COUNT_DITH4", "offset": "0x34"}, {"name": "COUNT_DITH5", "offset": "0x34"}, {"name": "COUNT_DITH6", "offset": "0x34"}, {"name": "PATT", "offset": "0x38", "size": "0x10"}, {"name": "WAVE", "offset": "0x3c"}, {"name": "PER", "offset": "0x40"}, {"name": "PER_DITH4", "offset": "0x40"}, {"name": "PER_DITH5", "offset": "0x40"}, {"name": "PER_DITH6", "offset": "0x40"}, {"name": "PATTB", "offset": "0x64", "size": "0x10"}, {"name": "WAVEB", "offset": "0x68"}, {"name": "PERB", "offset": "0x6c"}, {"name": "PERB_DITH4", "offset": "0x6c"}, {"name": "PERB_DITH5", "offset": "0x6c"}, {"name": "PERB_DITH6", "offset": "0x6c"}, {"name": "CC0", "offset": "0x44"}, {"name": "CC1", "offset": "0x48"}, {"name": "CC2", "offset": "0x4c"}, {"name": "CC3", "offset": "0x50"}, {"name": "CC0_DITH4", "offset": "0x44"}, {"name": "CC1_DITH4", "offset": "0x48"}, {"name": "CC2_DITH4", "offset": "0x4c"}, {"name": "CC3_DITH4", "offset": "0x50"}, {"name": "CC0_DITH5", "offset": "0x44"}, {"name": "CC1_DITH5", "offset": "0x48"}, {"name": "CC2_DITH5", "offset": "0x4c"}, {"name": "CC3_DITH5", "offset": "0x50"}, {"name": "CC0_DITH6", "offset": "0x44"}, {"name": "CC1_DITH6", "offset": "0x48"}, {"name": "CC2_DITH6", "offset": "0x4c"}, {"name": "CC3_DITH6", "offset": "0x50"}, {"name": "CCB0", "offset": "0x70"}, {"name": "CCB1", "offset": "0x74"}, {"name": "CCB2", "offset": "0x78"}, {"name": "CCB3", "offset": "0x7c"}, {"name": "CCB0_DITH4", "offset": "0x70"}, {"name": "CCB1_DITH4", "offset": "0x74"}, {"name": "CCB2_DITH4", "offset": "0x78"}, {"name": "CCB3_DITH4", "offset": "0x7c"}, {"name": "CCB0_DITH5", "offset": "0x70"}, {"name": "CCB1_DITH5", "offset": "0x74"}, {"name": "CCB2_DITH5", "offset": "0x78"}, {"name": "CCB3_DITH5", "offset": "0x7c"}, {"name": "CCB0_DITH6", "offset": "0x70"}, {"name": "CCB1_DITH6", "offset": "0x74"}, {"name": "CCB2_DITH6", "offset": "0x78"}, {"name": "CCB3_DITH6", "offset": "0x7c"}]}, {"name": "WDT", "start": "0x40001000", "end": "0x4000100f", "size": "0x10", "comment": "", "registers": [{"name": "CTRL", "offset": "0x0", "size": "0x8"}, {"name": "CONFIG", "offset": "0x1", "size": "0x8"}, {"name": "EWCTRL", "offset": "0x2", "size": "0x8"}, {"name": "INTENCLR", "offset": "0x4", "size": "0x8"}, {"name": "INTENSET", "offset": "0x5", "size": "0x8"}, {"name": "INTFLAG", "offset": "0x6", "size": "0x8"}, {"name": "STATUS", "offset": "0x7", "size": "0x8"}, {"name": "CLEAR", "offset": "0x8", "size": "0x8"}]}], "vector_table": [{"name": "StackPointer_Value", "value": -1, "addr": "0x0", "comment": "Stack pointer initial value"}, {"name": "Reset", "value": -1, "addr": "0x4", "comment": "Priority: -3"}, {"name": "NMI", "value": -1, "addr": "0x8", "comment": "Priority: -2"}, {"name": "HardFault", "value": -1, "addr": "0xc", "comment": "Priority: -1"}, {"name": "SVCall", "value": -1, "addr": "0x2c", "comment": "Priority: 3"}, {"name": "PendSV", "value": -1, "addr": "0x38", "comment": "Priority: 5"}, {"name": "SysTick", "value": -1, "addr": "0x3c", "comment": "Priority: 6"}, {"name": "PM", "value": 0, "comment": "", "addr": "0x40"}, {"name": "SYSCTRL", "value": 1, "comment": "", "addr": "0x44"}, {"name": "WDT", "value": 2, "comment": "", "addr": "0x48"}, {"name": "RTC", "value": 3, "comment": "", "addr": "0x4c"}, {"name": "EIC", "value": 4, "comment": "", "addr": "0x50"}, {"name": "NVMCTRL", "value": 5, "comment": "", "addr": "0x54"}, {"name": "DMAC", "value": 6, "comment": "", "addr": "0x58"}, {"name": "EVSYS", "value": 8, "comment": "", "addr": "0x60"}, {"name": "SERCOM0", "value": 9, "comment": "", "addr": "0x64"}, {"name": "SERCOM1", "value": 10, "comment": "", "addr": "0x68"}, {"name": "SERCOM2", "value": 11, "comment": "", "addr": "0x6c"}, {"name": "SERCOM3", "value": 12, "comment": "", "addr": "0x70"}, {"name": "SERCOM4", "value": 13, "comment": "", "addr": "0x74"}, {"name": "SERCOM5", "value": 14, "comment": "", "addr": "0x78"}, {"name": "TCC0", "value": 15, "comment": "", "addr": "0x7c"}, {"name": "TCC1", "value": 16, "comment": "", "addr": "0x80"}, {"name": "TCC2", "value": 17, "comment": "", "addr": "0x84"}, {"name": "TC3", "value": 18, "comment": "", "addr": "0x88"}, {"name": "TC4", "value": 19, "comment": "", "addr": "0x8c"}, {"name": "TC5", "value": 20, "comment": "", "addr": "0x90"}, {"name": "TC6", "value": 21, "comment": "", "addr": "0x94"}, {"name": "TC7", "value": 22, "comment": "", "addr": "0x98"}, {"name": "ADC", "value": 23, "comment": "", "addr": "0x9c"}, {"name": "AC", "value": 24, "comment": "", "addr": "0xa0"}, {"name": "DAC", "value": 25, "comment": "", "addr": "0xa4"}]}