{"brand": "Microchip", "family": "SAM3S", "name": "ATSAM3S1A", "bits": 32, "mode": 1, "segments": [{"name": "SRAM", "start": "0x20000000", "end": "0x2000bfff", "size": "0xc000", "type": "DATA"}, {"name": "SRAM_ALIAS", "start": "0x22000000", "end": "0x2200bfff", "size": "0xc000", "type": "DATA"}], "peripherals": [{"name": "SSC", "start": "0x40004000", "end": "0x40007fff", "size": "0x4000", "comment": "", "registers": [{"name": "CR", "offset": "0x0"}, {"name": "CMR", "offset": "0x4"}, {"name": "RCMR", "offset": "0x10"}, {"name": "RFMR", "offset": "0x14"}, {"name": "TCMR", "offset": "0x18"}, {"name": "TFMR", "offset": "0x1c"}, {"name": "RHR", "offset": "0x20"}, {"name": "THR", "offset": "0x24"}, {"name": "RSHR", "offset": "0x30"}, {"name": "TSHR", "offset": "0x34"}, {"name": "RC0R", "offset": "0x38"}, {"name": "RC1R", "offset": "0x3c"}, {"name": "SR", "offset": "0x40"}, {"name": "IER", "offset": "0x44"}, {"name": "IDR", "offset": "0x48"}, {"name": "IMR", "offset": "0x4c"}, {"name": "WPMR", "offset": "0xe4"}, {"name": "WPSR", "offset": "0xe8"}, {"name": "RPR", "offset": "0x100"}, {"name": "RCR", "offset": "0x104"}, {"name": "TPR", "offset": "0x108"}, {"name": "TCR", "offset": "0x10c"}, {"name": "RNPR", "offset": "0x110"}, {"name": "RNCR", "offset": "0x114"}, {"name": "TNPR", "offset": "0x118"}, {"name": "TNCR", "offset": "0x11c"}, {"name": "PTCR", "offset": "0x120"}, {"name": "PTSR", "offset": "0x124"}]}, {"name": "SPI", "start": "0x40008000", "end": "0x4000bfff", "size": "0x4000", "comment": "", "registers": [{"name": "CR", "offset": "0x0"}, {"name": "MR", "offset": "0x4"}, {"name": "RDR", "offset": "0x8"}, {"name": "TDR", "offset": "0xc"}, {"name": "SR", "offset": "0x10"}, {"name": "IER", "offset": "0x14"}, {"name": "IDR", "offset": "0x18"}, {"name": "IMR", "offset": "0x1c"}, {"name": "WPMR", "offset": "0xe4"}, {"name": "WPSR", "offset": "0xe8"}, {"name": "RPR", "offset": "0x100"}, {"name": "RCR", "offset": "0x104"}, {"name": "TPR", "offset": "0x108"}, {"name": "TCR", "offset": "0x10c"}, {"name": "RNPR", "offset": "0x110"}, {"name": "RNCR", "offset": "0x114"}, {"name": "TNPR", "offset": "0x118"}, {"name": "TNCR", "offset": "0x11c"}, {"name": "PTCR", "offset": "0x120"}, {"name": "PTSR", "offset": "0x124"}, {"name": "CSR[0]", "offset": "0x30"}, {"name": "CSR[1]", "offset": "0x34"}, {"name": "CSR[2]", "offset": "0x38"}, {"name": "CSR[3]", "offset": "0x3c"}]}, {"name": "TC0", "start": "0x40010000", "end": "0x40013fff", "size": "0x4000", "comment": "", "registers": [{"name": "CCR0", "offset": "0x0"}, {"name": "CMR0", "offset": "0x4"}, {"name": "CMR0_WAVE_EQ_1", "offset": "0x4"}, {"name": "SMMR0", "offset": "0x8"}, {"name": "CV0", "offset": "0x10"}, {"name": "RA0", "offset": "0x14"}, {"name": "RB0", "offset": "0x18"}, {"name": "RC0", "offset": "0x1c"}, {"name": "SR0", "offset": "0x20"}, {"name": "IER0", "offset": "0x24"}, {"name": "IDR0", "offset": "0x28"}, {"name": "IMR0", "offset": "0x2c"}, {"name": "CCR1", "offset": "0x40"}, {"name": "CMR1", "offset": "0x44"}, {"name": "CMR1_WAVE_EQ_1", "offset": "0x44"}, {"name": "SMMR1", "offset": "0x48"}, {"name": "CV1", "offset": "0x50"}, {"name": "RA1", "offset": "0x54"}, {"name": "RB1", "offset": "0x58"}, {"name": "RC1", "offset": "0x5c"}, {"name": "SR1", "offset": "0x60"}, {"name": "IER1", "offset": "0x64"}, {"name": "IDR1", "offset": "0x68"}, {"name": "IMR1", "offset": "0x6c"}, {"name": "CCR2", "offset": "0x80"}, {"name": "CMR2", "offset": "0x84"}, {"name": "CMR2_WAVE_EQ_1", "offset": "0x84"}, {"name": "SMMR2", "offset": "0x88"}, {"name": "CV2", "offset": "0x90"}, {"name": "RA2", "offset": "0x94"}, {"name": "RB2", "offset": "0x98"}, {"name": "RC2", "offset": "0x9c"}, {"name": "SR2", "offset": "0xa0"}, {"name": "IER2", "offset": "0xa4"}, {"name": "IDR2", "offset": "0xa8"}, {"name": "IMR2", "offset": "0xac"}, {"name": "BCR", "offset": "0xc0"}, {"name": "BMR", "offset": "0xc4"}, {"name": "QIER", "offset": "0xc8"}, {"name": "QIDR", "offset": "0xcc"}, {"name": "QIMR", "offset": "0xd0"}, {"name": "QISR", "offset": "0xd4"}, {"name": "FMR", "offset": "0xd8"}, {"name": "WPMR", "offset": "0xe4"}]}, {"name": "TWI0", "start": "0x40018000", "end": "0x4001bfff", "size": "0x4000", "comment": "", "registers": [{"name": "CR", "offset": "0x0"}, {"name": "MMR", "offset": "0x4"}, {"name": "SMR", "offset": "0x8"}, {"name": "IADR", "offset": "0xc"}, {"name": "CWGR", "offset": "0x10"}, {"name": "SR", "offset": "0x20"}, {"name": "IER", "offset": "0x24"}, {"name": "IDR", "offset": "0x28"}, {"name": "IMR", "offset": "0x2c"}, {"name": "RHR", "offset": "0x30"}, {"name": "THR", "offset": "0x34"}, {"name": "RPR", "offset": "0x100"}, {"name": "RCR", "offset": "0x104"}, {"name": "TPR", "offset": "0x108"}, {"name": "TCR", "offset": "0x10c"}, {"name": "RNPR", "offset": "0x110"}, {"name": "RNCR", "offset": "0x114"}, {"name": "TNPR", "offset": "0x118"}, {"name": "TNCR", "offset": "0x11c"}, {"name": "PTCR", "offset": "0x120"}, {"name": "PTSR", "offset": "0x124"}]}, {"name": "TWI1", "start": "0x4001c000", "end": "0x4001ffff", "size": "0x4000", "comment": "", "registers": [{"name": "CR", "offset": "0x0"}, {"name": "MMR", "offset": "0x4"}, {"name": "SMR", "offset": "0x8"}, {"name": "IADR", "offset": "0xc"}, {"name": "CWGR", "offset": "0x10"}, {"name": "SR", "offset": "0x20"}, {"name": "IER", "offset": "0x24"}, {"name": "IDR", "offset": "0x28"}, {"name": "IMR", "offset": "0x2c"}, {"name": "RHR", "offset": "0x30"}, {"name": "THR", "offset": "0x34"}, {"name": "RPR", "offset": "0x100"}, {"name": "RCR", "offset": "0x104"}, {"name": "TPR", "offset": "0x108"}, {"name": "TCR", "offset": "0x10c"}, {"name": "RNPR", "offset": "0x110"}, {"name": "RNCR", "offset": "0x114"}, {"name": "TNPR", "offset": "0x118"}, {"name": "TNCR", "offset": "0x11c"}, {"name": "PTCR", "offset": "0x120"}, {"name": "PTSR", "offset": "0x124"}]}, {"name": "PWM", "start": "0x40020000", "end": "0x40023fff", "size": "0x4000", "comment": "", "registers": [{"name": "CLK", "offset": "0x0"}, {"name": "ENA", "offset": "0x4"}, {"name": "DIS", "offset": "0x8"}, {"name": "SR", "offset": "0xc"}, {"name": "IER1", "offset": "0x10"}, {"name": "IDR1", "offset": "0x14"}, {"name": "IMR1", "offset": "0x18"}, {"name": "ISR1", "offset": "0x1c"}, {"name": "SCM", "offset": "0x20"}, {"name": "SCUC", "offset": "0x28"}, {"name": "SCUP", "offset": "0x2c"}, {"name": "SCUPUPD", "offset": "0x30"}, {"name": "IER2", "offset": "0x34"}, {"name": "IDR2", "offset": "0x38"}, {"name": "IMR2", "offset": "0x3c"}, {"name": "ISR2", "offset": "0x40"}, {"name": "OOV", "offset": "0x44"}, {"name": "OS", "offset": "0x48"}, {"name": "OSS", "offset": "0x4c"}, {"name": "OSC", "offset": "0x50"}, {"name": "OSSUPD", "offset": "0x54"}, {"name": "OSCUPD", "offset": "0x58"}, {"name": "FMR", "offset": "0x5c"}, {"name": "FSR", "offset": "0x60"}, {"name": "FCR", "offset": "0x64"}, {"name": "FPV", "offset": "0x68"}, {"name": "FPE", "offset": "0x6c"}, {"name": "SMMR", "offset": "0xb0"}, {"name": "WPCR", "offset": "0xe4"}, {"name": "WPSR", "offset": "0xe8"}, {"name": "CMPV0", "offset": "0x130"}, {"name": "CMPVUPD0", "offset": "0x134"}, {"name": "CMPM0", "offset": "0x138"}, {"name": "CMPMUPD0", "offset": "0x13c"}, {"name": "CMPV1", "offset": "0x140"}, {"name": "CMPVUPD1", "offset": "0x144"}, {"name": "CMPM1", "offset": "0x148"}, {"name": "CMPMUPD1", "offset": "0x14c"}, {"name": "CMPV2", "offset": "0x150"}, {"name": "CMPVUPD2", "offset": "0x154"}, {"name": "CMPM2", "offset": "0x158"}, {"name": "CMPMUPD2", "offset": "0x15c"}, {"name": "CMPV3", "offset": "0x160"}, {"name": "CMPVUPD3", "offset": "0x164"}, {"name": "CMPM3", "offset": "0x168"}, {"name": "CMPMUPD3", "offset": "0x16c"}, {"name": "CMPV4", "offset": "0x170"}, {"name": "CMPVUPD4", "offset": "0x174"}, {"name": "CMPM4", "offset": "0x178"}, {"name": "CMPMUPD4", "offset": "0x17c"}, {"name": "CMPV5", "offset": "0x180"}, {"name": "CMPVUPD5", "offset": "0x184"}, {"name": "CMPM5", "offset": "0x188"}, {"name": "CMPMUPD5", "offset": "0x18c"}, {"name": "CMPV6", "offset": "0x190"}, {"name": "CMPVUPD6", "offset": "0x194"}, {"name": "CMPM6", "offset": "0x198"}, {"name": "CMPMUPD6", "offset": "0x19c"}, {"name": "CMPV7", "offset": "0x1a0"}, {"name": "CMPVUPD7", "offset": "0x1a4"}, {"name": "CMPM7", "offset": "0x1a8"}, {"name": "CMPMUPD7", "offset": "0x1ac"}, {"name": "CMR0", "offset": "0x200"}, {"name": "CDTY0", "offset": "0x204"}, {"name": "CDTYUPD0", "offset": "0x208"}, {"name": "CPRD0", "offset": "0x20c"}, {"name": "CPRDUPD0", "offset": "0x210"}, {"name": "CCNT0", "offset": "0x214"}, {"name": "DT0", "offset": "0x218"}, {"name": "DTUPD0", "offset": "0x21c"}, {"name": "CMR1", "offset": "0x220"}, {"name": "CDTY1", "offset": "0x224"}, {"name": "CDTYUPD1", "offset": "0x228"}, {"name": "CPRD1", "offset": "0x22c"}, {"name": "CPRDUPD1", "offset": "0x230"}, {"name": "CCNT1", "offset": "0x234"}, {"name": "DT1", "offset": "0x238"}, {"name": "DTUPD1", "offset": "0x23c"}, {"name": "CMR2", "offset": "0x240"}, {"name": "CDTY2", "offset": "0x244"}, {"name": "CDTYUPD2", "offset": "0x248"}, {"name": "CPRD2", "offset": "0x24c"}, {"name": "CPRDUPD2", "offset": "0x250"}, {"name": "CCNT2", "offset": "0x254"}, {"name": "DT2", "offset": "0x258"}, {"name": "DTUPD2", "offset": "0x25c"}, {"name": "CMR3", "offset": "0x260"}, {"name": "CDTY3", "offset": "0x264"}, {"name": "CDTYUPD3", "offset": "0x268"}, {"name": "CPRD3", "offset": "0x26c"}, {"name": "CPRDUPD3", "offset": "0x270"}, {"name": "CCNT3", "offset": "0x274"}, {"name": "DT3", "offset": "0x278"}, {"name": "DTUPD3", "offset": "0x27c"}, {"name": "TPR", "offset": "0x108"}, {"name": "TCR", "offset": "0x10c"}, {"name": "TNPR", "offset": "0x118"}, {"name": "TNCR", "offset": "0x11c"}, {"name": "PTCR", "offset": "0x120"}, {"name": "PTSR", "offset": "0x124"}, {"name": "ELMR[0]", "offset": "0x7c"}, {"name": "ELMR[1]", "offset": "0x80"}]}, {"name": "USART0", "start": "0x40024000", "end": "0x40027fff", "size": "0x4000", "comment": "", "registers": [{"name": "CR", "offset": "0x0"}, {"name": "CR_SPI_MODE", "offset": "0x0"}, {"name": "MR", "offset": "0x4"}, {"name": "MR_SPI_MODE", "offset": "0x4"}, {"name": "IER", "offset": "0x8"}, {"name": "IER_SPI_MODE", "offset": "0x8"}, {"name": "IDR", "offset": "0xc"}, {"name": "IDR_SPI_MODE", "offset": "0xc"}, {"name": "IMR", "offset": "0x10"}, {"name": "IMR_SPI_MODE", "offset": "0x10"}, {"name": "CSR", "offset": "0x14"}, {"name": "CSR_SPI_MODE", "offset": "0x14"}, {"name": "RHR", "offset": "0x18"}, {"name": "THR", "offset": "0x1c"}, {"name": "BRGR", "offset": "0x20"}, {"name": "RTOR", "offset": "0x24"}, {"name": "TTGR", "offset": "0x28"}, {"name": "FIDI", "offset": "0x40"}, {"name": "NER", "offset": "0x44"}, {"name": "IF", "offset": "0x4c"}, {"name": "MAN", "offset": "0x50"}, {"name": "WPMR", "offset": "0xe4"}, {"name": "WPSR", "offset": "0xe8"}, {"name": "VERSION", "offset": "0xfc"}, {"name": "RPR", "offset": "0x100"}, {"name": "RCR", "offset": "0x104"}, {"name": "TPR", "offset": "0x108"}, {"name": "TCR", "offset": "0x10c"}, {"name": "RNPR", "offset": "0x110"}, {"name": "RNCR", "offset": "0x114"}, {"name": "TNPR", "offset": "0x118"}, {"name": "TNCR", "offset": "0x11c"}, {"name": "PTCR", "offset": "0x120"}, {"name": "PTSR", "offset": "0x124"}]}, {"name": "UDP", "start": "0x40034000", "end": "0x40037fff", "size": "0x4000", "comment": "", "registers": [{"name": "FRM_NUM", "offset": "0x0"}, {"name": "GLB_STAT", "offset": "0x4"}, {"name": "FADDR", "offset": "0x8"}, {"name": "IER", "offset": "0x10"}, {"name": "IDR", "offset": "0x14"}, {"name": "IMR", "offset": "0x18"}, {"name": "ISR", "offset": "0x1c"}, {"name": "ICR", "offset": "0x20"}, {"name": "RST_EP", "offset": "0x28"}, {"name": "CSR0_ISOENDPT", "offset": "0x30"}, {"name": "TXVC", "offset": "0x74"}, {"name": "CSR[0]", "offset": "0x30"}, {"name": "CSR[1]", "offset": "0x34"}, {"name": "CSR[2]", "offset": "0x38"}, {"name": "CSR[3]", "offset": "0x3c"}, {"name": "CSR[4]", "offset": "0x40"}, {"name": "CSR[5]", "offset": "0x44"}, {"name": "CSR[6]", "offset": "0x48"}, {"name": "CSR[7]", "offset": "0x4c"}, {"name": "FDR[0]", "offset": "0x50"}, {"name": "FDR[1]", "offset": "0x54"}, {"name": "FDR[2]", "offset": "0x58"}, {"name": "FDR[3]", "offset": "0x5c"}, {"name": "FDR[4]", "offset": "0x60"}, {"name": "FDR[5]", "offset": "0x64"}, {"name": "FDR[6]", "offset": "0x68"}, {"name": "FDR[7]", "offset": "0x6c"}]}, {"name": "ADC", "start": "0x40038000", "end": "0x4003bfff", "size": "0x4000", "comment": "", "registers": [{"name": "CR", "offset": "0x0"}, {"name": "MR", "offset": "0x4"}, {"name": "CHER", "offset": "0x10"}, {"name": "CHDR", "offset": "0x14"}, {"name": "CHSR", "offset": "0x18"}, {"name": "LCDR", "offset": "0x20"}, {"name": "IER", "offset": "0x24"}, {"name": "IDR", "offset": "0x28"}, {"name": "IMR", "offset": "0x2c"}, {"name": "ISR", "offset": "0x30"}, {"name": "OVER", "offset": "0x3c"}, {"name": "EMR", "offset": "0x40"}, {"name": "CWR", "offset": "0x44"}, {"name": "CGR", "offset": "0x48"}, {"name": "COR", "offset": "0x4c"}, {"name": "ACR", "offset": "0x94"}, {"name": "WPMR", "offset": "0xe4"}, {"name": "WPSR", "offset": "0xe8"}, {"name": "RPR", "offset": "0x100"}, {"name": "RCR", "offset": "0x104"}, {"name": "RNPR", "offset": "0x110"}, {"name": "RNCR", "offset": "0x114"}, {"name": "PTCR", "offset": "0x120"}, {"name": "PTSR", "offset": "0x124"}, {"name": "SEQR[0]", "offset": "0x8"}, {"name": "SEQR[1]", "offset": "0xc"}, {"name": "CDR[0]", "offset": "0x50"}, {"name": "CDR[1]", "offset": "0x54"}, {"name": "CDR[2]", "offset": "0x58"}, {"name": "CDR[3]", "offset": "0x5c"}, {"name": "CDR[4]", "offset": "0x60"}, {"name": "CDR[5]", "offset": "0x64"}, {"name": "CDR[6]", "offset": "0x68"}, {"name": "CDR[7]", "offset": "0x6c"}, {"name": "CDR[8]", "offset": "0x70"}, {"name": "CDR[9]", "offset": "0x74"}, {"name": "CDR[10]", "offset": "0x78"}, {"name": "CDR[11]", "offset": "0x7c"}, {"name": "CDR[12]", "offset": "0x80"}, {"name": "CDR[13]", "offset": "0x84"}, {"name": "CDR[14]", "offset": "0x88"}]}, {"name": "DACC", "start": "0x4003c000", "end": "0x4003ffff", "size": "0x4000", "comment": "", "registers": [{"name": "CR", "offset": "0x0"}, {"name": "MR", "offset": "0x4"}, {"name": "CHER", "offset": "0x10"}, {"name": "CHDR", "offset": "0x14"}, {"name": "CHSR", "offset": "0x18"}, {"name": "CDR", "offset": "0x20"}, {"name": "IER", "offset": "0x24"}, {"name": "IDR", "offset": "0x28"}, {"name": "IMR", "offset": "0x2c"}, {"name": "ISR", "offset": "0x30"}, {"name": "ACR", "offset": "0x94"}, {"name": "WPMR", "offset": "0xe4"}, {"name": "WPSR", "offset": "0xe8"}, {"name": "TPR", "offset": "0x108"}, {"name": "TCR", "offset": "0x10c"}, {"name": "TNPR", "offset": "0x118"}, {"name": "TNCR", "offset": "0x11c"}, {"name": "PTCR", "offset": "0x120"}, {"name": "PTSR", "offset": "0x124"}]}, {"name": "ACC", "start": "0x40040000", "end": "0x40043fff", "size": "0x4000", "comment": "", "registers": [{"name": "CR", "offset": "0x0"}, {"name": "MR", "offset": "0x4"}, {"name": "IER", "offset": "0x24"}, {"name": "IDR", "offset": "0x28"}, {"name": "IMR", "offset": "0x2c"}, {"name": "ISR", "offset": "0x30"}, {"name": "ACR", "offset": "0x94"}, {"name": "WPMR", "offset": "0xe4"}, {"name": "WPSR", "offset": "0xe8"}]}, {"name": "CRCCU", "start": "0x40044000", "end": "0x40047fff", "size": "0x4000", "comment": "", "registers": [{"name": "DSCR", "offset": "0x0"}, {"name": "DMA_EN", "offset": "0x8"}, {"name": "DMA_DIS", "offset": "0xc"}, {"name": "DMA_SR", "offset": "0x10"}, {"name": "DMA_IER", "offset": "0x14"}, {"name": "DMA_IDR", "offset": "0x18"}, {"name": "DMA_IMR", "offset": "0x1c"}, {"name": "DMA_ISR", "offset": "0x20"}, {"name": "CR", "offset": "0x34"}, {"name": "MR", "offset": "0x38"}, {"name": "SR", "offset": "0x3c"}, {"name": "IER", "offset": "0x40"}, {"name": "IDR", "offset": "0x44"}, {"name": "IMR", "offset": "0x48"}, {"name": "ISR", "offset": "0x4c"}]}, {"name": "MATRIX", "start": "0x400e0200", "end": "0x400e03ff", "size": "0x200", "comment": "", "registers": [{"name": "MATRIX_PRAS0", "offset": "0x80"}, {"name": "MATRIX_PRAS1", "offset": "0x88"}, {"name": "MATRIX_PRAS2", "offset": "0x90"}, {"name": "MATRIX_PRAS3", "offset": "0x98"}, {"name": "MATRIX_PRAS4", "offset": "0xa0"}, {"name": "CCFG_SYSIO", "offset": "0x114"}, {"name": "CCFG_SMCNFCS", "offset": "0x11c"}, {"name": "MATRIX_WPMR", "offset": "0x1e4"}, {"name": "MATRIX_WPSR", "offset": "0x1e8"}, {"name": "MATRIX_MCFG[0]", "offset": "0x0"}, {"name": "MATRIX_MCFG[1]", "offset": "0x4"}, {"name": "MATRIX_MCFG[2]", "offset": "0x8"}, {"name": "MATRIX_MCFG[3]", "offset": "0xc"}, {"name": "MATRIX_SCFG[0]", "offset": "0x40"}, {"name": "MATRIX_SCFG[1]", "offset": "0x44"}, {"name": "MATRIX_SCFG[2]", "offset": "0x48"}, {"name": "MATRIX_SCFG[3]", "offset": "0x4c"}, {"name": "MATRIX_SCFG[4]", "offset": "0x50"}]}, {"name": "PMC", "start": "0x400e0400", "end": "0x400e053f", "size": "0x140", "comment": "", "registers": [{"name": "PMC_SCER", "offset": "0x0"}, {"name": "PMC_SCDR", "offset": "0x4"}, {"name": "PMC_SCSR", "offset": "0x8"}, {"name": "PMC_PCER0", "offset": "0x10"}, {"name": "PMC_PCDR0", "offset": "0x14"}, {"name": "PMC_PCSR0", "offset": "0x18"}, {"name": "CKGR_MOR", "offset": "0x20"}, {"name": "CKGR_MCFR", "offset": "0x24"}, {"name": "CKGR_PLLAR", "offset": "0x28"}, {"name": "CKGR_PLLBR", "offset": "0x2c"}, {"name": "PMC_MCKR", "offset": "0x30"}, {"name": "PMC_USB", "offset": "0x38"}, {"name": "PMC_IER", "offset": "0x60"}, {"name": "PMC_IDR", "offset": "0x64"}, {"name": "PMC_SR", "offset": "0x68"}, {"name": "PMC_IMR", "offset": "0x6c"}, {"name": "PMC_FSMR", "offset": "0x70"}, {"name": "PMC_FSPR", "offset": "0x74"}, {"name": "PMC_FOCR", "offset": "0x78"}, {"name": "PMC_WPMR", "offset": "0xe4"}, {"name": "PMC_WPSR", "offset": "0xe8"}, {"name": "PMC_PCER1", "offset": "0x100"}, {"name": "PMC_PCDR1", "offset": "0x104"}, {"name": "PMC_PCSR1", "offset": "0x108"}, {"name": "PMC_OCR", "offset": "0x110"}, {"name": "PMC_PCK[0]", "offset": "0x40"}, {"name": "PMC_PCK[1]", "offset": "0x44"}, {"name": "PMC_PCK[2]", "offset": "0x48"}]}, {"name": "UART0", "start": "0x400e0600", "end": "0x400e0727", "size": "0x128", "comment": "", "registers": [{"name": "CR", "offset": "0x0"}, {"name": "MR", "offset": "0x4"}, {"name": "IER", "offset": "0x8"}, {"name": "IDR", "offset": "0xc"}, {"name": "IMR", "offset": "0x10"}, {"name": "SR", "offset": "0x14"}, {"name": "RHR", "offset": "0x18"}, {"name": "THR", "offset": "0x1c"}, {"name": "BRGR", "offset": "0x20"}, {"name": "RPR", "offset": "0x100"}, {"name": "RCR", "offset": "0x104"}, {"name": "TPR", "offset": "0x108"}, {"name": "TCR", "offset": "0x10c"}, {"name": "RNPR", "offset": "0x110"}, {"name": "RNCR", "offset": "0x114"}, {"name": "TNPR", "offset": "0x118"}, {"name": "TNCR", "offset": "0x11c"}, {"name": "PTCR", "offset": "0x120"}, {"name": "PTSR", "offset": "0x124"}]}, {"name": "CHIPID", "start": "0x400e0740", "end": "0x400e093f", "size": "0x200", "comment": "", "registers": [{"name": "CIDR", "offset": "0x0"}, {"name": "EXID", "offset": "0x4"}]}, {"name": "UART1", "start": "0x400e0800", "end": "0x400e0927", "size": "0x128", "comment": "", "registers": [{"name": "CR", "offset": "0x0"}, {"name": "MR", "offset": "0x4"}, {"name": "IER", "offset": "0x8"}, {"name": "IDR", "offset": "0xc"}, {"name": "IMR", "offset": "0x10"}, {"name": "SR", "offset": "0x14"}, {"name": "RHR", "offset": "0x18"}, {"name": "THR", "offset": "0x1c"}, {"name": "BRGR", "offset": "0x20"}, {"name": "RPR", "offset": "0x100"}, {"name": "RCR", "offset": "0x104"}, {"name": "TPR", "offset": "0x108"}, {"name": "TCR", "offset": "0x10c"}, {"name": "RNPR", "offset": "0x110"}, {"name": "RNCR", "offset": "0x114"}, {"name": "TNPR", "offset": "0x118"}, {"name": "TNCR", "offset": "0x11c"}, {"name": "PTCR", "offset": "0x120"}, {"name": "PTSR", "offset": "0x124"}]}, {"name": "EFC", "start": "0x400e0a00", "end": "0x400e0bff", "size": "0x200", "comment": "", "registers": [{"name": "FMR", "offset": "0x0"}, {"name": "FCR", "offset": "0x4"}, {"name": "FSR", "offset": "0x8"}, {"name": "FRR", "offset": "0xc"}]}, {"name": "PIOA", "start": "0x400e0e00", "end": "0x400e0fff", "size": "0x200", "comment": "", "registers": [{"name": "PER", "offset": "0x0"}, {"name": "PDR", "offset": "0x4"}, {"name": "PSR", "offset": "0x8"}, {"name": "OER", "offset": "0x10"}, {"name": "ODR", "offset": "0x14"}, {"name": "OSR", "offset": "0x18"}, {"name": "IFER", "offset": "0x20"}, {"name": "IFDR", "offset": "0x24"}, {"name": "IFSR", "offset": "0x28"}, {"name": "SODR", "offset": "0x30"}, {"name": "CODR", "offset": "0x34"}, {"name": "ODSR", "offset": "0x38"}, {"name": "PDSR", "offset": "0x3c"}, {"name": "IER", "offset": "0x40"}, {"name": "IDR", "offset": "0x44"}, {"name": "IMR", "offset": "0x48"}, {"name": "ISR", "offset": "0x4c"}, {"name": "MDER", "offset": "0x50"}, {"name": "MDDR", "offset": "0x54"}, {"name": "MDSR", "offset": "0x58"}, {"name": "PUDR", "offset": "0x60"}, {"name": "PUER", "offset": "0x64"}, {"name": "PUSR", "offset": "0x68"}, {"name": "IFSCDR", "offset": "0x80"}, {"name": "IFSCER", "offset": "0x84"}, {"name": "IFSCSR", "offset": "0x88"}, {"name": "SCDR", "offset": "0x8c"}, {"name": "PPDDR", "offset": "0x90"}, {"name": "PPDER", "offset": "0x94"}, {"name": "PPDSR", "offset": "0x98"}, {"name": "OWER", "offset": "0xa0"}, {"name": "OWDR", "offset": "0xa4"}, {"name": "OWSR", "offset": "0xa8"}, {"name": "AIMER", "offset": "0xb0"}, {"name": "AIMDR", "offset": "0xb4"}, {"name": "AIMMR", "offset": "0xb8"}, {"name": "ESR", "offset": "0xc0"}, {"name": "LSR", "offset": "0xc4"}, {"name": "ELSR", "offset": "0xc8"}, {"name": "FELLSR", "offset": "0xd0"}, {"name": "REHLSR", "offset": "0xd4"}, {"name": "FRLHSR", "offset": "0xd8"}, {"name": "WPMR", "offset": "0xe4"}, {"name": "WPSR", "offset": "0xe8"}, {"name": "SCHMITT", "offset": "0x100"}, {"name": "RPR", "offset": "0x104"}, {"name": "RCR", "offset": "0x108"}, {"name": "RNPR", "offset": "0x114"}, {"name": "RNCR", "offset": "0x118"}, {"name": "PTCR", "offset": "0x124"}, {"name": "PTSR", "offset": "0x128"}, {"name": "ABCDSR[0]", "offset": "0x70"}, {"name": "ABCDSR[1]", "offset": "0x74"}]}, {"name": "PIOB", "start": "0x400e1000", "end": "0x400e11ff", "size": "0x200", "comment": "", "registers": [{"name": "PER", "offset": "0x0"}, {"name": "PDR", "offset": "0x4"}, {"name": "PSR", "offset": "0x8"}, {"name": "OER", "offset": "0x10"}, {"name": "ODR", "offset": "0x14"}, {"name": "OSR", "offset": "0x18"}, {"name": "IFER", "offset": "0x20"}, {"name": "IFDR", "offset": "0x24"}, {"name": "IFSR", "offset": "0x28"}, {"name": "SODR", "offset": "0x30"}, {"name": "CODR", "offset": "0x34"}, {"name": "ODSR", "offset": "0x38"}, {"name": "PDSR", "offset": "0x3c"}, {"name": "IER", "offset": "0x40"}, {"name": "IDR", "offset": "0x44"}, {"name": "IMR", "offset": "0x48"}, {"name": "ISR", "offset": "0x4c"}, {"name": "MDER", "offset": "0x50"}, {"name": "MDDR", "offset": "0x54"}, {"name": "MDSR", "offset": "0x58"}, {"name": "PUDR", "offset": "0x60"}, {"name": "PUER", "offset": "0x64"}, {"name": "PUSR", "offset": "0x68"}, {"name": "IFSCDR", "offset": "0x80"}, {"name": "IFSCER", "offset": "0x84"}, {"name": "IFSCSR", "offset": "0x88"}, {"name": "SCDR", "offset": "0x8c"}, {"name": "PPDDR", "offset": "0x90"}, {"name": "PPDER", "offset": "0x94"}, {"name": "PPDSR", "offset": "0x98"}, {"name": "OWER", "offset": "0xa0"}, {"name": "OWDR", "offset": "0xa4"}, {"name": "OWSR", "offset": "0xa8"}, {"name": "AIMER", "offset": "0xb0"}, {"name": "AIMDR", "offset": "0xb4"}, {"name": "AIMMR", "offset": "0xb8"}, {"name": "ESR", "offset": "0xc0"}, {"name": "LSR", "offset": "0xc4"}, {"name": "ELSR", "offset": "0xc8"}, {"name": "FELLSR", "offset": "0xd0"}, {"name": "REHLSR", "offset": "0xd4"}, {"name": "FRLHSR", "offset": "0xd8"}, {"name": "WPMR", "offset": "0xe4"}, {"name": "WPSR", "offset": "0xe8"}, {"name": "SCHMITT", "offset": "0x100"}, {"name": "ABCDSR[0]", "offset": "0x70"}, {"name": "ABCDSR[1]", "offset": "0x74"}]}, {"name": "RSTC", "start": "0x400e1400", "end": "0x400e15ff", "size": "0x200", "comment": "", "registers": [{"name": "CR", "offset": "0x0"}, {"name": "SR", "offset": "0x4"}, {"name": "MR", "offset": "0x8"}]}, {"name": "SUPC", "start": "0x400e1410", "end": "0x400e160f", "size": "0x200", "comment": "", "registers": [{"name": "CR", "offset": "0x0"}, {"name": "SMMR", "offset": "0x4"}, {"name": "MR", "offset": "0x8"}, {"name": "WUMR", "offset": "0xc"}, {"name": "WUIR", "offset": "0x10"}, {"name": "SR", "offset": "0x14"}]}, {"name": "RTT", "start": "0x400e1430", "end": "0x400e162f", "size": "0x200", "comment": "", "registers": [{"name": "MR", "offset": "0x0"}, {"name": "AR", "offset": "0x4"}, {"name": "VR", "offset": "0x8"}, {"name": "SR", "offset": "0xc"}]}, {"name": "WDT", "start": "0x400e1450", "end": "0x400e164f", "size": "0x200", "comment": "", "registers": [{"name": "CR", "offset": "0x0"}, {"name": "MR", "offset": "0x4"}, {"name": "SR", "offset": "0x8"}]}, {"name": "RTC", "start": "0x400e1460", "end": "0x400e165f", "size": "0x200", "comment": "", "registers": [{"name": "CR", "offset": "0x0"}, {"name": "MR", "offset": "0x4"}, {"name": "TIMR", "offset": "0x8"}, {"name": "CALR", "offset": "0xc"}, {"name": "TIMALR", "offset": "0x10"}, {"name": "CALALR", "offset": "0x14"}, {"name": "SR", "offset": "0x18"}, {"name": "SCCR", "offset": "0x1c"}, {"name": "IER", "offset": "0x20"}, {"name": "IDR", "offset": "0x24"}, {"name": "IMR", "offset": "0x28"}, {"name": "VER", "offset": "0x2c"}]}, {"name": "GPBR", "start": "0x400e1490", "end": "0x400e168f", "size": "0x200", "comment": "", "registers": [{"name": "GPBR[0]", "offset": "0x0"}, {"name": "GPBR[1]", "offset": "0x4"}, {"name": "GPBR[2]", "offset": "0x8"}, {"name": "GPBR[3]", "offset": "0xc"}, {"name": "GPBR[4]", "offset": "0x10"}, {"name": "GPBR[5]", "offset": "0x14"}, {"name": "GPBR[6]", "offset": "0x18"}, {"name": "GPBR[7]", "offset": "0x1c"}]}], "vector_table": [{"name": "StackPointer_Value", "value": -1, "addr": "0x0", "comment": "Stack pointer initial value"}, {"name": "Reset", "value": -1, "addr": "0x4", "comment": "Priority: -3"}, {"name": "NMI", "value": -1, "addr": "0x8", "comment": "Priority: -2"}, {"name": "HardFault", "value": -1, "addr": "0xc", "comment": "Priority: -1"}, {"name": "SVCall", "value": -1, "addr": "0x2c", "comment": "Priority: 3"}, {"name": "PendSV", "value": -1, "addr": "0x38", "comment": "Priority: 5"}, {"name": "SysTick", "value": -1, "addr": "0x3c", "comment": "Priority: 6"}, {"name": "PMC", "value": 5, "comment": "", "addr": "0x54"}, {"name": "EFC", "value": 6, "comment": "", "addr": "0x58"}, {"name": "UART0", "value": 8, "comment": "", "addr": "0x60"}, {"name": "UART1", "value": 9, "comment": "", "addr": "0x64"}, {"name": "PIOA", "value": 11, "comment": "", "addr": "0x6c"}, {"name": "PIOB", "value": 12, "comment": "", "addr": "0x70"}, {"name": "USART0", "value": 14, "comment": "", "addr": "0x78"}, {"name": "TWI0", "value": 19, "comment": "", "addr": "0x8c"}, {"name": "TWI1", "value": 20, "comment": "", "addr": "0x90"}, {"name": "SPI", "value": 21, "comment": "", "addr": "0x94"}, {"name": "SSC", "value": 22, "comment": "", "addr": "0x98"}, {"name": "TC0", "value": 23, "comment": "", "addr": "0x9c"}, {"name": "TC1", "value": 24, "comment": "", "addr": "0xa0"}, {"name": "TC2", "value": 25, "comment": "", "addr": "0xa4"}, {"name": "ADC", "value": 29, "comment": "", "addr": "0xb4"}, {"name": "DACC", "value": 30, "comment": "", "addr": "0xb8"}, {"name": "PWM", "value": 31, "comment": "", "addr": "0xbc"}, {"name": "CRCCU", "value": 32, "comment": "", "addr": "0xc0"}, {"name": "ACC", "value": 33, "comment": "", "addr": "0xc4"}, {"name": "UDP", "value": 34, "comment": "", "addr": "0xc8"}]}