{"brand": "Microchip", "family": "SAM4C", "name": "ATSAM4CP16C", "bits": 32, "mode": 1, "segments": [{"name": "SRAM", "start": "0x20000000", "end": "0x2004bfff", "size": "0x4c000", "type": "DATA"}, {"name": "SRAM_ALIAS", "start": "0x22000000", "end": "0x2204bfff", "size": "0x4c000", "type": "DATA"}], "peripherals": [{"name": "AES", "start": "0x40000000", "end": "0x40003fff", "size": "0x4000", "comment": "", "registers": [{"name": "CR", "offset": "0x0"}, {"name": "MR", "offset": "0x4"}, {"name": "IER", "offset": "0x10"}, {"name": "IDR", "offset": "0x14"}, {"name": "IMR", "offset": "0x18"}, {"name": "ISR", "offset": "0x1c"}, {"name": "AADLENR", "offset": "0x70"}, {"name": "CLENR", "offset": "0x74"}, {"name": "CTRR", "offset": "0x98"}, {"name": "RPR", "offset": "0x100"}, {"name": "RCR", "offset": "0x104"}, {"name": "TPR", "offset": "0x108"}, {"name": "TCR", "offset": "0x10c"}, {"name": "RNPR", "offset": "0x110"}, {"name": "RNCR", "offset": "0x114"}, {"name": "TNPR", "offset": "0x118"}, {"name": "TNCR", "offset": "0x11c"}, {"name": "PTCR", "offset": "0x120"}, {"name": "PTSR", "offset": "0x124"}, {"name": "KEYWR[0]", "offset": "0x20"}, {"name": "KEYWR[1]", "offset": "0x24"}, {"name": "KEYWR[2]", "offset": "0x28"}, {"name": "KEYWR[3]", "offset": "0x2c"}, {"name": "KEYWR[4]", "offset": "0x30"}, {"name": "KEYWR[5]", "offset": "0x34"}, {"name": "KEYWR[6]", "offset": "0x38"}, {"name": "KEYWR[7]", "offset": "0x3c"}, {"name": "IDATAR[0]", "offset": "0x40"}, {"name": "IDATAR[1]", "offset": "0x44"}, {"name": "IDATAR[2]", "offset": "0x48"}, {"name": "IDATAR[3]", "offset": "0x4c"}, {"name": "ODATAR[0]", "offset": "0x50"}, {"name": "ODATAR[1]", "offset": "0x54"}, {"name": "ODATAR[2]", "offset": "0x58"}, {"name": "ODATAR[3]", "offset": "0x5c"}, {"name": "IVR[0]", "offset": "0x60"}, {"name": "IVR[1]", "offset": "0x64"}, {"name": "IVR[2]", "offset": "0x68"}, {"name": "IVR[3]", "offset": "0x6c"}, {"name": "GHASHR[0]", "offset": "0x78"}, {"name": "GHASHR[1]", "offset": "0x7c"}, {"name": "GHASHR[2]", "offset": "0x80"}, {"name": "GHASHR[3]", "offset": "0x84"}, {"name": "TAGR[0]", "offset": "0x88"}, {"name": "TAGR[1]", "offset": "0x8c"}, {"name": "TAGR[2]", "offset": "0x90"}, {"name": "TAGR[3]", "offset": "0x94"}, {"name": "GCMHR[0]", "offset": "0x9c"}, {"name": "GCMHR[1]", "offset": "0xa0"}, {"name": "GCMHR[2]", "offset": "0xa4"}, {"name": "GCMHR[3]", "offset": "0xa8"}]}, {"name": "SPI0", "start": "0x40008000", "end": "0x4000bfff", "size": "0x4000", "comment": "", "registers": [{"name": "CR", "offset": "0x0"}, {"name": "MR", "offset": "0x4"}, {"name": "RDR", "offset": "0x8"}, {"name": "TDR", "offset": "0xc"}, {"name": "SR", "offset": "0x10"}, {"name": "IER", "offset": "0x14"}, {"name": "IDR", "offset": "0x18"}, {"name": "IMR", "offset": "0x1c"}, {"name": "WPMR", "offset": "0xe4"}, {"name": "WPSR", "offset": "0xe8"}, {"name": "RPR", "offset": "0x100"}, {"name": "RCR", "offset": "0x104"}, {"name": "TPR", "offset": "0x108"}, {"name": "TCR", "offset": "0x10c"}, {"name": "RNPR", "offset": "0x110"}, {"name": "RNCR", "offset": "0x114"}, {"name": "TNPR", "offset": "0x118"}, {"name": "TNCR", "offset": "0x11c"}, {"name": "PTCR", "offset": "0x120"}, {"name": "PTSR", "offset": "0x124"}, {"name": "CSR[0]", "offset": "0x30"}, {"name": "CSR[1]", "offset": "0x34"}, {"name": "CSR[2]", "offset": "0x38"}, {"name": "CSR[3]", "offset": "0x3c"}]}, {"name": "TC0", "start": "0x40010000", "end": "0x40013fff", "size": "0x4000", "comment": "", "registers": [{"name": "CCR0", "offset": "0x0"}, {"name": "CMR0", "offset": "0x4"}, {"name": "CMR0_WAVE_EQ_1", "offset": "0x4"}, {"name": "SMMR0", "offset": "0x8"}, {"name": "CV0", "offset": "0x10"}, {"name": "RA0", "offset": "0x14"}, {"name": "RB0", "offset": "0x18"}, {"name": "RC0", "offset": "0x1c"}, {"name": "SR0", "offset": "0x20"}, {"name": "IER0", "offset": "0x24"}, {"name": "IDR0", "offset": "0x28"}, {"name": "IMR0", "offset": "0x2c"}, {"name": "CCR1", "offset": "0x40"}, {"name": "CMR1", "offset": "0x44"}, {"name": "CMR1_WAVE_EQ_1", "offset": "0x44"}, {"name": "SMMR1", "offset": "0x48"}, {"name": "CV1", "offset": "0x50"}, {"name": "RA1", "offset": "0x54"}, {"name": "RB1", "offset": "0x58"}, {"name": "RC1", "offset": "0x5c"}, {"name": "SR1", "offset": "0x60"}, {"name": "IER1", "offset": "0x64"}, {"name": "IDR1", "offset": "0x68"}, {"name": "IMR1", "offset": "0x6c"}, {"name": "CCR2", "offset": "0x80"}, {"name": "CMR2", "offset": "0x84"}, {"name": "CMR2_WAVE_EQ_1", "offset": "0x84"}, {"name": "SMMR2", "offset": "0x88"}, {"name": "CV2", "offset": "0x90"}, {"name": "RA2", "offset": "0x94"}, {"name": "RB2", "offset": "0x98"}, {"name": "RC2", "offset": "0x9c"}, {"name": "SR2", "offset": "0xa0"}, {"name": "IER2", "offset": "0xa4"}, {"name": "IDR2", "offset": "0xa8"}, {"name": "IMR2", "offset": "0xac"}, {"name": "BCR", "offset": "0xc0"}, {"name": "BMR", "offset": "0xc4"}, {"name": "QIER", "offset": "0xc8"}, {"name": "QIDR", "offset": "0xcc"}, {"name": "QIMR", "offset": "0xd0"}, {"name": "QISR", "offset": "0xd4"}, {"name": "WPMR", "offset": "0xe4"}]}, {"name": "TC1", "start": "0x40014000", "end": "0x40017fff", "size": "0x4000", "comment": "", "registers": [{"name": "CCR0", "offset": "0x0"}, {"name": "CMR0", "offset": "0x4"}, {"name": "CMR0_WAVE_EQ_1", "offset": "0x4"}, {"name": "SMMR0", "offset": "0x8"}, {"name": "CV0", "offset": "0x10"}, {"name": "RA0", "offset": "0x14"}, {"name": "RB0", "offset": "0x18"}, {"name": "RC0", "offset": "0x1c"}, {"name": "SR0", "offset": "0x20"}, {"name": "IER0", "offset": "0x24"}, {"name": "IDR0", "offset": "0x28"}, {"name": "IMR0", "offset": "0x2c"}, {"name": "CCR1", "offset": "0x40"}, {"name": "CMR1", "offset": "0x44"}, {"name": "CMR1_WAVE_EQ_1", "offset": "0x44"}, {"name": "SMMR1", "offset": "0x48"}, {"name": "CV1", "offset": "0x50"}, {"name": "RA1", "offset": "0x54"}, {"name": "RB1", "offset": "0x58"}, {"name": "RC1", "offset": "0x5c"}, {"name": "SR1", "offset": "0x60"}, {"name": "IER1", "offset": "0x64"}, {"name": "IDR1", "offset": "0x68"}, {"name": "IMR1", "offset": "0x6c"}, {"name": "CCR2", "offset": "0x80"}, {"name": "CMR2", "offset": "0x84"}, {"name": "CMR2_WAVE_EQ_1", "offset": "0x84"}, {"name": "SMMR2", "offset": "0x88"}, {"name": "CV2", "offset": "0x90"}, {"name": "RA2", "offset": "0x94"}, {"name": "RB2", "offset": "0x98"}, {"name": "RC2", "offset": "0x9c"}, {"name": "SR2", "offset": "0xa0"}, {"name": "IER2", "offset": "0xa4"}, {"name": "IDR2", "offset": "0xa8"}, {"name": "IMR2", "offset": "0xac"}, {"name": "BCR", "offset": "0xc0"}, {"name": "BMR", "offset": "0xc4"}, {"name": "QIER", "offset": "0xc8"}, {"name": "QIDR", "offset": "0xcc"}, {"name": "QIMR", "offset": "0xd0"}, {"name": "QISR", "offset": "0xd4"}, {"name": "WPMR", "offset": "0xe4"}]}, {"name": "TWI0", "start": "0x40018000", "end": "0x4001bfff", "size": "0x4000", "comment": "", "registers": [{"name": "CR", "offset": "0x0"}, {"name": "MMR", "offset": "0x4"}, {"name": "SMR", "offset": "0x8"}, {"name": "IADR", "offset": "0xc"}, {"name": "CWGR", "offset": "0x10"}, {"name": "SR", "offset": "0x20"}, {"name": "IER", "offset": "0x24"}, {"name": "IDR", "offset": "0x28"}, {"name": "IMR", "offset": "0x2c"}, {"name": "RHR", "offset": "0x30"}, {"name": "THR", "offset": "0x34"}, {"name": "WPMR", "offset": "0xe4"}, {"name": "WPSR", "offset": "0xe8"}, {"name": "RPR", "offset": "0x100"}, {"name": "RCR", "offset": "0x104"}, {"name": "TPR", "offset": "0x108"}, {"name": "TCR", "offset": "0x10c"}, {"name": "RNPR", "offset": "0x110"}, {"name": "RNCR", "offset": "0x114"}, {"name": "TNPR", "offset": "0x118"}, {"name": "TNCR", "offset": "0x11c"}, {"name": "PTCR", "offset": "0x120"}, {"name": "PTSR", "offset": "0x124"}]}, {"name": "TWI1", "start": "0x4001c000", "end": "0x4001ffff", "size": "0x4000", "comment": "", "registers": [{"name": "CR", "offset": "0x0"}, {"name": "MMR", "offset": "0x4"}, {"name": "SMR", "offset": "0x8"}, {"name": "IADR", "offset": "0xc"}, {"name": "CWGR", "offset": "0x10"}, {"name": "SR", "offset": "0x20"}, {"name": "IER", "offset": "0x24"}, {"name": "IDR", "offset": "0x28"}, {"name": "IMR", "offset": "0x2c"}, {"name": "RHR", "offset": "0x30"}, {"name": "THR", "offset": "0x34"}, {"name": "WPMR", "offset": "0xe4"}, {"name": "WPSR", "offset": "0xe8"}]}, {"name": "USART0", "start": "0x40024000", "end": "0x40027fff", "size": "0x4000", "comment": "", "registers": [{"name": "CR", "offset": "0x0"}, {"name": "CR_SPI_MODE", "offset": "0x0"}, {"name": "MR", "offset": "0x4"}, {"name": "MR_SPI_MODE", "offset": "0x4"}, {"name": "IER", "offset": "0x8"}, {"name": "IER_SPI_MODE", "offset": "0x8"}, {"name": "IDR", "offset": "0xc"}, {"name": "IDR_SPI_MODE", "offset": "0xc"}, {"name": "IMR", "offset": "0x10"}, {"name": "IMR_SPI_MODE", "offset": "0x10"}, {"name": "CSR", "offset": "0x14"}, {"name": "CSR_SPI_MODE", "offset": "0x14"}, {"name": "RHR", "offset": "0x18"}, {"name": "THR", "offset": "0x1c"}, {"name": "BRGR", "offset": "0x20"}, {"name": "RTOR", "offset": "0x24"}, {"name": "TTGR", "offset": "0x28"}, {"name": "FIDI", "offset": "0x40"}, {"name": "NER", "offset": "0x44"}, {"name": "IF", "offset": "0x4c"}, {"name": "MAN", "offset": "0x50"}, {"name": "WPMR", "offset": "0xe4"}, {"name": "WPSR", "offset": "0xe8"}, {"name": "RPR", "offset": "0x100"}, {"name": "RCR", "offset": "0x104"}, {"name": "TPR", "offset": "0x108"}, {"name": "TCR", "offset": "0x10c"}, {"name": "RNPR", "offset": "0x110"}, {"name": "RNCR", "offset": "0x114"}, {"name": "TNPR", "offset": "0x118"}, {"name": "TNCR", "offset": "0x11c"}, {"name": "PTCR", "offset": "0x120"}, {"name": "PTSR", "offset": "0x124"}]}, {"name": "USART1", "start": "0x40028000", "end": "0x4002bfff", "size": "0x4000", "comment": "", "registers": [{"name": "CR", "offset": "0x0"}, {"name": "CR_SPI_MODE", "offset": "0x0"}, {"name": "MR", "offset": "0x4"}, {"name": "MR_SPI_MODE", "offset": "0x4"}, {"name": "IER", "offset": "0x8"}, {"name": "IER_SPI_MODE", "offset": "0x8"}, {"name": "IDR", "offset": "0xc"}, {"name": "IDR_SPI_MODE", "offset": "0xc"}, {"name": "IMR", "offset": "0x10"}, {"name": "IMR_SPI_MODE", "offset": "0x10"}, {"name": "CSR", "offset": "0x14"}, {"name": "CSR_SPI_MODE", "offset": "0x14"}, {"name": "RHR", "offset": "0x18"}, {"name": "THR", "offset": "0x1c"}, {"name": "BRGR", "offset": "0x20"}, {"name": "RTOR", "offset": "0x24"}, {"name": "TTGR", "offset": "0x28"}, {"name": "FIDI", "offset": "0x40"}, {"name": "NER", "offset": "0x44"}, {"name": "IF", "offset": "0x4c"}, {"name": "MAN", "offset": "0x50"}, {"name": "WPMR", "offset": "0xe4"}, {"name": "WPSR", "offset": "0xe8"}, {"name": "RPR", "offset": "0x100"}, {"name": "RCR", "offset": "0x104"}, {"name": "TPR", "offset": "0x108"}, {"name": "TCR", "offset": "0x10c"}, {"name": "RNPR", "offset": "0x110"}, {"name": "RNCR", "offset": "0x114"}, {"name": "TNPR", "offset": "0x118"}, {"name": "TNCR", "offset": "0x11c"}, {"name": "PTCR", "offset": "0x120"}, {"name": "PTSR", "offset": "0x124"}]}, {"name": "USART2", "start": "0x4002c000", "end": "0x4002ffff", "size": "0x4000", "comment": "", "registers": [{"name": "CR", "offset": "0x0"}, {"name": "CR_SPI_MODE", "offset": "0x0"}, {"name": "MR", "offset": "0x4"}, {"name": "MR_SPI_MODE", "offset": "0x4"}, {"name": "IER", "offset": "0x8"}, {"name": "IER_SPI_MODE", "offset": "0x8"}, {"name": "IDR", "offset": "0xc"}, {"name": "IDR_SPI_MODE", "offset": "0xc"}, {"name": "IMR", "offset": "0x10"}, {"name": "IMR_SPI_MODE", "offset": "0x10"}, {"name": "CSR", "offset": "0x14"}, {"name": "CSR_SPI_MODE", "offset": "0x14"}, {"name": "RHR", "offset": "0x18"}, {"name": "THR", "offset": "0x1c"}, {"name": "BRGR", "offset": "0x20"}, {"name": "RTOR", "offset": "0x24"}, {"name": "TTGR", "offset": "0x28"}, {"name": "FIDI", "offset": "0x40"}, {"name": "NER", "offset": "0x44"}, {"name": "IF", "offset": "0x4c"}, {"name": "MAN", "offset": "0x50"}, {"name": "WPMR", "offset": "0xe4"}, {"name": "WPSR", "offset": "0xe8"}, {"name": "RPR", "offset": "0x100"}, {"name": "RCR", "offset": "0x104"}, {"name": "TPR", "offset": "0x108"}, {"name": "TCR", "offset": "0x10c"}, {"name": "RNPR", "offset": "0x110"}, {"name": "RNCR", "offset": "0x114"}, {"name": "TNPR", "offset": "0x118"}, {"name": "TNCR", "offset": "0x11c"}, {"name": "PTCR", "offset": "0x120"}, {"name": "PTSR", "offset": "0x124"}]}, {"name": "USART3", "start": "0x40030000", "end": "0x40033fff", "size": "0x4000", "comment": "", "registers": [{"name": "CR", "offset": "0x0"}, {"name": "CR_SPI_MODE", "offset": "0x0"}, {"name": "MR", "offset": "0x4"}, {"name": "MR_SPI_MODE", "offset": "0x4"}, {"name": "IER", "offset": "0x8"}, {"name": "IER_SPI_MODE", "offset": "0x8"}, {"name": "IDR", "offset": "0xc"}, {"name": "IDR_SPI_MODE", "offset": "0xc"}, {"name": "IMR", "offset": "0x10"}, {"name": "IMR_SPI_MODE", "offset": "0x10"}, {"name": "CSR", "offset": "0x14"}, {"name": "CSR_SPI_MODE", "offset": "0x14"}, {"name": "RHR", "offset": "0x18"}, {"name": "THR", "offset": "0x1c"}, {"name": "BRGR", "offset": "0x20"}, {"name": "RTOR", "offset": "0x24"}, {"name": "TTGR", "offset": "0x28"}, {"name": "FIDI", "offset": "0x40"}, {"name": "NER", "offset": "0x44"}, {"name": "IF", "offset": "0x4c"}, {"name": "MAN", "offset": "0x50"}, {"name": "WPMR", "offset": "0xe4"}, {"name": "WPSR", "offset": "0xe8"}, {"name": "RPR", "offset": "0x100"}, {"name": "RCR", "offset": "0x104"}, {"name": "TPR", "offset": "0x108"}, {"name": "TCR", "offset": "0x10c"}, {"name": "RNPR", "offset": "0x110"}, {"name": "RNCR", "offset": "0x114"}, {"name": "TNPR", "offset": "0x118"}, {"name": "TNCR", "offset": "0x11c"}, {"name": "PTCR", "offset": "0x120"}, {"name": "PTSR", "offset": "0x124"}]}, {"name": "USART4", "start": "0x40034000", "end": "0x40037fff", "size": "0x4000", "comment": "", "registers": [{"name": "CR", "offset": "0x0"}, {"name": "CR_SPI_MODE", "offset": "0x0"}, {"name": "MR", "offset": "0x4"}, {"name": "MR_SPI_MODE", "offset": "0x4"}, {"name": "IER", "offset": "0x8"}, {"name": "IER_SPI_MODE", "offset": "0x8"}, {"name": "IDR", "offset": "0xc"}, {"name": "IDR_SPI_MODE", "offset": "0xc"}, {"name": "IMR", "offset": "0x10"}, {"name": "IMR_SPI_MODE", "offset": "0x10"}, {"name": "CSR", "offset": "0x14"}, {"name": "CSR_SPI_MODE", "offset": "0x14"}, {"name": "RHR", "offset": "0x18"}, {"name": "THR", "offset": "0x1c"}, {"name": "BRGR", "offset": "0x20"}, {"name": "RTOR", "offset": "0x24"}, {"name": "TTGR", "offset": "0x28"}, {"name": "FIDI", "offset": "0x40"}, {"name": "NER", "offset": "0x44"}, {"name": "IF", "offset": "0x4c"}, {"name": "MAN", "offset": "0x50"}, {"name": "WPMR", "offset": "0xe4"}, {"name": "WPSR", "offset": "0xe8"}, {"name": "RPR", "offset": "0x100"}, {"name": "RCR", "offset": "0x104"}, {"name": "TPR", "offset": "0x108"}, {"name": "TCR", "offset": "0x10c"}, {"name": "RNPR", "offset": "0x110"}, {"name": "RNCR", "offset": "0x114"}, {"name": "TNPR", "offset": "0x118"}, {"name": "TNCR", "offset": "0x11c"}, {"name": "PTCR", "offset": "0x120"}, {"name": "PTSR", "offset": "0x124"}]}, {"name": "ADC", "start": "0x40038000", "end": "0x4003bfff", "size": "0x4000", "comment": "", "registers": [{"name": "CR", "offset": "0x0"}, {"name": "MR", "offset": "0x4"}, {"name": "SEQR1", "offset": "0x8"}, {"name": "CHER", "offset": "0x10"}, {"name": "CHDR", "offset": "0x14"}, {"name": "CHSR", "offset": "0x18"}, {"name": "LCDR", "offset": "0x20"}, {"name": "IER", "offset": "0x24"}, {"name": "IDR", "offset": "0x28"}, {"name": "IMR", "offset": "0x2c"}, {"name": "ISR", "offset": "0x30"}, {"name": "TEMPMR", "offset": "0x34"}, {"name": "TEMPCWR", "offset": "0x38"}, {"name": "OVER", "offset": "0x3c"}, {"name": "EMR", "offset": "0x40"}, {"name": "CWR", "offset": "0x44"}, {"name": "ACR", "offset": "0x94"}, {"name": "WPMR", "offset": "0xe4"}, {"name": "WPSR", "offset": "0xe8"}, {"name": "RPR", "offset": "0x100"}, {"name": "RCR", "offset": "0x104"}, {"name": "RNPR", "offset": "0x110"}, {"name": "RNCR", "offset": "0x114"}, {"name": "PTCR", "offset": "0x120"}, {"name": "PTSR", "offset": "0x124"}, {"name": "CDR[0]", "offset": "0x50"}, {"name": "CDR[1]", "offset": "0x54"}, {"name": "CDR[2]", "offset": "0x58"}, {"name": "CDR[3]", "offset": "0x5c"}, {"name": "CDR[4]", "offset": "0x60"}, {"name": "CDR[5]", "offset": "0x64"}, {"name": "CDR[6]", "offset": "0x68"}, {"name": "CDR[7]", "offset": "0x6c"}]}, {"name": "SLCDC", "start": "0x4003c000", "end": "0x4003ffff", "size": "0x4000", "comment": "", "registers": [{"name": "CR", "offset": "0x0"}, {"name": "MR", "offset": "0x4"}, {"name": "FRR", "offset": "0x8"}, {"name": "DR", "offset": "0xc"}, {"name": "SR", "offset": "0x10"}, {"name": "IER", "offset": "0x20"}, {"name": "IDR", "offset": "0x24"}, {"name": "IMR", "offset": "0x28"}, {"name": "ISR", "offset": "0x2c"}, {"name": "SMR0", "offset": "0x30"}, {"name": "SMR1", "offset": "0x34"}, {"name": "WPMR", "offset": "0xe4"}, {"name": "WPSR", "offset": "0xe8"}, {"name": "LMEMR0", "offset": "0x200"}, {"name": "MMEMR0", "offset": "0x204"}, {"name": "LMEMR1", "offset": "0x208"}, {"name": "MMEMR1", "offset": "0x20c"}, {"name": "LMEMR2", "offset": "0x210"}, {"name": "MMEMR2", "offset": "0x214"}, {"name": "LMEMR3", "offset": "0x218"}, {"name": "MMEMR3", "offset": "0x21c"}, {"name": "LMEMR4", "offset": "0x220"}, {"name": "MMEMR4", "offset": "0x224"}, {"name": "LMEMR5", "offset": "0x228"}, {"name": "MMEMR5", "offset": "0x22c"}]}, {"name": "ICM", "start": "0x40044000", "end": "0x40047fff", "size": "0x4000", "comment": "", "registers": [{"name": "CFG", "offset": "0x0"}, {"name": "CTRL", "offset": "0x4"}, {"name": "SR", "offset": "0x8"}, {"name": "IER", "offset": "0x10"}, {"name": "IDR", "offset": "0x14"}, {"name": "IMR", "offset": "0x18"}, {"name": "ISR", "offset": "0x1c"}, {"name": "UASR", "offset": "0x20"}, {"name": "DSCR", "offset": "0x30"}, {"name": "HASH", "offset": "0x34"}, {"name": "UIHVAL[0]", "offset": "0x38"}, {"name": "UIHVAL[1]", "offset": "0x3c"}, {"name": "UIHVAL[2]", "offset": "0x40"}, {"name": "UIHVAL[3]", "offset": "0x44"}, {"name": "UIHVAL[4]", "offset": "0x48"}, {"name": "UIHVAL[5]", "offset": "0x4c"}, {"name": "UIHVAL[6]", "offset": "0x50"}, {"name": "UIHVAL[7]", "offset": "0x54"}]}, {"name": "TRNG", "start": "0x40048000", "end": "0x4004bfff", "size": "0x4000", "comment": "", "registers": [{"name": "CR", "offset": "0x0"}, {"name": "IER", "offset": "0x10"}, {"name": "IDR", "offset": "0x14"}, {"name": "IMR", "offset": "0x18"}, {"name": "ISR", "offset": "0x1c"}, {"name": "ODATA", "offset": "0x50"}]}, {"name": "IPC0", "start": "0x4004c000", "end": "0x4004ffff", "size": "0x4000", "comment": "", "registers": [{"name": "ISCR", "offset": "0x0"}, {"name": "ICCR", "offset": "0x4"}, {"name": "IPR", "offset": "0x8"}, {"name": "IECR", "offset": "0xc"}, {"name": "IDCR", "offset": "0x10"}, {"name": "IMR", "offset": "0x14"}, {"name": "ISR", "offset": "0x18"}]}, {"name": "CMCC0", "start": "0x4007c000", "end": "0x4007ffff", "size": "0x4000", "comment": "", "registers": [{"name": "TYPE", "offset": "0x0"}, {"name": "CTRL", "offset": "0x8"}, {"name": "SR", "offset": "0xc"}, {"name": "MAINT0", "offset": "0x20"}, {"name": "MAINT1", "offset": "0x24"}, {"name": "MCFG", "offset": "0x28"}, {"name": "MEN", "offset": "0x2c"}, {"name": "MCTRL", "offset": "0x30"}, {"name": "MSR", "offset": "0x34"}]}, {"name": "SMC0", "start": "0x400e0000", "end": "0x400e01ff", "size": "0x200", "comment": "", "registers": [{"name": "SETUP0", "offset": "0x0"}, {"name": "PULSE0", "offset": "0x4"}, {"name": "CYCLE0", "offset": "0x8"}, {"name": "MODE0", "offset": "0xc"}, {"name": "SETUP1", "offset": "0x10"}, {"name": "PULSE1", "offset": "0x14"}, {"name": "CYCLE1", "offset": "0x18"}, {"name": "MODE1", "offset": "0x1c"}, {"name": "SETUP2", "offset": "0x20"}, {"name": "PULSE2", "offset": "0x24"}, {"name": "CYCLE2", "offset": "0x28"}, {"name": "MODE2", "offset": "0x2c"}, {"name": "SETUP3", "offset": "0x30"}, {"name": "PULSE3", "offset": "0x34"}, {"name": "CYCLE3", "offset": "0x38"}, {"name": "MODE3", "offset": "0x3c"}, {"name": "OCMS", "offset": "0x80"}, {"name": "KEY1", "offset": "0x84"}, {"name": "KEY2", "offset": "0x88"}, {"name": "WPMR", "offset": "0xe4"}, {"name": "WPSR", "offset": "0xe8"}]}, {"name": "MATRIX0", "start": "0x400e0200", "end": "0x400e03ff", "size": "0x200", "comment": "", "registers": [{"name": "PRAS0", "offset": "0x80"}, {"name": "PRAS1", "offset": "0x88"}, {"name": "PRAS2", "offset": "0x90"}, {"name": "PRAS3", "offset": "0x98"}, {"name": "PRAS4", "offset": "0xa0"}, {"name": "PRAS5", "offset": "0xa8"}, {"name": "PRAS6", "offset": "0xb0"}, {"name": "PRAS7", "offset": "0xb8"}, {"name": "SYSIO", "offset": "0x114"}, {"name": "SMCNFCS", "offset": "0x11c"}, {"name": "CORE_DEBUG", "offset": "0x128"}, {"name": "WPMR", "offset": "0x1e4"}, {"name": "WPSR", "offset": "0x1e8"}, {"name": "MCFG[0]", "offset": "0x0"}, {"name": "MCFG[1]", "offset": "0x4"}, {"name": "MCFG[2]", "offset": "0x8"}, {"name": "MCFG[3]", "offset": "0xc"}, {"name": "MCFG[4]", "offset": "0x10"}, {"name": "MCFG[5]", "offset": "0x14"}, {"name": "MCFG[6]", "offset": "0x18"}, {"name": "SCFG[0]", "offset": "0x40"}, {"name": "SCFG[1]", "offset": "0x44"}, {"name": "SCFG[2]", "offset": "0x48"}, {"name": "SCFG[3]", "offset": "0x4c"}, {"name": "SCFG[4]", "offset": "0x50"}, {"name": "SCFG[5]", "offset": "0x54"}, {"name": "SCFG[6]", "offset": "0x58"}, {"name": "SCFG[7]", "offset": "0x5c"}]}, {"name": "PMC", "start": "0x400e0400", "end": "0x400e05ff", "size": "0x200", "comment": "", "registers": [{"name": "PMC_SCER", "offset": "0x0"}, {"name": "PMC_SCDR", "offset": "0x4"}, {"name": "PMC_SCSR", "offset": "0x8"}, {"name": "PMC_PCER0", "offset": "0x10"}, {"name": "PMC_PCDR0", "offset": "0x14"}, {"name": "PMC_PCSR0", "offset": "0x18"}, {"name": "CKGR_MOR", "offset": "0x20"}, {"name": "CKGR_MCFR", "offset": "0x24"}, {"name": "CKGR_PLLAR", "offset": "0x28"}, {"name": "CKGR_PLLBR", "offset": "0x2c"}, {"name": "PMC_MCKR", "offset": "0x30"}, {"name": "PMC_IER", "offset": "0x60"}, {"name": "PMC_IDR", "offset": "0x64"}, {"name": "PMC_SR", "offset": "0x68"}, {"name": "PMC_IMR", "offset": "0x6c"}, {"name": "PMC_FSMR", "offset": "0x70"}, {"name": "PMC_FSPR", "offset": "0x74"}, {"name": "PMC_FOCR", "offset": "0x78"}, {"name": "PMC_CPFSMR", "offset": "0x7c"}, {"name": "PMC_WPMR", "offset": "0xe4"}, {"name": "PMC_WPSR", "offset": "0xe8"}, {"name": "PMC_PCER1", "offset": "0x100"}, {"name": "PMC_PCDR1", "offset": "0x104"}, {"name": "PMC_PCSR1", "offset": "0x108"}, {"name": "PMC_OCR", "offset": "0x110"}, {"name": "PMC_PMMR", "offset": "0x130"}, {"name": "PMC_PCK[0]", "offset": "0x40"}, {"name": "PMC_PCK[1]", "offset": "0x44"}, {"name": "PMC_PCK[2]", "offset": "0x48"}]}, {"name": "UART0", "start": "0x400e0600", "end": "0x400e073f", "size": "0x140", "comment": "", "registers": [{"name": "CR", "offset": "0x0"}, {"name": "MR", "offset": "0x4"}, {"name": "IER", "offset": "0x8"}, {"name": "IDR", "offset": "0xc"}, {"name": "IMR", "offset": "0x10"}, {"name": "SR", "offset": "0x14"}, {"name": "RHR", "offset": "0x18"}, {"name": "THR", "offset": "0x1c"}, {"name": "BRGR", "offset": "0x20"}, {"name": "RPR", "offset": "0x100"}, {"name": "RCR", "offset": "0x104"}, {"name": "TPR", "offset": "0x108"}, {"name": "TCR", "offset": "0x10c"}, {"name": "RNPR", "offset": "0x110"}, {"name": "RNCR", "offset": "0x114"}, {"name": "TNPR", "offset": "0x118"}, {"name": "TNCR", "offset": "0x11c"}, {"name": "PTCR", "offset": "0x120"}, {"name": "PTSR", "offset": "0x124"}]}, {"name": "CHIPID", "start": "0x400e0740", "end": "0x400e07ff", "size": "0xc0", "comment": "", "registers": [{"name": "CIDR", "offset": "0x0"}, {"name": "EXID", "offset": "0x4"}]}, {"name": "EFC", "start": "0x400e0a00", "end": "0x400e0bff", "size": "0x200", "comment": "", "registers": [{"name": "FMR", "offset": "0x0"}, {"name": "FCR", "offset": "0x4"}, {"name": "FSR", "offset": "0x8"}, {"name": "FRR", "offset": "0xc"}]}, {"name": "PIOA", "start": "0x400e0e00", "end": "0x400e0fff", "size": "0x200", "comment": "", "registers": [{"name": "PER", "offset": "0x0"}, {"name": "PDR", "offset": "0x4"}, {"name": "PSR", "offset": "0x8"}, {"name": "OER", "offset": "0x10"}, {"name": "ODR", "offset": "0x14"}, {"name": "OSR", "offset": "0x18"}, {"name": "IFER", "offset": "0x20"}, {"name": "IFDR", "offset": "0x24"}, {"name": "IFSR", "offset": "0x28"}, {"name": "SODR", "offset": "0x30"}, {"name": "CODR", "offset": "0x34"}, {"name": "ODSR", "offset": "0x38"}, {"name": "PDSR", "offset": "0x3c"}, {"name": "IER", "offset": "0x40"}, {"name": "IDR", "offset": "0x44"}, {"name": "IMR", "offset": "0x48"}, {"name": "ISR", "offset": "0x4c"}, {"name": "MDER", "offset": "0x50"}, {"name": "MDDR", "offset": "0x54"}, {"name": "MDSR", "offset": "0x58"}, {"name": "PUDR", "offset": "0x60"}, {"name": "PUER", "offset": "0x64"}, {"name": "PUSR", "offset": "0x68"}, {"name": "IFSCDR", "offset": "0x80"}, {"name": "IFSCER", "offset": "0x84"}, {"name": "IFSCSR", "offset": "0x88"}, {"name": "SCDR", "offset": "0x8c"}, {"name": "PPDDR", "offset": "0x90"}, {"name": "PPDER", "offset": "0x94"}, {"name": "PPDSR", "offset": "0x98"}, {"name": "OWER", "offset": "0xa0"}, {"name": "OWDR", "offset": "0xa4"}, {"name": "OWSR", "offset": "0xa8"}, {"name": "AIMER", "offset": "0xb0"}, {"name": "AIMDR", "offset": "0xb4"}, {"name": "AIMMR", "offset": "0xb8"}, {"name": "ESR", "offset": "0xc0"}, {"name": "LSR", "offset": "0xc4"}, {"name": "ELSR", "offset": "0xc8"}, {"name": "FELLSR", "offset": "0xd0"}, {"name": "REHLSR", "offset": "0xd4"}, {"name": "FRLHSR", "offset": "0xd8"}, {"name": "WPMR", "offset": "0xe4"}, {"name": "WPSR", "offset": "0xe8"}, {"name": "SCHMITT", "offset": "0x100"}, {"name": "DRIVER1", "offset": "0x118"}, {"name": "DRIVER2", "offset": "0x11c"}, {"name": "ABCDSR[0]", "offset": "0x70"}, {"name": "ABCDSR[1]", "offset": "0x74"}]}, {"name": "PIOB", "start": "0x400e1000", "end": "0x400e11ff", "size": "0x200", "comment": "", "registers": [{"name": "PER", "offset": "0x0"}, {"name": "PDR", "offset": "0x4"}, {"name": "PSR", "offset": "0x8"}, {"name": "OER", "offset": "0x10"}, {"name": "ODR", "offset": "0x14"}, {"name": "OSR", "offset": "0x18"}, {"name": "IFER", "offset": "0x20"}, {"name": "IFDR", "offset": "0x24"}, {"name": "IFSR", "offset": "0x28"}, {"name": "SODR", "offset": "0x30"}, {"name": "CODR", "offset": "0x34"}, {"name": "ODSR", "offset": "0x38"}, {"name": "PDSR", "offset": "0x3c"}, {"name": "IER", "offset": "0x40"}, {"name": "IDR", "offset": "0x44"}, {"name": "IMR", "offset": "0x48"}, {"name": "ISR", "offset": "0x4c"}, {"name": "MDER", "offset": "0x50"}, {"name": "MDDR", "offset": "0x54"}, {"name": "MDSR", "offset": "0x58"}, {"name": "PUDR", "offset": "0x60"}, {"name": "PUER", "offset": "0x64"}, {"name": "PUSR", "offset": "0x68"}, {"name": "IFSCDR", "offset": "0x80"}, {"name": "IFSCER", "offset": "0x84"}, {"name": "IFSCSR", "offset": "0x88"}, {"name": "SCDR", "offset": "0x8c"}, {"name": "PPDDR", "offset": "0x90"}, {"name": "PPDER", "offset": "0x94"}, {"name": "PPDSR", "offset": "0x98"}, {"name": "OWER", "offset": "0xa0"}, {"name": "OWDR", "offset": "0xa4"}, {"name": "OWSR", "offset": "0xa8"}, {"name": "AIMER", "offset": "0xb0"}, {"name": "AIMDR", "offset": "0xb4"}, {"name": "AIMMR", "offset": "0xb8"}, {"name": "ESR", "offset": "0xc0"}, {"name": "LSR", "offset": "0xc4"}, {"name": "ELSR", "offset": "0xc8"}, {"name": "FELLSR", "offset": "0xd0"}, {"name": "REHLSR", "offset": "0xd4"}, {"name": "FRLHSR", "offset": "0xd8"}, {"name": "WPMR", "offset": "0xe4"}, {"name": "WPSR", "offset": "0xe8"}, {"name": "SCHMITT", "offset": "0x100"}, {"name": "DRIVER1", "offset": "0x118"}, {"name": "DRIVER2", "offset": "0x11c"}, {"name": "ABCDSR[0]", "offset": "0x70"}, {"name": "ABCDSR[1]", "offset": "0x74"}]}, {"name": "RSTC", "start": "0x400e1400", "end": "0x400e15ff", "size": "0x200", "comment": "", "registers": [{"name": "CR", "offset": "0x0"}, {"name": "SR", "offset": "0x4"}, {"name": "MR", "offset": "0x8"}, {"name": "CPMR", "offset": "0xc"}]}, {"name": "SUPC", "start": "0x400e1410", "end": "0x400e160f", "size": "0x200", "comment": "", "registers": [{"name": "CR", "offset": "0x0"}, {"name": "SMMR", "offset": "0x4"}, {"name": "MR", "offset": "0x8"}, {"name": "WUMR", "offset": "0xc"}, {"name": "WUIR", "offset": "0x10"}, {"name": "SR", "offset": "0x14"}]}, {"name": "RTT", "start": "0x400e1430", "end": "0x400e162f", "size": "0x200", "comment": "", "registers": [{"name": "MR", "offset": "0x0"}, {"name": "AR", "offset": "0x4"}, {"name": "VR", "offset": "0x8"}, {"name": "SR", "offset": "0xc"}]}, {"name": "WDT", "start": "0x400e1450", "end": "0x400e164f", "size": "0x200", "comment": "", "registers": [{"name": "CR", "offset": "0x0"}, {"name": "MR", "offset": "0x4"}, {"name": "SR", "offset": "0x8"}]}, {"name": "RTC", "start": "0x400e1460", "end": "0x400e165f", "size": "0x200", "comment": "", "registers": [{"name": "CR", "offset": "0x0"}, {"name": "MR", "offset": "0x4"}, {"name": "TIMR", "offset": "0x8"}, {"name": "CALR", "offset": "0xc"}, {"name": "TIMALR", "offset": "0x10"}, {"name": "CALALR", "offset": "0x14"}, {"name": "SR", "offset": "0x18"}, {"name": "SCCR", "offset": "0x1c"}, {"name": "IER", "offset": "0x20"}, {"name": "IDR", "offset": "0x24"}, {"name": "IMR", "offset": "0x28"}, {"name": "VER", "offset": "0x2c"}, {"name": "TSTR0", "offset": "0xb0"}, {"name": "TSDR0", "offset": "0xb4"}, {"name": "TSSR0", "offset": "0xb8"}, {"name": "TSTR1", "offset": "0xbc"}, {"name": "TSDR1", "offset": "0xc0"}, {"name": "TSSR1", "offset": "0xc4"}]}, {"name": "GPBR", "start": "0x400e1490", "end": "0x400e168f", "size": "0x200", "comment": "", "registers": [{"name": "GPBR[0]", "offset": "0x0"}, {"name": "GPBR[1]", "offset": "0x4"}, {"name": "GPBR[2]", "offset": "0x8"}, {"name": "GPBR[3]", "offset": "0xc"}, {"name": "GPBR[4]", "offset": "0x10"}, {"name": "GPBR[5]", "offset": "0x14"}, {"name": "GPBR[6]", "offset": "0x18"}, {"name": "GPBR[7]", "offset": "0x1c"}, {"name": "GPBR[8]", "offset": "0x20"}, {"name": "GPBR[9]", "offset": "0x24"}, {"name": "GPBR[10]", "offset": "0x28"}, {"name": "GPBR[11]", "offset": "0x2c"}, {"name": "GPBR[12]", "offset": "0x30"}, {"name": "GPBR[13]", "offset": "0x34"}, {"name": "GPBR[14]", "offset": "0x38"}, {"name": "GPBR[15]", "offset": "0x3c"}]}, {"name": "RSWDT", "start": "0x400e1500", "end": "0x400e16ff", "size": "0x200", "comment": "", "registers": [{"name": "CR", "offset": "0x0"}, {"name": "MR", "offset": "0x4"}, {"name": "SR", "offset": "0x8"}]}, {"name": "SPI1", "start": "0x48000000", "end": "0x48003fff", "size": "0x4000", "comment": "", "registers": [{"name": "CR", "offset": "0x0"}, {"name": "MR", "offset": "0x4"}, {"name": "RDR", "offset": "0x8"}, {"name": "TDR", "offset": "0xc"}, {"name": "SR", "offset": "0x10"}, {"name": "IER", "offset": "0x14"}, {"name": "IDR", "offset": "0x18"}, {"name": "IMR", "offset": "0x1c"}, {"name": "WPMR", "offset": "0xe4"}, {"name": "WPSR", "offset": "0xe8"}, {"name": "RPR", "offset": "0x100"}, {"name": "RCR", "offset": "0x104"}, {"name": "TPR", "offset": "0x108"}, {"name": "TCR", "offset": "0x10c"}, {"name": "RNPR", "offset": "0x110"}, {"name": "RNCR", "offset": "0x114"}, {"name": "TNPR", "offset": "0x118"}, {"name": "TNCR", "offset": "0x11c"}, {"name": "PTCR", "offset": "0x120"}, {"name": "PTSR", "offset": "0x124"}, {"name": "CSR[0]", "offset": "0x30"}, {"name": "CSR[1]", "offset": "0x34"}, {"name": "CSR[2]", "offset": "0x38"}, {"name": "CSR[3]", "offset": "0x3c"}]}, {"name": "UART1", "start": "0x48004000", "end": "0x48007fff", "size": "0x4000", "comment": "", "registers": [{"name": "CR", "offset": "0x0"}, {"name": "MR", "offset": "0x4"}, {"name": "IER", "offset": "0x8"}, {"name": "IDR", "offset": "0xc"}, {"name": "IMR", "offset": "0x10"}, {"name": "SR", "offset": "0x14"}, {"name": "RHR", "offset": "0x18"}, {"name": "THR", "offset": "0x1c"}, {"name": "BRGR", "offset": "0x20"}, {"name": "RPR", "offset": "0x100"}, {"name": "RCR", "offset": "0x104"}, {"name": "TPR", "offset": "0x108"}, {"name": "TCR", "offset": "0x10c"}, {"name": "RNPR", "offset": "0x110"}, {"name": "RNCR", "offset": "0x114"}, {"name": "TNPR", "offset": "0x118"}, {"name": "TNCR", "offset": "0x11c"}, {"name": "PTCR", "offset": "0x120"}, {"name": "PTSR", "offset": "0x124"}]}, {"name": "PWM", "start": "0x48008000", "end": "0x4800bfff", "size": "0x4000", "comment": "", "registers": [{"name": "MR", "offset": "0x0"}, {"name": "ENA", "offset": "0x4"}, {"name": "DIS", "offset": "0x8"}, {"name": "SR", "offset": "0xc"}, {"name": "IER", "offset": "0x10"}, {"name": "IDR", "offset": "0x14"}, {"name": "IMR", "offset": "0x18"}, {"name": "ISR", "offset": "0x1c"}, {"name": "CMR0", "offset": "0x200"}, {"name": "CDTY0", "offset": "0x204"}, {"name": "CPRD0", "offset": "0x208"}, {"name": "CCNT0", "offset": "0x20c"}, {"name": "CUPD0", "offset": "0x210"}, {"name": "CMR1", "offset": "0x220"}, {"name": "CDTY1", "offset": "0x224"}, {"name": "CPRD1", "offset": "0x228"}, {"name": "CCNT1", "offset": "0x22c"}, {"name": "CUPD1", "offset": "0x230"}, {"name": "CMR2", "offset": "0x240"}, {"name": "CDTY2", "offset": "0x244"}, {"name": "CPRD2", "offset": "0x248"}, {"name": "CCNT2", "offset": "0x24c"}, {"name": "CUPD2", "offset": "0x250"}, {"name": "CMR3", "offset": "0x260"}, {"name": "CDTY3", "offset": "0x264"}, {"name": "CPRD3", "offset": "0x268"}, {"name": "CCNT3", "offset": "0x26c"}, {"name": "CUPD3", "offset": "0x270"}]}, {"name": "PIOC", "start": "0x4800c000", "end": "0x4800ffff", "size": "0x4000", "comment": "", "registers": [{"name": "PER", "offset": "0x0"}, {"name": "PDR", "offset": "0x4"}, {"name": "PSR", "offset": "0x8"}, {"name": "OER", "offset": "0x10"}, {"name": "ODR", "offset": "0x14"}, {"name": "OSR", "offset": "0x18"}, {"name": "IFER", "offset": "0x20"}, {"name": "IFDR", "offset": "0x24"}, {"name": "IFSR", "offset": "0x28"}, {"name": "SODR", "offset": "0x30"}, {"name": "CODR", "offset": "0x34"}, {"name": "ODSR", "offset": "0x38"}, {"name": "PDSR", "offset": "0x3c"}, {"name": "IER", "offset": "0x40"}, {"name": "IDR", "offset": "0x44"}, {"name": "IMR", "offset": "0x48"}, {"name": "ISR", "offset": "0x4c"}, {"name": "MDER", "offset": "0x50"}, {"name": "MDDR", "offset": "0x54"}, {"name": "MDSR", "offset": "0x58"}, {"name": "PUDR", "offset": "0x60"}, {"name": "PUER", "offset": "0x64"}, {"name": "PUSR", "offset": "0x68"}, {"name": "IFSCDR", "offset": "0x80"}, {"name": "IFSCER", "offset": "0x84"}, {"name": "IFSCSR", "offset": "0x88"}, {"name": "SCDR", "offset": "0x8c"}, {"name": "PPDDR", "offset": "0x90"}, {"name": "PPDER", "offset": "0x94"}, {"name": "PPDSR", "offset": "0x98"}, {"name": "OWER", "offset": "0xa0"}, {"name": "OWDR", "offset": "0xa4"}, {"name": "OWSR", "offset": "0xa8"}, {"name": "AIMER", "offset": "0xb0"}, {"name": "AIMDR", "offset": "0xb4"}, {"name": "AIMMR", "offset": "0xb8"}, {"name": "ESR", "offset": "0xc0"}, {"name": "LSR", "offset": "0xc4"}, {"name": "ELSR", "offset": "0xc8"}, {"name": "FELLSR", "offset": "0xd0"}, {"name": "REHLSR", "offset": "0xd4"}, {"name": "FRLHSR", "offset": "0xd8"}, {"name": "WPMR", "offset": "0xe4"}, {"name": "WPSR", "offset": "0xe8"}, {"name": "SCHMITT", "offset": "0x100"}, {"name": "DRIVER1", "offset": "0x118"}, {"name": "DRIVER2", "offset": "0x11c"}, {"name": "ABCDSR[0]", "offset": "0x70"}, {"name": "ABCDSR[1]", "offset": "0x74"}]}, {"name": "MATRIX1", "start": "0x48010000", "end": "0x48013fff", "size": "0x4000", "comment": "", "registers": [{"name": "PRAS0", "offset": "0x80"}, {"name": "PRAS1", "offset": "0x88"}, {"name": "PRAS2", "offset": "0x90"}, {"name": "PRAS3", "offset": "0x98"}, {"name": "PRAS4", "offset": "0xa0"}, {"name": "PRAS5", "offset": "0xa8"}, {"name": "PRAS6", "offset": "0xb0"}, {"name": "PRAS7", "offset": "0xb8"}, {"name": "SYSIO", "offset": "0x114"}, {"name": "SMCNFCS", "offset": "0x11c"}, {"name": "CORE_DEBUG", "offset": "0x128"}, {"name": "WPMR", "offset": "0x1e4"}, {"name": "WPSR", "offset": "0x1e8"}, {"name": "MCFG[0]", "offset": "0x0"}, {"name": "MCFG[1]", "offset": "0x4"}, {"name": "MCFG[2]", "offset": "0x8"}, {"name": "MCFG[3]", "offset": "0xc"}, {"name": "MCFG[4]", "offset": "0x10"}, {"name": "MCFG[5]", "offset": "0x14"}, {"name": "MCFG[6]", "offset": "0x18"}, {"name": "SCFG[0]", "offset": "0x40"}, {"name": "SCFG[1]", "offset": "0x44"}, {"name": "SCFG[2]", "offset": "0x48"}, {"name": "SCFG[3]", "offset": "0x4c"}, {"name": "SCFG[4]", "offset": "0x50"}, {"name": "SCFG[5]", "offset": "0x54"}, {"name": "SCFG[6]", "offset": "0x58"}, {"name": "SCFG[7]", "offset": "0x5c"}]}, {"name": "IPC1", "start": "0x48014000", "end": "0x48017fff", "size": "0x4000", "comment": "", "registers": [{"name": "ISCR", "offset": "0x0"}, {"name": "ICCR", "offset": "0x4"}, {"name": "IPR", "offset": "0x8"}, {"name": "IECR", "offset": "0xc"}, {"name": "IDCR", "offset": "0x10"}, {"name": "IMR", "offset": "0x14"}, {"name": "ISR", "offset": "0x18"}]}, {"name": "CMCC1", "start": "0x48018000", "end": "0x4801bfff", "size": "0x4000", "comment": "", "registers": [{"name": "TYPE", "offset": "0x0"}, {"name": "CTRL", "offset": "0x8"}, {"name": "SR", "offset": "0xc"}, {"name": "MAINT0", "offset": "0x20"}, {"name": "MAINT1", "offset": "0x24"}, {"name": "MCFG", "offset": "0x28"}, {"name": "MEN", "offset": "0x2c"}, {"name": "MCTRL", "offset": "0x30"}, {"name": "MSR", "offset": "0x34"}]}, {"name": "SMC1", "start": "0x4801c000", "end": "0x4801ffff", "size": "0x4000", "comment": "", "registers": [{"name": "SETUP0", "offset": "0x0"}, {"name": "PULSE0", "offset": "0x4"}, {"name": "CYCLE0", "offset": "0x8"}, {"name": "MODE0", "offset": "0xc"}, {"name": "SETUP1", "offset": "0x10"}, {"name": "PULSE1", "offset": "0x14"}, {"name": "CYCLE1", "offset": "0x18"}, {"name": "MODE1", "offset": "0x1c"}, {"name": "SETUP2", "offset": "0x20"}, {"name": "PULSE2", "offset": "0x24"}, {"name": "CYCLE2", "offset": "0x28"}, {"name": "MODE2", "offset": "0x2c"}, {"name": "SETUP3", "offset": "0x30"}, {"name": "PULSE3", "offset": "0x34"}, {"name": "CYCLE3", "offset": "0x38"}, {"name": "MODE3", "offset": "0x3c"}, {"name": "OCMS", "offset": "0x80"}, {"name": "KEY1", "offset": "0x84"}, {"name": "KEY2", "offset": "0x88"}, {"name": "WPMR", "offset": "0xe4"}, {"name": "WPSR", "offset": "0xe8"}]}], "vector_table": [{"name": "StackPointer_Value", "value": -1, "addr": "0x0", "comment": "Stack pointer initial value"}, {"name": "Reset", "value": -1, "addr": "0x4", "comment": "Priority: -3"}, {"name": "NMI", "value": -1, "addr": "0x8", "comment": "Priority: -2"}, {"name": "HardFault", "value": -1, "addr": "0xc", "comment": "Priority: -1"}, {"name": "SVCall", "value": -1, "addr": "0x2c", "comment": "Priority: 3"}, {"name": "PendSV", "value": -1, "addr": "0x38", "comment": "Priority: 5"}, {"name": "SysTick", "value": -1, "addr": "0x3c", "comment": "Priority: 6"}, {"name": "PMC", "value": 5, "comment": "", "addr": "0x54"}, {"name": "EFC", "value": 6, "comment": "", "addr": "0x58"}, {"name": "UART0", "value": 8, "comment": "", "addr": "0x60"}, {"name": "PIOA", "value": 11, "comment": "", "addr": "0x6c"}, {"name": "PIOB", "value": 12, "comment": "", "addr": "0x70"}, {"name": "USART0", "value": 14, "comment": "", "addr": "0x78"}, {"name": "USART1", "value": 15, "comment": "", "addr": "0x7c"}, {"name": "USART2", "value": 16, "comment": "", "addr": "0x80"}, {"name": "USART3", "value": 17, "comment": "", "addr": "0x84"}, {"name": "USART4", "value": 18, "comment": "", "addr": "0x88"}, {"name": "TWI0", "value": 19, "comment": "", "addr": "0x8c"}, {"name": "TWI1", "value": 20, "comment": "", "addr": "0x90"}, {"name": "SPI0", "value": 21, "comment": "", "addr": "0x94"}, {"name": "TC0", "value": 23, "comment": "", "addr": "0x9c"}, {"name": "TC1", "value": 24, "comment": "", "addr": "0xa0"}, {"name": "TC2", "value": 25, "comment": "", "addr": "0xa4"}, {"name": "TC3", "value": 26, "comment": "", "addr": "0xa8"}, {"name": "TC4", "value": 27, "comment": "", "addr": "0xac"}, {"name": "TC5", "value": 28, "comment": "", "addr": "0xb0"}, {"name": "ADC", "value": 29, "comment": "", "addr": "0xb4"}, {"name": "IPC0", "value": 31, "comment": "", "addr": "0xbc"}, {"name": "SLCDC", "value": 32, "comment": "", "addr": "0xc0"}, {"name": "TRNG", "value": 33, "comment": "", "addr": "0xc4"}, {"name": "ICM", "value": 34, "comment": "", "addr": "0xc8"}, {"name": "AES", "value": 36, "comment": "", "addr": "0xd0"}, {"name": "PIOC", "value": 37, "comment": "", "addr": "0xd4"}, {"name": "UART1", "value": 38, "comment": "", "addr": "0xd8"}, {"name": "IPC1", "value": 39, "comment": "", "addr": "0xdc"}, {"name": "SPI1", "value": 40, "comment": "", "addr": "0xe0"}, {"name": "PWM", "value": 41, "comment": "", "addr": "0xe4"}]}