{"brand": "Microchip", "family": "SAMR30", "name": "ATSAMR30G18A", "bits": 32, "mode": 1, "segments": [{"name": "SRAM", "start": "0x20000000", "end": "0x20007fff", "size": "0x8000", "type": "DATA"}], "peripherals": [{"name": "AC", "start": "0x43001000", "end": "0x4300103f", "size": "0x40", "comment": "", "registers": [{"name": "CTRLA", "offset": "0x0", "size": "0x8"}, {"name": "CTRLB", "offset": "0x1", "size": "0x8"}, {"name": "EVCTRL", "offset": "0x2", "size": "0x10"}, {"name": "INTENCLR", "offset": "0x4", "size": "0x8"}, {"name": "INTENSET", "offset": "0x5", "size": "0x8"}, {"name": "INTFLAG", "offset": "0x6", "size": "0x8"}, {"name": "STATUSA", "offset": "0x7", "size": "0x8"}, {"name": "STATUSB", "offset": "0x8", "size": "0x8"}, {"name": "DBGCTRL", "offset": "0x9", "size": "0x8"}, {"name": "WINCTRL", "offset": "0xa", "size": "0x8"}, {"name": "SYNCBUSY", "offset": "0x20"}, {"name": "SCALER0", "offset": "0xc", "size": "0x8"}, {"name": "SCALER1", "offset": "0xd", "size": "0x8"}, {"name": "COMPCTRL0", "offset": "0x10"}, {"name": "COMPCTRL1", "offset": "0x14"}]}, {"name": "ADC", "start": "0x43000c00", "end": "0x43000c7f", "size": "0x80", "comment": "", "registers": [{"name": "CTRLA", "offset": "0x0", "size": "0x8"}, {"name": "CTRLB", "offset": "0x1", "size": "0x8"}, {"name": "REFCTRL", "offset": "0x2", "size": "0x8"}, {"name": "EVCTRL", "offset": "0x3", "size": "0x8"}, {"name": "INTENCLR", "offset": "0x4", "size": "0x8"}, {"name": "INTENSET", "offset": "0x5", "size": "0x8"}, {"name": "INTFLAG", "offset": "0x6", "size": "0x8"}, {"name": "SEQSTATUS", "offset": "0x7", "size": "0x8"}, {"name": "INPUTCTRL", "offset": "0x8", "size": "0x10"}, {"name": "CTRLC", "offset": "0xa", "size": "0x10"}, {"name": "AVGCTRL", "offset": "0xc", "size": "0x8"}, {"name": "SAMPCTRL", "offset": "0xd", "size": "0x8"}, {"name": "WINLT", "offset": "0xe", "size": "0x10"}, {"name": "WINUT", "offset": "0x10", "size": "0x10"}, {"name": "GAINCORR", "offset": "0x12", "size": "0x10"}, {"name": "OFFSETCORR", "offset": "0x14", "size": "0x10"}, {"name": "SWTRIG", "offset": "0x18", "size": "0x8"}, {"name": "DBGCTRL", "offset": "0x1c", "size": "0x8"}, {"name": "SYNCBUSY", "offset": "0x20", "size": "0x10"}, {"name": "RESULT", "offset": "0x24", "size": "0x10"}, {"name": "SEQCTRL", "offset": "0x28"}, {"name": "CALIB", "offset": "0x2c", "size": "0x10"}]}, {"name": "CCL", "start": "0x43001c00", "end": "0x43001c3f", "size": "0x40", "comment": "", "registers": [{"name": "CTRL", "offset": "0x0", "size": "0x8"}, {"name": "SEQCTRL0", "offset": "0x4", "size": "0x8"}, {"name": "SEQCTRL1", "offset": "0x5", "size": "0x8"}, {"name": "LUTCTRL0", "offset": "0x8"}, {"name": "LUTCTRL1", "offset": "0xc"}, {"name": "LUTCTRL2", "offset": "0x10"}, {"name": "LUTCTRL3", "offset": "0x14"}]}, {"name": "DMAC", "start": "0x44000400", "end": "0x4400047f", "size": "0x80", "comment": "", "registers": [{"name": "CTRL", "offset": "0x0", "size": "0x10"}, {"name": "CRCCTRL", "offset": "0x2", "size": "0x10"}, {"name": "CRCDATAIN", "offset": "0x4"}, {"name": "CRCCHKSUM", "offset": "0x8"}, {"name": "CRCSTATUS", "offset": "0xc", "size": "0x8"}, {"name": "DBGCTRL", "offset": "0xd", "size": "0x8"}, {"name": "QOSCTRL", "offset": "0xe", "size": "0x8"}, {"name": "SWTRIGCTRL", "offset": "0x10"}, {"name": "PRICTRL0", "offset": "0x14"}, {"name": "INTPEND", "offset": "0x20", "size": "0x10"}, {"name": "INTSTATUS", "offset": "0x24"}, {"name": "BUSYCH", "offset": "0x28"}, {"name": "PENDCH", "offset": "0x2c"}, {"name": "ACTIVE", "offset": "0x30"}, {"name": "BASEADDR", "offset": "0x34"}, {"name": "WRBADDR", "offset": "0x38"}, {"name": "CHID", "offset": "0x3f", "size": "0x8"}, {"name": "CHCTRLA", "offset": "0x40", "size": "0x8"}, {"name": "CHCTRLB", "offset": "0x44"}, {"name": "CHINTENCLR", "offset": "0x4c", "size": "0x8"}, {"name": "CHINTENSET", "offset": "0x4d", "size": "0x8"}, {"name": "CHINTFLAG", "offset": "0x4e", "size": "0x8"}, {"name": "CHSTATUS", "offset": "0x4f", "size": "0x8"}]}, {"name": "DSU", "start": "0x41002000", "end": "0x41003fff", "size": "0x2000", "comment": "", "registers": [{"name": "CTRL", "offset": "0x0", "size": "0x8"}, {"name": "STATUSA", "offset": "0x1", "size": "0x8"}, {"name": "STATUSB", "offset": "0x2", "size": "0x8"}, {"name": "ADDR", "offset": "0x4"}, {"name": "LENGTH", "offset": "0x8"}, {"name": "DATA", "offset": "0xc"}, {"name": "DID", "offset": "0x18"}, {"name": "END", "offset": "0x1008"}, {"name": "MEMTYPE", "offset": "0x1fcc"}, {"name": "PID4", "offset": "0x1fd0"}, {"name": "PID5", "offset": "0x1fd4"}, {"name": "PID6", "offset": "0x1fd8"}, {"name": "PID7", "offset": "0x1fdc"}, {"name": "PID0", "offset": "0x1fe0"}, {"name": "PID1", "offset": "0x1fe4"}, {"name": "PID2", "offset": "0x1fe8"}, {"name": "PID3", "offset": "0x1fec"}, {"name": "CID0", "offset": "0x1ff0"}, {"name": "CID1", "offset": "0x1ff4"}, {"name": "CID2", "offset": "0x1ff8"}, {"name": "CID3", "offset": "0x1ffc"}, {"name": "DCC0", "offset": "0x10"}, {"name": "DCC1", "offset": "0x14"}, {"name": "DCFG0", "offset": "0xf0"}, {"name": "DCFG1", "offset": "0xf4"}, {"name": "ENTRY0", "offset": "0x1000"}, {"name": "ENTRY1", "offset": "0x1004"}]}, {"name": "EIC", "start": "0x40002400", "end": "0x4000243f", "size": "0x40", "comment": "", "registers": [{"name": "CTRLA", "offset": "0x0", "size": "0x8"}, {"name": "NMICTRL", "offset": "0x1", "size": "0x8"}, {"name": "NMIFLAG", "offset": "0x2", "size": "0x10"}, {"name": "SYNCBUSY", "offset": "0x4"}, {"name": "EVCTRL", "offset": "0x8"}, {"name": "INTENCLR", "offset": "0xc"}, {"name": "INTENSET", "offset": "0x10"}, {"name": "INTFLAG", "offset": "0x14"}, {"name": "ASYNCH", "offset": "0x18"}, {"name": "CONFIG0", "offset": "0x1c"}, {"name": "CONFIG1", "offset": "0x20"}]}, {"name": "EVSYS", "start": "0x43000000", "end": "0x430003ff", "size": "0x400", "comment": "", "registers": [{"name": "CTRLA", "offset": "0x0", "size": "0x8"}, {"name": "CHSTATUS", "offset": "0xc"}, {"name": "INTENCLR", "offset": "0x10"}, {"name": "INTENSET", "offset": "0x14"}, {"name": "INTFLAG", "offset": "0x18"}, {"name": "SWEVT", "offset": "0x1c"}, {"name": "CHANNEL0", "offset": "0x20"}, {"name": "CHANNEL1", "offset": "0x24"}, {"name": "CHANNEL2", "offset": "0x28"}, {"name": "CHANNEL3", "offset": "0x2c"}, {"name": "CHANNEL4", "offset": "0x30"}, {"name": "CHANNEL5", "offset": "0x34"}, {"name": "CHANNEL6", "offset": "0x38"}, {"name": "CHANNEL7", "offset": "0x3c"}, {"name": "CHANNEL8", "offset": "0x40"}, {"name": "CHANNEL9", "offset": "0x44"}, {"name": "CHANNEL10", "offset": "0x48"}, {"name": "CHANNEL11", "offset": "0x4c"}, {"name": "USER0", "offset": "0x80"}, {"name": "USER1", "offset": "0x84"}, {"name": "USER2", "offset": "0x88"}, {"name": "USER3", "offset": "0x8c"}, {"name": "USER4", "offset": "0x90"}, {"name": "USER5", "offset": "0x94"}, {"name": "USER6", "offset": "0x98"}, {"name": "USER7", "offset": "0x9c"}, {"name": "USER8", "offset": "0xa0"}, {"name": "USER9", "offset": "0xa4"}, {"name": "USER10", "offset": "0xa8"}, {"name": "USER11", "offset": "0xac"}, {"name": "USER12", "offset": "0xb0"}, {"name": "USER13", "offset": "0xb4"}, {"name": "USER14", "offset": "0xb8"}, {"name": "USER15", "offset": "0xbc"}, {"name": "USER16", "offset": "0xc0"}, {"name": "USER17", "offset": "0xc4"}, {"name": "USER18", "offset": "0xc8"}, {"name": "USER19", "offset": "0xcc"}, {"name": "USER20", "offset": "0xd0"}, {"name": "USER21", "offset": "0xd4"}, {"name": "USER22", "offset": "0xd8"}, {"name": "USER23", "offset": "0xdc"}, {"name": "USER24", "offset": "0xe0"}, {"name": "USER25", "offset": "0xe4"}, {"name": "USER26", "offset": "0xe8"}, {"name": "USER27", "offset": "0xec"}, {"name": "USER28", "offset": "0xf0"}, {"name": "USER29", "offset": "0xf4"}, {"name": "USER30", "offset": "0xf8"}, {"name": "USER31", "offset": "0xfc"}, {"name": "USER32", "offset": "0x100"}, {"name": "USER33", "offset": "0x104"}, {"name": "USER34", "offset": "0x108"}, {"name": "USER35", "offset": "0x10c"}, {"name": "USER36", "offset": "0x110"}, {"name": "USER37", "offset": "0x114"}, {"name": "USER38", "offset": "0x118"}, {"name": "USER39", "offset": "0x11c"}, {"name": "USER40", "offset": "0x120"}, {"name": "USER41", "offset": "0x124"}, {"name": "USER42", "offset": "0x128"}, {"name": "USER43", "offset": "0x12c"}, {"name": "USER44", "offset": "0x130"}]}, {"name": "GCLK", "start": "0x40001800", "end": "0x400019ff", "size": "0x200", "comment": "", "registers": [{"name": "CTRLA", "offset": "0x0", "size": "0x8"}, {"name": "SYNCBUSY", "offset": "0x4"}, {"name": "GENCTRL0", "offset": "0x20"}, {"name": "GENCTRL1", "offset": "0x24"}, {"name": "GENCTRL2", "offset": "0x28"}, {"name": "GENCTRL3", "offset": "0x2c"}, {"name": "GENCTRL4", "offset": "0x30"}, {"name": "GENCTRL5", "offset": "0x34"}, {"name": "GENCTRL6", "offset": "0x38"}, {"name": "GENCTRL7", "offset": "0x3c"}, {"name": "GENCTRL8", "offset": "0x40"}, {"name": "PCHCTRL0", "offset": "0x80"}, {"name": "PCHCTRL1", "offset": "0x84"}, {"name": "PCHCTRL2", "offset": "0x88"}, {"name": "PCHCTRL3", "offset": "0x8c"}, {"name": "PCHCTRL4", "offset": "0x90"}, {"name": "PCHCTRL5", "offset": "0x94"}, {"name": "PCHCTRL6", "offset": "0x98"}, {"name": "PCHCTRL7", "offset": "0x9c"}, {"name": "PCHCTRL8", "offset": "0xa0"}, {"name": "PCHCTRL9", "offset": "0xa4"}, {"name": "PCHCTRL10", "offset": "0xa8"}, {"name": "PCHCTRL11", "offset": "0xac"}, {"name": "PCHCTRL12", "offset": "0xb0"}, {"name": "PCHCTRL13", "offset": "0xb4"}, {"name": "PCHCTRL14", "offset": "0xb8"}, {"name": "PCHCTRL15", "offset": "0xbc"}, {"name": "PCHCTRL16", "offset": "0xc0"}, {"name": "PCHCTRL17", "offset": "0xc4"}, {"name": "PCHCTRL18", "offset": "0xc8"}, {"name": "PCHCTRL19", "offset": "0xcc"}, {"name": "PCHCTRL20", "offset": "0xd0"}, {"name": "PCHCTRL21", "offset": "0xd4"}, {"name": "PCHCTRL22", "offset": "0xd8"}, {"name": "PCHCTRL23", "offset": "0xdc"}, {"name": "PCHCTRL24", "offset": "0xe0"}, {"name": "PCHCTRL25", "offset": "0xe4"}, {"name": "PCHCTRL26", "offset": "0xe8"}, {"name": "PCHCTRL27", "offset": "0xec"}, {"name": "PCHCTRL28", "offset": "0xf0"}, {"name": "PCHCTRL29", "offset": "0xf4"}, {"name": "PCHCTRL30", "offset": "0xf8"}, {"name": "PCHCTRL31", "offset": "0xfc"}, {"name": "PCHCTRL32", "offset": "0x100"}, {"name": "PCHCTRL33", "offset": "0x104"}, {"name": "PCHCTRL34", "offset": "0x108"}, {"name": "PCHCTRL35", "offset": "0x10c"}]}, {"name": "MCLK", "start": "0x40000400", "end": "0x4000047f", "size": "0x80", "comment": "", "registers": [{"name": "CTRLA", "offset": "0x0", "size": "0x8"}, {"name": "INTENCLR", "offset": "0x1", "size": "0x8"}, {"name": "INTENSET", "offset": "0x2", "size": "0x8"}, {"name": "INTFLAG", "offset": "0x3", "size": "0x8"}, {"name": "CPUDIV", "offset": "0x4", "size": "0x8"}, {"name": "LPDIV", "offset": "0x5", "size": "0x8"}, {"name": "BUPDIV", "offset": "0x6", "size": "0x8"}, {"name": "AHBMASK", "offset": "0x10"}, {"name": "APBAMASK", "offset": "0x14"}, {"name": "APBBMASK", "offset": "0x18"}, {"name": "APBCMASK", "offset": "0x1c"}, {"name": "APBDMASK", "offset": "0x20"}, {"name": "APBEMASK", "offset": "0x24"}]}, {"name": "MTB", "start": "0x41006000", "end": "0x41006fff", "size": "0x1000", "comment": "", "registers": [{"name": "POSITION", "offset": "0x0"}, {"name": "MASTER", "offset": "0x4"}, {"name": "FLOW", "offset": "0x8"}, {"name": "BASE", "offset": "0xc"}, {"name": "ITCTRL", "offset": "0xf00"}, {"name": "CLAIMSET", "offset": "0xfa0"}, {"name": "CLAIMCLR", "offset": "0xfa4"}, {"name": "LOCKACCESS", "offset": "0xfb0"}, {"name": "LOCKSTATUS", "offset": "0xfb4"}, {"name": "AUTHSTATUS", "offset": "0xfb8"}, {"name": "DEVARCH", "offset": "0xfbc"}, {"name": "DEVID", "offset": "0xfc8"}, {"name": "DEVTYPE", "offset": "0xfcc"}, {"name": "PID4", "offset": "0xfd0"}, {"name": "PID5", "offset": "0xfd4"}, {"name": "PID6", "offset": "0xfd8"}, {"name": "PID7", "offset": "0xfdc"}, {"name": "PID0", "offset": "0xfe0"}, {"name": "PID1", "offset": "0xfe4"}, {"name": "PID2", "offset": "0xfe8"}, {"name": "PID3", "offset": "0xfec"}, {"name": "CID0", "offset": "0xff0"}, {"name": "CID1", "offset": "0xff4"}, {"name": "CID2", "offset": "0xff8"}, {"name": "CID3", "offset": "0xffc"}]}, {"name": "NVMCTRL", "start": "0x41004000", "end": "0x4100407f", "size": "0x80", "comment": "", "registers": [{"name": "CTRLA", "offset": "0x0", "size": "0x10"}, {"name": "CTRLB", "offset": "0x4"}, {"name": "PARAM", "offset": "0x8"}, {"name": "INTENCLR", "offset": "0xc", "size": "0x8"}, {"name": "INTENSET", "offset": "0x10", "size": "0x8"}, {"name": "INTFLAG", "offset": "0x14", "size": "0x8"}, {"name": "STATUS", "offset": "0x18", "size": "0x10"}, {"name": "ADDR", "offset": "0x1c"}, {"name": "LOCK", "offset": "0x20", "size": "0x10"}]}, {"name": "OSCCTRL", "start": "0x40000c00", "end": "0x40000c7f", "size": "0x80", "comment": "", "registers": [{"name": "INTENCLR", "offset": "0x0"}, {"name": "INTENSET", "offset": "0x4"}, {"name": "INTFLAG", "offset": "0x8"}, {"name": "STATUS", "offset": "0xc"}, {"name": "XOSCCTRL", "offset": "0x10", "size": "0x10"}, {"name": "OSC16MCTRL", "offset": "0x14", "size": "0x8"}, {"name": "DFLLCTRL", "offset": "0x18", "size": "0x10"}, {"name": "DFLLVAL", "offset": "0x1c"}, {"name": "DFLLMUL", "offset": "0x20"}, {"name": "DFLLSYNC", "offset": "0x24", "size": "0x8"}, {"name": "DPLLCTRLA", "offset": "0x28", "size": "0x8"}, {"name": "DPLLRATIO", "offset": "0x2c"}, {"name": "DPLLCTRLB", "offset": "0x30"}, {"name": "DPLLPRESC", "offset": "0x34", "size": "0x8"}, {"name": "DPLLSYNCBUSY", "offset": "0x38", "size": "0x8"}, {"name": "DPLLSTATUS", "offset": "0x3c", "size": "0x8"}]}, {"name": "OSC32KCTRL", "start": "0x40001000", "end": "0x4000107f", "size": "0x80", "comment": "", "registers": [{"name": "INTENCLR", "offset": "0x0"}, {"name": "INTENSET", "offset": "0x4"}, {"name": "INTFLAG", "offset": "0x8"}, {"name": "STATUS", "offset": "0xc"}, {"name": "RTCCTRL", "offset": "0x10"}, {"name": "XOSC32K", "offset": "0x14"}, {"name": "OSC32K", "offset": "0x18"}, {"name": "OSCULP32K", "offset": "0x1c"}]}, {"name": "PAC", "start": "0x44000000", "end": "0x4400007f", "size": "0x80", "comment": "", "registers": [{"name": "WRCTRL", "offset": "0x0"}, {"name": "EVCTRL", "offset": "0x4", "size": "0x8"}, {"name": "INTENCLR", "offset": "0x8", "size": "0x8"}, {"name": "INTENSET", "offset": "0x9", "size": "0x8"}, {"name": "INTFLAGAHB", "offset": "0x10"}, {"name": "INTFLAGA", "offset": "0x14"}, {"name": "INTFLAGB", "offset": "0x18"}, {"name": "INTFLAGC", "offset": "0x1c"}, {"name": "INTFLAGD", "offset": "0x20"}, {"name": "INTFLAGE", "offset": "0x24"}, {"name": "STATUSA", "offset": "0x34"}, {"name": "STATUSB", "offset": "0x38"}, {"name": "STATUSC", "offset": "0x3c"}, {"name": "STATUSD", "offset": "0x40"}, {"name": "STATUSE", "offset": "0x44"}]}, {"name": "PM", "start": "0x40000000", "end": "0x4000007f", "size": "0x80", "comment": "", "registers": [{"name": "CTRLA", "offset": "0x0", "size": "0x8"}, {"name": "SLEEPCFG", "offset": "0x1", "size": "0x8"}, {"name": "PLCFG", "offset": "0x2", "size": "0x8"}, {"name": "INTENCLR", "offset": "0x4", "size": "0x8"}, {"name": "INTENSET", "offset": "0x5", "size": "0x8"}, {"name": "INTFLAG", "offset": "0x6", "size": "0x8"}, {"name": "STDBYCFG", "offset": "0x8", "size": "0x10"}, {"name": "PWSAKDLY", "offset": "0xc", "size": "0x8"}]}, {"name": "PORT", "start": "0x40002800", "end": "0x400029ff", "size": "0x200", "comment": "", "registers": [{"name": "DIR0", "offset": "0x0"}, {"name": "DIR1", "offset": "0x80"}, {"name": "DIR2", "offset": "0x100"}, {"name": "DIRCLR0", "offset": "0x4"}, {"name": "DIRCLR1", "offset": "0x84"}, {"name": "DIRCLR2", "offset": "0x104"}, {"name": "DIRSET0", "offset": "0x8"}, {"name": "DIRSET1", "offset": "0x88"}, {"name": "DIRSET2", "offset": "0x108"}, {"name": "DIRTGL0", "offset": "0xc"}, {"name": "DIRTGL1", "offset": "0x8c"}, {"name": "DIRTGL2", "offset": "0x10c"}, {"name": "OUT0", "offset": "0x10"}, {"name": "OUT1", "offset": "0x90"}, {"name": "OUT2", "offset": "0x110"}, {"name": "OUTCLR0", "offset": "0x14"}, {"name": "OUTCLR1", "offset": "0x94"}, {"name": "OUTCLR2", "offset": "0x114"}, {"name": "OUTSET0", "offset": "0x18"}, {"name": "OUTSET1", "offset": "0x98"}, {"name": "OUTSET2", "offset": "0x118"}, {"name": "OUTTGL0", "offset": "0x1c"}, {"name": "OUTTGL1", "offset": "0x9c"}, {"name": "OUTTGL2", "offset": "0x11c"}, {"name": "IN0", "offset": "0x20"}, {"name": "IN1", "offset": "0xa0"}, {"name": "IN2", "offset": "0x120"}, {"name": "CTRL0", "offset": "0x24"}, {"name": "CTRL1", "offset": "0xa4"}, {"name": "CTRL2", "offset": "0x124"}, {"name": "WRCONFIG0", "offset": "0x28"}, {"name": "WRCONFIG1", "offset": "0xa8"}, {"name": "WRCONFIG2", "offset": "0x128"}, {"name": "EVCTRL0", "offset": "0x2c"}, {"name": "EVCTRL1", "offset": "0xac"}, {"name": "EVCTRL2", "offset": "0x12c"}, {"name": "PMUX0_0", "offset": "0x30", "size": "0x8"}, {"name": "PMUX0_1", "offset": "0x31", "size": "0x8"}, {"name": "PMUX0_2", "offset": "0x32", "size": "0x8"}, {"name": "PMUX0_3", "offset": "0x33", "size": "0x8"}, {"name": "PMUX0_4", "offset": "0x34", "size": "0x8"}, {"name": "PMUX0_5", "offset": "0x35", "size": "0x8"}, {"name": "PMUX0_6", "offset": "0x36", "size": "0x8"}, {"name": "PMUX0_7", "offset": "0x37", "size": "0x8"}, {"name": "PMUX0_8", "offset": "0x38", "size": "0x8"}, {"name": "PMUX0_9", "offset": "0x39", "size": "0x8"}, {"name": "PMUX0_10", "offset": "0x3a", "size": "0x8"}, {"name": "PMUX0_11", "offset": "0x3b", "size": "0x8"}, {"name": "PMUX0_12", "offset": "0x3c", "size": "0x8"}, {"name": "PMUX0_13", "offset": "0x3d", "size": "0x8"}, {"name": "PMUX0_14", "offset": "0x3e", "size": "0x8"}, {"name": "PMUX0_15", "offset": "0x3f", "size": "0x8"}, {"name": "PMUX1_0", "offset": "0xb0", "size": "0x0"}, {"name": "PMUX1_1", "offset": "0xb1", "size": "0x0"}, {"name": "PMUX1_2", "offset": "0xb2", "size": "0x0"}, {"name": "PMUX1_3", "offset": "0xb3", "size": "0x0"}, {"name": "PMUX1_4", "offset": "0xb4", "size": "0x0"}, {"name": "PMUX1_5", "offset": "0xb5", "size": "0x0"}, {"name": "PMUX1_6", "offset": "0xb6", "size": "0x0"}, {"name": "PMUX1_7", "offset": "0xb7", "size": "0x0"}, {"name": "PMUX1_8", "offset": "0xb8", "size": "0x0"}, {"name": "PMUX1_9", "offset": "0xb9", "size": "0x0"}, {"name": "PMUX1_10", "offset": "0xba", "size": "0x0"}, {"name": "PMUX1_11", "offset": "0xbb", "size": "0x0"}, {"name": "PMUX1_12", "offset": "0xbc", "size": "0x0"}, {"name": "PMUX1_13", "offset": "0xbd", "size": "0x0"}, {"name": "PMUX1_14", "offset": "0xbe", "size": "0x0"}, {"name": "PMUX1_15", "offset": "0xbf", "size": "0x0"}, {"name": "PMUX2_0", "offset": "0x130", "size": "0x0"}, {"name": "PMUX2_1", "offset": "0x131", "size": "0x0"}, {"name": "PMUX2_2", "offset": "0x132", "size": "0x0"}, {"name": "PMUX2_3", "offset": "0x133", "size": "0x0"}, {"name": "PMUX2_4", "offset": "0x134", "size": "0x0"}, {"name": "PMUX2_5", "offset": "0x135", "size": "0x0"}, {"name": "PMUX2_6", "offset": "0x136", "size": "0x0"}, {"name": "PMUX2_7", "offset": "0x137", "size": "0x0"}, {"name": "PMUX2_8", "offset": "0x138", "size": "0x0"}, {"name": "PMUX2_9", "offset": "0x139", "size": "0x0"}, {"name": "PMUX2_10", "offset": "0x13a", "size": "0x0"}, {"name": "PMUX2_11", "offset": "0x13b", "size": "0x0"}, {"name": "PMUX2_12", "offset": "0x13c", "size": "0x0"}, {"name": "PMUX2_13", "offset": "0x13d", "size": "0x0"}, {"name": "PMUX2_14", "offset": "0x13e", "size": "0x0"}, {"name": "PMUX2_15", "offset": "0x13f", "size": "0x0"}, {"name": "PINCFG0_0", "offset": "0x40", "size": "0x8"}, {"name": "PINCFG0_1", "offset": "0x41", "size": "0x8"}, {"name": "PINCFG0_2", "offset": "0x42", "size": "0x8"}, {"name": "PINCFG0_3", "offset": "0x43", "size": "0x8"}, {"name": "PINCFG0_4", "offset": "0x44", "size": "0x8"}, {"name": "PINCFG0_5", "offset": "0x45", "size": "0x8"}, {"name": "PINCFG0_6", "offset": "0x46", "size": "0x8"}, {"name": "PINCFG0_7", "offset": "0x47", "size": "0x8"}, {"name": "PINCFG0_8", "offset": "0x48", "size": "0x8"}, {"name": "PINCFG0_9", "offset": "0x49", "size": "0x8"}, {"name": "PINCFG0_10", "offset": "0x4a", "size": "0x8"}, {"name": "PINCFG0_11", "offset": "0x4b", "size": "0x8"}, {"name": "PINCFG0_12", "offset": "0x4c", "size": "0x8"}, {"name": "PINCFG0_13", "offset": "0x4d", "size": "0x8"}, {"name": "PINCFG0_14", "offset": "0x4e", "size": "0x8"}, {"name": "PINCFG0_15", "offset": "0x4f", "size": "0x8"}, {"name": "PINCFG0_16", "offset": "0x50", "size": "0x8"}, {"name": "PINCFG0_17", "offset": "0x51", "size": "0x8"}, {"name": "PINCFG0_18", "offset": "0x52", "size": "0x8"}, {"name": "PINCFG0_19", "offset": "0x53", "size": "0x8"}, {"name": "PINCFG0_20", "offset": "0x54", "size": "0x8"}, {"name": "PINCFG0_21", "offset": "0x55", "size": "0x8"}, {"name": "PINCFG0_22", "offset": "0x56", "size": "0x8"}, {"name": "PINCFG0_23", "offset": "0x57", "size": "0x8"}, {"name": "PINCFG0_24", "offset": "0x58", "size": "0x8"}, {"name": "PINCFG0_25", "offset": "0x59", "size": "0x8"}, {"name": "PINCFG0_26", "offset": "0x5a", "size": "0x8"}, {"name": "PINCFG0_27", "offset": "0x5b", "size": "0x8"}, {"name": "PINCFG0_28", "offset": "0x5c", "size": "0x8"}, {"name": "PINCFG0_29", "offset": "0x5d", "size": "0x8"}, {"name": "PINCFG0_30", "offset": "0x5e", "size": "0x8"}, {"name": "PINCFG0_31", "offset": "0x5f", "size": "0x8"}, {"name": "PINCFG1_0", "offset": "0xc0", "size": "0x0"}, {"name": "PINCFG1_1", "offset": "0xc1", "size": "0x0"}, {"name": "PINCFG1_2", "offset": "0xc2", "size": "0x0"}, {"name": "PINCFG1_3", "offset": "0xc3", "size": "0x0"}, {"name": "PINCFG1_4", "offset": "0xc4", "size": "0x0"}, {"name": "PINCFG1_5", "offset": "0xc5", "size": "0x0"}, {"name": "PINCFG1_6", "offset": "0xc6", "size": "0x0"}, {"name": "PINCFG1_7", "offset": "0xc7", "size": "0x0"}, {"name": "PINCFG1_8", "offset": "0xc8", "size": "0x0"}, {"name": "PINCFG1_9", "offset": "0xc9", "size": "0x0"}, {"name": "PINCFG1_10", "offset": "0xca", "size": "0x0"}, {"name": "PINCFG1_11", "offset": "0xcb", "size": "0x0"}, {"name": "PINCFG1_12", "offset": "0xcc", "size": "0x0"}, {"name": "PINCFG1_13", "offset": "0xcd", "size": "0x0"}, {"name": "PINCFG1_14", "offset": "0xce", "size": "0x0"}, {"name": "PINCFG1_15", "offset": "0xcf", "size": "0x0"}, {"name": "PINCFG1_16", "offset": "0xd0", "size": "0x0"}, {"name": "PINCFG1_17", "offset": "0xd1", "size": "0x0"}, {"name": "PINCFG1_18", "offset": "0xd2", "size": "0x0"}, {"name": "PINCFG1_19", "offset": "0xd3", "size": "0x0"}, {"name": "PINCFG1_20", "offset": "0xd4", "size": "0x0"}, {"name": "PINCFG1_21", "offset": "0xd5", "size": "0x0"}, {"name": "PINCFG1_22", "offset": "0xd6", "size": "0x0"}, {"name": "PINCFG1_23", "offset": "0xd7", "size": "0x0"}, {"name": "PINCFG1_24", "offset": "0xd8", "size": "0x0"}, {"name": "PINCFG1_25", "offset": "0xd9", "size": "0x0"}, {"name": "PINCFG1_26", "offset": "0xda", "size": "0x0"}, {"name": "PINCFG1_27", "offset": "0xdb", "size": "0x0"}, {"name": "PINCFG1_28", "offset": "0xdc", "size": "0x0"}, {"name": "PINCFG1_29", "offset": "0xdd", "size": "0x0"}, {"name": "PINCFG1_30", "offset": "0xde", "size": "0x0"}, {"name": "PINCFG1_31", "offset": "0xdf", "size": "0x0"}, {"name": "PINCFG2_0", "offset": "0x140", "size": "0x0"}, {"name": "PINCFG2_1", "offset": "0x141", "size": "0x0"}, {"name": "PINCFG2_2", "offset": "0x142", "size": "0x0"}, {"name": "PINCFG2_3", "offset": "0x143", "size": "0x0"}, {"name": "PINCFG2_4", "offset": "0x144", "size": "0x0"}, {"name": "PINCFG2_5", "offset": "0x145", "size": "0x0"}, {"name": "PINCFG2_6", "offset": "0x146", "size": "0x0"}, {"name": "PINCFG2_7", "offset": "0x147", "size": "0x0"}, {"name": "PINCFG2_8", "offset": "0x148", "size": "0x0"}, {"name": "PINCFG2_9", "offset": "0x149", "size": "0x0"}, {"name": "PINCFG2_10", "offset": "0x14a", "size": "0x0"}, {"name": "PINCFG2_11", "offset": "0x14b", "size": "0x0"}, {"name": "PINCFG2_12", "offset": "0x14c", "size": "0x0"}, {"name": "PINCFG2_13", "offset": "0x14d", "size": "0x0"}, {"name": "PINCFG2_14", "offset": "0x14e", "size": "0x0"}, {"name": "PINCFG2_15", "offset": "0x14f", "size": "0x0"}, {"name": "PINCFG2_16", "offset": "0x150", "size": "0x0"}, {"name": "PINCFG2_17", "offset": "0x151", "size": "0x0"}, {"name": "PINCFG2_18", "offset": "0x152", "size": "0x0"}, {"name": "PINCFG2_19", "offset": "0x153", "size": "0x0"}, {"name": "PINCFG2_20", "offset": "0x154", "size": "0x0"}, {"name": "PINCFG2_21", "offset": "0x155", "size": "0x0"}, {"name": "PINCFG2_22", "offset": "0x156", "size": "0x0"}, {"name": "PINCFG2_23", "offset": "0x157", "size": "0x0"}, {"name": "PINCFG2_24", "offset": "0x158", "size": "0x0"}, {"name": "PINCFG2_25", "offset": "0x159", "size": "0x0"}, {"name": "PINCFG2_26", "offset": "0x15a", "size": "0x0"}, {"name": "PINCFG2_27", "offset": "0x15b", "size": "0x0"}, {"name": "PINCFG2_28", "offset": "0x15c", "size": "0x0"}, {"name": "PINCFG2_29", "offset": "0x15d", "size": "0x0"}, {"name": "PINCFG2_30", "offset": "0x15e", "size": "0x0"}, {"name": "PINCFG2_31", "offset": "0x15f", "size": "0x0"}]}, {"name": "PORT_IOBUS", "start": "0x60000000", "end": "0x600001ff", "size": "0x200", "comment": "", "registers": [{"name": "DIR0", "offset": "0x0"}, {"name": "DIR1", "offset": "0x80"}, {"name": "DIR2", "offset": "0x100"}, {"name": "DIRCLR0", "offset": "0x4"}, {"name": "DIRCLR1", "offset": "0x84"}, {"name": "DIRCLR2", "offset": "0x104"}, {"name": "DIRSET0", "offset": "0x8"}, {"name": "DIRSET1", "offset": "0x88"}, {"name": "DIRSET2", "offset": "0x108"}, {"name": "DIRTGL0", "offset": "0xc"}, {"name": "DIRTGL1", "offset": "0x8c"}, {"name": "DIRTGL2", "offset": "0x10c"}, {"name": "OUT0", "offset": "0x10"}, {"name": "OUT1", "offset": "0x90"}, {"name": "OUT2", "offset": "0x110"}, {"name": "OUTCLR0", "offset": "0x14"}, {"name": "OUTCLR1", "offset": "0x94"}, {"name": "OUTCLR2", "offset": "0x114"}, {"name": "OUTSET0", "offset": "0x18"}, {"name": "OUTSET1", "offset": "0x98"}, {"name": "OUTSET2", "offset": "0x118"}, {"name": "OUTTGL0", "offset": "0x1c"}, {"name": "OUTTGL1", "offset": "0x9c"}, {"name": "OUTTGL2", "offset": "0x11c"}, {"name": "IN0", "offset": "0x20"}, {"name": "IN1", "offset": "0xa0"}, {"name": "IN2", "offset": "0x120"}, {"name": "CTRL0", "offset": "0x24"}, {"name": "CTRL1", "offset": "0xa4"}, {"name": "CTRL2", "offset": "0x124"}, {"name": "WRCONFIG0", "offset": "0x28"}, {"name": "WRCONFIG1", "offset": "0xa8"}, {"name": "WRCONFIG2", "offset": "0x128"}, {"name": "EVCTRL0", "offset": "0x2c"}, {"name": "EVCTRL1", "offset": "0xac"}, {"name": "EVCTRL2", "offset": "0x12c"}, {"name": "PMUX0_0", "offset": "0x30", "size": "0x8"}, {"name": "PMUX0_1", "offset": "0x31", "size": "0x8"}, {"name": "PMUX0_2", "offset": "0x32", "size": "0x8"}, {"name": "PMUX0_3", "offset": "0x33", "size": "0x8"}, {"name": "PMUX0_4", "offset": "0x34", "size": "0x8"}, {"name": "PMUX0_5", "offset": "0x35", "size": "0x8"}, {"name": "PMUX0_6", "offset": "0x36", "size": "0x8"}, {"name": "PMUX0_7", "offset": "0x37", "size": "0x8"}, {"name": "PMUX0_8", "offset": "0x38", "size": "0x8"}, {"name": "PMUX0_9", "offset": "0x39", "size": "0x8"}, {"name": "PMUX0_10", "offset": "0x3a", "size": "0x8"}, {"name": "PMUX0_11", "offset": "0x3b", "size": "0x8"}, {"name": "PMUX0_12", "offset": "0x3c", "size": "0x8"}, {"name": "PMUX0_13", "offset": "0x3d", "size": "0x8"}, {"name": "PMUX0_14", "offset": "0x3e", "size": "0x8"}, {"name": "PMUX0_15", "offset": "0x3f", "size": "0x8"}, {"name": "PMUX1_0", "offset": "0xb0", "size": "0x0"}, {"name": "PMUX1_1", "offset": "0xb1", "size": "0x0"}, {"name": "PMUX1_2", "offset": "0xb2", "size": "0x0"}, {"name": "PMUX1_3", "offset": "0xb3", "size": "0x0"}, {"name": "PMUX1_4", "offset": "0xb4", "size": "0x0"}, {"name": "PMUX1_5", "offset": "0xb5", "size": "0x0"}, {"name": "PMUX1_6", "offset": "0xb6", "size": "0x0"}, {"name": "PMUX1_7", "offset": "0xb7", "size": "0x0"}, {"name": "PMUX1_8", "offset": "0xb8", "size": "0x0"}, {"name": "PMUX1_9", "offset": "0xb9", "size": "0x0"}, {"name": "PMUX1_10", "offset": "0xba", "size": "0x0"}, {"name": "PMUX1_11", "offset": "0xbb", "size": "0x0"}, {"name": "PMUX1_12", "offset": "0xbc", "size": "0x0"}, {"name": "PMUX1_13", "offset": "0xbd", "size": "0x0"}, {"name": "PMUX1_14", "offset": "0xbe", "size": "0x0"}, {"name": "PMUX1_15", "offset": "0xbf", "size": "0x0"}, {"name": "PMUX2_0", "offset": "0x130", "size": "0x0"}, {"name": "PMUX2_1", "offset": "0x131", "size": "0x0"}, {"name": "PMUX2_2", "offset": "0x132", "size": "0x0"}, {"name": "PMUX2_3", "offset": "0x133", "size": "0x0"}, {"name": "PMUX2_4", "offset": "0x134", "size": "0x0"}, {"name": "PMUX2_5", "offset": "0x135", "size": "0x0"}, {"name": "PMUX2_6", "offset": "0x136", "size": "0x0"}, {"name": "PMUX2_7", "offset": "0x137", "size": "0x0"}, {"name": "PMUX2_8", "offset": "0x138", "size": "0x0"}, {"name": "PMUX2_9", "offset": "0x139", "size": "0x0"}, {"name": "PMUX2_10", "offset": "0x13a", "size": "0x0"}, {"name": "PMUX2_11", "offset": "0x13b", "size": "0x0"}, {"name": "PMUX2_12", "offset": "0x13c", "size": "0x0"}, {"name": "PMUX2_13", "offset": "0x13d", "size": "0x0"}, {"name": "PMUX2_14", "offset": "0x13e", "size": "0x0"}, {"name": "PMUX2_15", "offset": "0x13f", "size": "0x0"}, {"name": "PINCFG0_0", "offset": "0x40", "size": "0x8"}, {"name": "PINCFG0_1", "offset": "0x41", "size": "0x8"}, {"name": "PINCFG0_2", "offset": "0x42", "size": "0x8"}, {"name": "PINCFG0_3", "offset": "0x43", "size": "0x8"}, {"name": "PINCFG0_4", "offset": "0x44", "size": "0x8"}, {"name": "PINCFG0_5", "offset": "0x45", "size": "0x8"}, {"name": "PINCFG0_6", "offset": "0x46", "size": "0x8"}, {"name": "PINCFG0_7", "offset": "0x47", "size": "0x8"}, {"name": "PINCFG0_8", "offset": "0x48", "size": "0x8"}, {"name": "PINCFG0_9", "offset": "0x49", "size": "0x8"}, {"name": "PINCFG0_10", "offset": "0x4a", "size": "0x8"}, {"name": "PINCFG0_11", "offset": "0x4b", "size": "0x8"}, {"name": "PINCFG0_12", "offset": "0x4c", "size": "0x8"}, {"name": "PINCFG0_13", "offset": "0x4d", "size": "0x8"}, {"name": "PINCFG0_14", "offset": "0x4e", "size": "0x8"}, {"name": "PINCFG0_15", "offset": "0x4f", "size": "0x8"}, {"name": "PINCFG0_16", "offset": "0x50", "size": "0x8"}, {"name": "PINCFG0_17", "offset": "0x51", "size": "0x8"}, {"name": "PINCFG0_18", "offset": "0x52", "size": "0x8"}, {"name": "PINCFG0_19", "offset": "0x53", "size": "0x8"}, {"name": "PINCFG0_20", "offset": "0x54", "size": "0x8"}, {"name": "PINCFG0_21", "offset": "0x55", "size": "0x8"}, {"name": "PINCFG0_22", "offset": "0x56", "size": "0x8"}, {"name": "PINCFG0_23", "offset": "0x57", "size": "0x8"}, {"name": "PINCFG0_24", "offset": "0x58", "size": "0x8"}, {"name": "PINCFG0_25", "offset": "0x59", "size": "0x8"}, {"name": "PINCFG0_26", "offset": "0x5a", "size": "0x8"}, {"name": "PINCFG0_27", "offset": "0x5b", "size": "0x8"}, {"name": "PINCFG0_28", "offset": "0x5c", "size": "0x8"}, {"name": "PINCFG0_29", "offset": "0x5d", "size": "0x8"}, {"name": "PINCFG0_30", "offset": "0x5e", "size": "0x8"}, {"name": "PINCFG0_31", "offset": "0x5f", "size": "0x8"}, {"name": "PINCFG1_0", "offset": "0xc0", "size": "0x0"}, {"name": "PINCFG1_1", "offset": "0xc1", "size": "0x0"}, {"name": "PINCFG1_2", "offset": "0xc2", "size": "0x0"}, {"name": "PINCFG1_3", "offset": "0xc3", "size": "0x0"}, {"name": "PINCFG1_4", "offset": "0xc4", "size": "0x0"}, {"name": "PINCFG1_5", "offset": "0xc5", "size": "0x0"}, {"name": "PINCFG1_6", "offset": "0xc6", "size": "0x0"}, {"name": "PINCFG1_7", "offset": "0xc7", "size": "0x0"}, {"name": "PINCFG1_8", "offset": "0xc8", "size": "0x0"}, {"name": "PINCFG1_9", "offset": "0xc9", "size": "0x0"}, {"name": "PINCFG1_10", "offset": "0xca", "size": "0x0"}, {"name": "PINCFG1_11", "offset": "0xcb", "size": "0x0"}, {"name": "PINCFG1_12", "offset": "0xcc", "size": "0x0"}, {"name": "PINCFG1_13", "offset": "0xcd", "size": "0x0"}, {"name": "PINCFG1_14", "offset": "0xce", "size": "0x0"}, {"name": "PINCFG1_15", "offset": "0xcf", "size": "0x0"}, {"name": "PINCFG1_16", "offset": "0xd0", "size": "0x0"}, {"name": "PINCFG1_17", "offset": "0xd1", "size": "0x0"}, {"name": "PINCFG1_18", "offset": "0xd2", "size": "0x0"}, {"name": "PINCFG1_19", "offset": "0xd3", "size": "0x0"}, {"name": "PINCFG1_20", "offset": "0xd4", "size": "0x0"}, {"name": "PINCFG1_21", "offset": "0xd5", "size": "0x0"}, {"name": "PINCFG1_22", "offset": "0xd6", "size": "0x0"}, {"name": "PINCFG1_23", "offset": "0xd7", "size": "0x0"}, {"name": "PINCFG1_24", "offset": "0xd8", "size": "0x0"}, {"name": "PINCFG1_25", "offset": "0xd9", "size": "0x0"}, {"name": "PINCFG1_26", "offset": "0xda", "size": "0x0"}, {"name": "PINCFG1_27", "offset": "0xdb", "size": "0x0"}, {"name": "PINCFG1_28", "offset": "0xdc", "size": "0x0"}, {"name": "PINCFG1_29", "offset": "0xdd", "size": "0x0"}, {"name": "PINCFG1_30", "offset": "0xde", "size": "0x0"}, {"name": "PINCFG1_31", "offset": "0xdf", "size": "0x0"}, {"name": "PINCFG2_0", "offset": "0x140", "size": "0x0"}, {"name": "PINCFG2_1", "offset": "0x141", "size": "0x0"}, {"name": "PINCFG2_2", "offset": "0x142", "size": "0x0"}, {"name": "PINCFG2_3", "offset": "0x143", "size": "0x0"}, {"name": "PINCFG2_4", "offset": "0x144", "size": "0x0"}, {"name": "PINCFG2_5", "offset": "0x145", "size": "0x0"}, {"name": "PINCFG2_6", "offset": "0x146", "size": "0x0"}, {"name": "PINCFG2_7", "offset": "0x147", "size": "0x0"}, {"name": "PINCFG2_8", "offset": "0x148", "size": "0x0"}, {"name": "PINCFG2_9", "offset": "0x149", "size": "0x0"}, {"name": "PINCFG2_10", "offset": "0x14a", "size": "0x0"}, {"name": "PINCFG2_11", "offset": "0x14b", "size": "0x0"}, {"name": "PINCFG2_12", "offset": "0x14c", "size": "0x0"}, {"name": "PINCFG2_13", "offset": "0x14d", "size": "0x0"}, {"name": "PINCFG2_14", "offset": "0x14e", "size": "0x0"}, {"name": "PINCFG2_15", "offset": "0x14f", "size": "0x0"}, {"name": "PINCFG2_16", "offset": "0x150", "size": "0x0"}, {"name": "PINCFG2_17", "offset": "0x151", "size": "0x0"}, {"name": "PINCFG2_18", "offset": "0x152", "size": "0x0"}, {"name": "PINCFG2_19", "offset": "0x153", "size": "0x0"}, {"name": "PINCFG2_20", "offset": "0x154", "size": "0x0"}, {"name": "PINCFG2_21", "offset": "0x155", "size": "0x0"}, {"name": "PINCFG2_22", "offset": "0x156", "size": "0x0"}, {"name": "PINCFG2_23", "offset": "0x157", "size": "0x0"}, {"name": "PINCFG2_24", "offset": "0x158", "size": "0x0"}, {"name": "PINCFG2_25", "offset": "0x159", "size": "0x0"}, {"name": "PINCFG2_26", "offset": "0x15a", "size": "0x0"}, {"name": "PINCFG2_27", "offset": "0x15b", "size": "0x0"}, {"name": "PINCFG2_28", "offset": "0x15c", "size": "0x0"}, {"name": "PINCFG2_29", "offset": "0x15d", "size": "0x0"}, {"name": "PINCFG2_30", "offset": "0x15e", "size": "0x0"}, {"name": "PINCFG2_31", "offset": "0x15f", "size": "0x0"}]}, {"name": "RSTC", "start": "0x40000800", "end": "0x4000081f", "size": "0x20", "comment": "", "registers": [{"name": "RCAUSE", "offset": "0x0", "size": "0x8"}, {"name": "BKUPEXIT", "offset": "0x2", "size": "0x8"}, {"name": "WKDBCONF", "offset": "0x4", "size": "0x8"}, {"name": "WKPOL", "offset": "0x8", "size": "0x10"}, {"name": "WKEN", "offset": "0xc", "size": "0x10"}, {"name": "WKCAUSE", "offset": "0x10", "size": "0x10"}]}, {"name": "RTC", "start": "0x40002000", "end": "0x4000207f", "size": "0x80", "comment": "", "registers": []}, {"name": "SERCOM0", "start": "0x42000000", "end": "0x4200003f", "size": "0x40", "comment": "", "registers": []}, {"name": "SERCOM1", "start": "0x42000400", "end": "0x4200043f", "size": "0x40", "comment": "", "registers": []}, {"name": "SERCOM2", "start": "0x42000800", "end": "0x4200083f", "size": "0x40", "comment": "", "registers": []}, {"name": "SERCOM3", "start": "0x42000c00", "end": "0x42000c3f", "size": "0x40", "comment": "", "registers": []}, {"name": "SERCOM4", "start": "0x42001000", "end": "0x4200103f", "size": "0x40", "comment": "", "registers": []}, {"name": "SERCOM5", "start": "0x43000400", "end": "0x4300043f", "size": "0x40", "comment": "", "registers": []}, {"name": "SUPC", "start": "0x40001400", "end": "0x4000147f", "size": "0x80", "comment": "", "registers": [{"name": "INTENCLR", "offset": "0x0"}, {"name": "INTENSET", "offset": "0x4"}, {"name": "INTFLAG", "offset": "0x8"}, {"name": "STATUS", "offset": "0xc"}, {"name": "BOD33", "offset": "0x10"}, {"name": "BOD12", "offset": "0x14"}, {"name": "VREG", "offset": "0x18"}, {"name": "VREF", "offset": "0x1c"}, {"name": "BBPS", "offset": "0x20"}, {"name": "BKOUT", "offset": "0x24"}, {"name": "BKIN", "offset": "0x28"}]}, {"name": "TAL", "start": "0x40002c00", "end": "0x40002c7f", "size": "0x80", "comment": "", "registers": [{"name": "CTRLA", "offset": "0x0", "size": "0x8"}, {"name": "RSTCTRL", "offset": "0x4", "size": "0x8"}, {"name": "EXTCTRL", "offset": "0x5", "size": "0x8"}, {"name": "EVCTRL", "offset": "0x6", "size": "0x8"}, {"name": "INTENCLR", "offset": "0x8", "size": "0x8"}, {"name": "INTENSET", "offset": "0x9", "size": "0x8"}, {"name": "INTFLAG", "offset": "0xa", "size": "0x8"}, {"name": "GLOBMASK", "offset": "0xb", "size": "0x8"}, {"name": "HALT", "offset": "0xc", "size": "0x8"}, {"name": "RESTART", "offset": "0xd", "size": "0x8"}, {"name": "BRKSTATUS", "offset": "0xe", "size": "0x10"}, {"name": "DMACPUSEL0", "offset": "0x40"}, {"name": "EVCPUSEL0", "offset": "0x48"}, {"name": "EICCPUSEL0", "offset": "0x50"}, {"name": "INTCPUSEL0", "offset": "0x58"}, {"name": "INTCPUSEL1", "offset": "0x5c"}, {"name": "IRQTRIG", "offset": "0x60", "size": "0x10"}, {"name": "CTICTRLA0", "offset": "0x10", "size": "0x8"}, {"name": "CTICTRLA1", "offset": "0x12", "size": "0x8"}, {"name": "CTICTRLA2", "offset": "0x14", "size": "0x8"}, {"name": "CTICTRLA3", "offset": "0x16", "size": "0x8"}, {"name": "CTIMASK0", "offset": "0x11", "size": "0x8"}, {"name": "CTIMASK1", "offset": "0x13", "size": "0x8"}, {"name": "CTIMASK2", "offset": "0x15", "size": "0x8"}, {"name": "CTIMASK3", "offset": "0x17", "size": "0x8"}, {"name": "INTSTATUS0", "offset": "0x20", "size": "0x8"}, {"name": "INTSTATUS1", "offset": "0x21", "size": "0x8"}, {"name": "INTSTATUS2", "offset": "0x22", "size": "0x8"}, {"name": "INTSTATUS3", "offset": "0x23", "size": "0x8"}, {"name": "INTSTATUS4", "offset": "0x24", "size": "0x8"}, {"name": "INTSTATUS5", "offset": "0x25", "size": "0x8"}, {"name": "INTSTATUS6", "offset": "0x26", "size": "0x8"}, {"name": "INTSTATUS7", "offset": "0x27", "size": "0x8"}, {"name": "INTSTATUS8", "offset": "0x28", "size": "0x8"}, {"name": "INTSTATUS9", "offset": "0x29", "size": "0x8"}, {"name": "INTSTATUS10", "offset": "0x2a", "size": "0x8"}, {"name": "INTSTATUS11", "offset": "0x2b", "size": "0x8"}, {"name": "INTSTATUS12", "offset": "0x2c", "size": "0x8"}, {"name": "INTSTATUS13", "offset": "0x2d", "size": "0x8"}, {"name": "INTSTATUS14", "offset": "0x2e", "size": "0x8"}, {"name": "INTSTATUS15", "offset": "0x2f", "size": "0x8"}, {"name": "INTSTATUS16", "offset": "0x30", "size": "0x8"}, {"name": "INTSTATUS17", "offset": "0x31", "size": "0x8"}, {"name": "INTSTATUS18", "offset": "0x32", "size": "0x8"}, {"name": "INTSTATUS19", "offset": "0x33", "size": "0x8"}, {"name": "INTSTATUS20", "offset": "0x34", "size": "0x8"}, {"name": "INTSTATUS21", "offset": "0x35", "size": "0x8"}, {"name": "INTSTATUS22", "offset": "0x36", "size": "0x8"}, {"name": "INTSTATUS23", "offset": "0x37", "size": "0x8"}, {"name": "INTSTATUS24", "offset": "0x38", "size": "0x8"}, {"name": "INTSTATUS25", "offset": "0x39", "size": "0x8"}, {"name": "INTSTATUS26", "offset": "0x3a", "size": "0x8"}, {"name": "INTSTATUS27", "offset": "0x3b", "size": "0x8"}, {"name": "INTSTATUS28", "offset": "0x3c", "size": "0x8"}, {"name": "CPUIRQS0", "offset": "0x64"}, {"name": "CPUIRQS1", "offset": "0x68"}]}, {"name": "TC0", "start": "0x42002000", "end": "0x4200203f", "size": "0x40", "comment": "", "registers": []}, {"name": "TC1", "start": "0x42002400", "end": "0x4200243f", "size": "0x40", "comment": "", "registers": []}, {"name": "TC4", "start": "0x43000800", "end": "0x4300083f", "size": "0x40", "comment": "", "registers": []}, {"name": "TCC0", "start": "0x42001400", "end": "0x4200148f", "size": "0x90", "comment": "", "registers": [{"name": "CTRLA", "offset": "0x0"}, {"name": "CTRLBCLR", "offset": "0x4", "size": "0x8"}, {"name": "CTRLBSET", "offset": "0x5", "size": "0x8"}, {"name": "SYNCBUSY", "offset": "0x8"}, {"name": "FCTRLA", "offset": "0xc"}, {"name": "FCTRLB", "offset": "0x10"}, {"name": "WEXCTRL", "offset": "0x14"}, {"name": "DRVCTRL", "offset": "0x18"}, {"name": "DBGCTRL", "offset": "0x1e", "size": "0x8"}, {"name": "EVCTRL", "offset": "0x20"}, {"name": "INTENCLR", "offset": "0x24"}, {"name": "INTENSET", "offset": "0x28"}, {"name": "INTFLAG", "offset": "0x2c"}, {"name": "STATUS", "offset": "0x30"}, {"name": "COUNT", "offset": "0x34"}, {"name": "COUNT_DITH4", "offset": "0x34"}, {"name": "COUNT_DITH5", "offset": "0x34"}, {"name": "COUNT_DITH6", "offset": "0x34"}, {"name": "PATT", "offset": "0x38", "size": "0x10"}, {"name": "WAVE", "offset": "0x3c"}, {"name": "PER", "offset": "0x40"}, {"name": "PER_DITH4", "offset": "0x40"}, {"name": "PER_DITH5", "offset": "0x40"}, {"name": "PER_DITH6", "offset": "0x40"}, {"name": "PATTBUF", "offset": "0x64", "size": "0x10"}, {"name": "PERBUF", "offset": "0x6c"}, {"name": "PERBUF_DITH4", "offset": "0x6c"}, {"name": "PERBUF_DITH5", "offset": "0x6c"}, {"name": "PERBUF_DITH6", "offset": "0x6c"}, {"name": "CC0", "offset": "0x44"}, {"name": "CC1", "offset": "0x48"}, {"name": "CC2", "offset": "0x4c"}, {"name": "CC3", "offset": "0x50"}, {"name": "CC0_DITH4", "offset": "0x44"}, {"name": "CC1_DITH4", "offset": "0x48"}, {"name": "CC2_DITH4", "offset": "0x4c"}, {"name": "CC3_DITH4", "offset": "0x50"}, {"name": "CC0_DITH5", "offset": "0x44"}, {"name": "CC1_DITH5", "offset": "0x48"}, {"name": "CC2_DITH5", "offset": "0x4c"}, {"name": "CC3_DITH5", "offset": "0x50"}, {"name": "CC0_DITH6", "offset": "0x44"}, {"name": "CC1_DITH6", "offset": "0x48"}, {"name": "CC2_DITH6", "offset": "0x4c"}, {"name": "CC3_DITH6", "offset": "0x50"}, {"name": "CCBUF0", "offset": "0x70"}, {"name": "CCBUF1", "offset": "0x74"}, {"name": "CCBUF2", "offset": "0x78"}, {"name": "CCBUF3", "offset": "0x7c"}, {"name": "CCBUF0_DITH4", "offset": "0x70"}, {"name": "CCBUF1_DITH4", "offset": "0x74"}, {"name": "CCBUF2_DITH4", "offset": "0x78"}, {"name": "CCBUF3_DITH4", "offset": "0x7c"}, {"name": "CCBUF0_DITH5", "offset": "0x70"}, {"name": "CCBUF1_DITH5", "offset": "0x74"}, {"name": "CCBUF2_DITH5", "offset": "0x78"}, {"name": "CCBUF3_DITH5", "offset": "0x7c"}, {"name": "CCBUF0_DITH6", "offset": "0x70"}, {"name": "CCBUF1_DITH6", "offset": "0x74"}, {"name": "CCBUF2_DITH6", "offset": "0x78"}, {"name": "CCBUF3_DITH6", "offset": "0x7c"}]}, {"name": "TCC1", "start": "0x42001800", "end": "0x4200188f", "size": "0x90", "comment": "", "registers": [{"name": "CTRLA", "offset": "0x0"}, {"name": "CTRLBCLR", "offset": "0x4", "size": "0x8"}, {"name": "CTRLBSET", "offset": "0x5", "size": "0x8"}, {"name": "SYNCBUSY", "offset": "0x8"}, {"name": "FCTRLA", "offset": "0xc"}, {"name": "FCTRLB", "offset": "0x10"}, {"name": "WEXCTRL", "offset": "0x14"}, {"name": "DRVCTRL", "offset": "0x18"}, {"name": "DBGCTRL", "offset": "0x1e", "size": "0x8"}, {"name": "EVCTRL", "offset": "0x20"}, {"name": "INTENCLR", "offset": "0x24"}, {"name": "INTENSET", "offset": "0x28"}, {"name": "INTFLAG", "offset": "0x2c"}, {"name": "STATUS", "offset": "0x30"}, {"name": "COUNT", "offset": "0x34"}, {"name": "COUNT_DITH4", "offset": "0x34"}, {"name": "COUNT_DITH5", "offset": "0x34"}, {"name": "COUNT_DITH6", "offset": "0x34"}, {"name": "PATT", "offset": "0x38", "size": "0x10"}, {"name": "WAVE", "offset": "0x3c"}, {"name": "PER", "offset": "0x40"}, {"name": "PER_DITH4", "offset": "0x40"}, {"name": "PER_DITH5", "offset": "0x40"}, {"name": "PER_DITH6", "offset": "0x40"}, {"name": "PATTBUF", "offset": "0x64", "size": "0x10"}, {"name": "PERBUF", "offset": "0x6c"}, {"name": "PERBUF_DITH4", "offset": "0x6c"}, {"name": "PERBUF_DITH5", "offset": "0x6c"}, {"name": "PERBUF_DITH6", "offset": "0x6c"}, {"name": "CC0", "offset": "0x44"}, {"name": "CC1", "offset": "0x48"}, {"name": "CC2", "offset": "0x4c"}, {"name": "CC3", "offset": "0x50"}, {"name": "CC0_DITH4", "offset": "0x44"}, {"name": "CC1_DITH4", "offset": "0x48"}, {"name": "CC2_DITH4", "offset": "0x4c"}, {"name": "CC3_DITH4", "offset": "0x50"}, {"name": "CC0_DITH5", "offset": "0x44"}, {"name": "CC1_DITH5", "offset": "0x48"}, {"name": "CC2_DITH5", "offset": "0x4c"}, {"name": "CC3_DITH5", "offset": "0x50"}, {"name": "CC0_DITH6", "offset": "0x44"}, {"name": "CC1_DITH6", "offset": "0x48"}, {"name": "CC2_DITH6", "offset": "0x4c"}, {"name": "CC3_DITH6", "offset": "0x50"}, {"name": "CCBUF0", "offset": "0x70"}, {"name": "CCBUF1", "offset": "0x74"}, {"name": "CCBUF2", "offset": "0x78"}, {"name": "CCBUF3", "offset": "0x7c"}, {"name": "CCBUF0_DITH4", "offset": "0x70"}, {"name": "CCBUF1_DITH4", "offset": "0x74"}, {"name": "CCBUF2_DITH4", "offset": "0x78"}, {"name": "CCBUF3_DITH4", "offset": "0x7c"}, {"name": "CCBUF0_DITH5", "offset": "0x70"}, {"name": "CCBUF1_DITH5", "offset": "0x74"}, {"name": "CCBUF2_DITH5", "offset": "0x78"}, {"name": "CCBUF3_DITH5", "offset": "0x7c"}, {"name": "CCBUF0_DITH6", "offset": "0x70"}, {"name": "CCBUF1_DITH6", "offset": "0x74"}, {"name": "CCBUF2_DITH6", "offset": "0x78"}, {"name": "CCBUF3_DITH6", "offset": "0x7c"}]}, {"name": "TCC2", "start": "0x42001c00", "end": "0x42001c8f", "size": "0x90", "comment": "", "registers": [{"name": "CTRLA", "offset": "0x0"}, {"name": "CTRLBCLR", "offset": "0x4", "size": "0x8"}, {"name": "CTRLBSET", "offset": "0x5", "size": "0x8"}, {"name": "SYNCBUSY", "offset": "0x8"}, {"name": "FCTRLA", "offset": "0xc"}, {"name": "FCTRLB", "offset": "0x10"}, {"name": "WEXCTRL", "offset": "0x14"}, {"name": "DRVCTRL", "offset": "0x18"}, {"name": "DBGCTRL", "offset": "0x1e", "size": "0x8"}, {"name": "EVCTRL", "offset": "0x20"}, {"name": "INTENCLR", "offset": "0x24"}, {"name": "INTENSET", "offset": "0x28"}, {"name": "INTFLAG", "offset": "0x2c"}, {"name": "STATUS", "offset": "0x30"}, {"name": "COUNT", "offset": "0x34"}, {"name": "COUNT_DITH4", "offset": "0x34"}, {"name": "COUNT_DITH5", "offset": "0x34"}, {"name": "COUNT_DITH6", "offset": "0x34"}, {"name": "PATT", "offset": "0x38", "size": "0x10"}, {"name": "WAVE", "offset": "0x3c"}, {"name": "PER", "offset": "0x40"}, {"name": "PER_DITH4", "offset": "0x40"}, {"name": "PER_DITH5", "offset": "0x40"}, {"name": "PER_DITH6", "offset": "0x40"}, {"name": "PATTBUF", "offset": "0x64", "size": "0x10"}, {"name": "PERBUF", "offset": "0x6c"}, {"name": "PERBUF_DITH4", "offset": "0x6c"}, {"name": "PERBUF_DITH5", "offset": "0x6c"}, {"name": "PERBUF_DITH6", "offset": "0x6c"}, {"name": "CC0", "offset": "0x44"}, {"name": "CC1", "offset": "0x48"}, {"name": "CC2", "offset": "0x4c"}, {"name": "CC3", "offset": "0x50"}, {"name": "CC0_DITH4", "offset": "0x44"}, {"name": "CC1_DITH4", "offset": "0x48"}, {"name": "CC2_DITH4", "offset": "0x4c"}, {"name": "CC3_DITH4", "offset": "0x50"}, {"name": "CC0_DITH5", "offset": "0x44"}, {"name": "CC1_DITH5", "offset": "0x48"}, {"name": "CC2_DITH5", "offset": "0x4c"}, {"name": "CC3_DITH5", "offset": "0x50"}, {"name": "CC0_DITH6", "offset": "0x44"}, {"name": "CC1_DITH6", "offset": "0x48"}, {"name": "CC2_DITH6", "offset": "0x4c"}, {"name": "CC3_DITH6", "offset": "0x50"}, {"name": "CCBUF0", "offset": "0x70"}, {"name": "CCBUF1", "offset": "0x74"}, {"name": "CCBUF2", "offset": "0x78"}, {"name": "CCBUF3", "offset": "0x7c"}, {"name": "CCBUF0_DITH4", "offset": "0x70"}, {"name": "CCBUF1_DITH4", "offset": "0x74"}, {"name": "CCBUF2_DITH4", "offset": "0x78"}, {"name": "CCBUF3_DITH4", "offset": "0x7c"}, {"name": "CCBUF0_DITH5", "offset": "0x70"}, {"name": "CCBUF1_DITH5", "offset": "0x74"}, {"name": "CCBUF2_DITH5", "offset": "0x78"}, {"name": "CCBUF3_DITH5", "offset": "0x7c"}, {"name": "CCBUF0_DITH6", "offset": "0x70"}, {"name": "CCBUF1_DITH6", "offset": "0x74"}, {"name": "CCBUF2_DITH6", "offset": "0x78"}, {"name": "CCBUF3_DITH6", "offset": "0x7c"}]}, {"name": "USB", "start": "0x41000000", "end": "0x410003ff", "size": "0x400", "comment": "", "registers": []}, {"name": "WDT", "start": "0x40001c00", "end": "0x40001c0f", "size": "0x10", "comment": "", "registers": [{"name": "CTRLA", "offset": "0x0", "size": "0x8"}, {"name": "CONFIG", "offset": "0x1", "size": "0x8"}, {"name": "EWCTRL", "offset": "0x2", "size": "0x8"}, {"name": "INTENCLR", "offset": "0x4", "size": "0x8"}, {"name": "INTENSET", "offset": "0x5", "size": "0x8"}, {"name": "INTFLAG", "offset": "0x6", "size": "0x8"}, {"name": "SYNCBUSY", "offset": "0x8"}, {"name": "CLEAR", "offset": "0xc", "size": "0x8"}]}], "vector_table": [{"name": "StackPointer_Value", "value": -1, "addr": "0x0", "comment": "Stack pointer initial value"}, {"name": "Reset", "value": -1, "addr": "0x4", "comment": "Priority: -3"}, {"name": "NMI", "value": -1, "addr": "0x8", "comment": "Priority: -2"}, {"name": "HardFault", "value": -1, "addr": "0xc", "comment": "Priority: -1"}, {"name": "SVCall", "value": -1, "addr": "0x2c", "comment": "Priority: 3"}, {"name": "PendSV", "value": -1, "addr": "0x38", "comment": "Priority: 5"}, {"name": "SysTick", "value": -1, "addr": "0x3c", "comment": "Priority: 6"}, {"name": "MCLK_INTREQ", "value": 0, "comment": "", "addr": "0x40"}, {"name": "OSCCTRL_INTREQ", "value": 0, "comment": "", "addr": "0x40"}, {"name": "OSC32KCTRL_INTREQ", "value": 0, "comment": "", "addr": "0x40"}, {"name": "PAC_INTREQ", "value": 0, "comment": "", "addr": "0x40"}, {"name": "PM_INTREQ", "value": 0, "comment": "", "addr": "0x40"}, {"name": "SUPC_INTREQ", "value": 0, "comment": "", "addr": "0x40"}, {"name": "TAL_INTREQ", "value": 0, "comment": "", "addr": "0x40"}, {"name": "WDT_INTREQ", "value": 1, "comment": "", "addr": "0x44"}, {"name": "RTC_INTREQ", "value": 2, "comment": "", "addr": "0x48"}, {"name": "EIC_INTREQ", "value": 3, "comment": "", "addr": "0x4c"}, {"name": "NVMCTRL_INTREQ", "value": 4, "comment": "", "addr": "0x50"}, {"name": "DMAC_INTREQ", "value": 5, "comment": "", "addr": "0x54"}, {"name": "USB_INTREQ", "value": 6, "comment": "", "addr": "0x58"}, {"name": "EVSYS_INTREQ", "value": 7, "comment": "", "addr": "0x5c"}, {"name": "SERCOM0_INTREQ", "value": 8, "comment": "", "addr": "0x60"}, {"name": "SERCOM1_INTREQ", "value": 9, "comment": "", "addr": "0x64"}, {"name": "SERCOM2_INTREQ", "value": 10, "comment": "", "addr": "0x68"}, {"name": "SERCOM3_INTREQ", "value": 11, "comment": "", "addr": "0x6c"}, {"name": "SERCOM4_INTREQ", "value": 12, "comment": "", "addr": "0x70"}, {"name": "SERCOM5_INTREQ", "value": 13, "comment": "", "addr": "0x74"}, {"name": "TCC0_INTREQ", "value": 14, "comment": "", "addr": "0x78"}, {"name": "TCC1_INTREQ", "value": 15, "comment": "", "addr": "0x7c"}, {"name": "TCC2_INTREQ", "value": 16, "comment": "", "addr": "0x80"}, {"name": "TC0_INTREQ", "value": 17, "comment": "", "addr": "0x84"}, {"name": "TC1_INTREQ", "value": 18, "comment": "", "addr": "0x88"}, {"name": "TC4_INTREQ", "value": 21, "comment": "", "addr": "0x94"}, {"name": "ADC_INTREQ", "value": 22, "comment": "", "addr": "0x98"}, {"name": "AC_INTREQ", "value": 23, "comment": "", "addr": "0x9c"}]}