{"brand": "Microchip", "family": "SAM3A", "name": "ATSAM3A4C", "bits": 32, "mode": 1, "segments": [{"name": "SRAM", "start": "0x20000000", "end": "0x200fffff", "size": "0x100000", "type": "DATA"}, {"name": "SRAM_ALIAS", "start": "0x22000000", "end": "0x220fffff", "size": "0x100000", "type": "DATA"}], "peripherals": [{"name": "HSMCI", "start": "0x40000000", "end": "0x40003fff", "size": "0x4000", "comment": "", "registers": [{"name": "CR", "offset": "0x0"}, {"name": "MR", "offset": "0x4"}, {"name": "DTOR", "offset": "0x8"}, {"name": "SDCR", "offset": "0xc"}, {"name": "ARGR", "offset": "0x10"}, {"name": "CMDR", "offset": "0x14"}, {"name": "BLKR", "offset": "0x18"}, {"name": "CSTOR", "offset": "0x1c"}, {"name": "RDR", "offset": "0x30"}, {"name": "TDR", "offset": "0x34"}, {"name": "SR", "offset": "0x40"}, {"name": "IER", "offset": "0x44"}, {"name": "IDR", "offset": "0x48"}, {"name": "IMR", "offset": "0x4c"}, {"name": "DMA", "offset": "0x50"}, {"name": "CFG", "offset": "0x54"}, {"name": "WPMR", "offset": "0xe4"}, {"name": "WPSR", "offset": "0xe8"}, {"name": "RSPR[0]", "offset": "0x20"}, {"name": "RSPR[1]", "offset": "0x24"}, {"name": "RSPR[2]", "offset": "0x28"}, {"name": "RSPR[3]", "offset": "0x2c"}, {"name": "FIFO[0]", "offset": "0x200"}, {"name": "FIFO[1]", "offset": "0x204"}, {"name": "FIFO[2]", "offset": "0x208"}, {"name": "FIFO[3]", "offset": "0x20c"}, {"name": "FIFO[4]", "offset": "0x210"}, {"name": "FIFO[5]", "offset": "0x214"}, {"name": "FIFO[6]", "offset": "0x218"}, {"name": "FIFO[7]", "offset": "0x21c"}, {"name": "FIFO[8]", "offset": "0x220"}, {"name": "FIFO[9]", "offset": "0x224"}, {"name": "FIFO[10]", "offset": "0x228"}, {"name": "FIFO[11]", "offset": "0x22c"}, {"name": "FIFO[12]", "offset": "0x230"}, {"name": "FIFO[13]", "offset": "0x234"}, {"name": "FIFO[14]", "offset": "0x238"}, {"name": "FIFO[15]", "offset": "0x23c"}, {"name": "FIFO[16]", "offset": "0x240"}, {"name": "FIFO[17]", "offset": "0x244"}, {"name": "FIFO[18]", "offset": "0x248"}, {"name": "FIFO[19]", "offset": "0x24c"}, {"name": "FIFO[20]", "offset": "0x250"}, {"name": "FIFO[21]", "offset": "0x254"}, {"name": "FIFO[22]", "offset": "0x258"}, {"name": "FIFO[23]", "offset": "0x25c"}, {"name": "FIFO[24]", "offset": "0x260"}, {"name": "FIFO[25]", "offset": "0x264"}, {"name": "FIFO[26]", "offset": "0x268"}, {"name": "FIFO[27]", "offset": "0x26c"}, {"name": "FIFO[28]", "offset": "0x270"}, {"name": "FIFO[29]", "offset": "0x274"}, {"name": "FIFO[30]", "offset": "0x278"}, {"name": "FIFO[31]", "offset": "0x27c"}, {"name": "FIFO[32]", "offset": "0x280"}, {"name": "FIFO[33]", "offset": "0x284"}, {"name": "FIFO[34]", "offset": "0x288"}, {"name": "FIFO[35]", "offset": "0x28c"}, {"name": "FIFO[36]", "offset": "0x290"}, {"name": "FIFO[37]", "offset": "0x294"}, {"name": "FIFO[38]", "offset": "0x298"}, {"name": "FIFO[39]", "offset": "0x29c"}, {"name": "FIFO[40]", "offset": "0x2a0"}, {"name": "FIFO[41]", "offset": "0x2a4"}, {"name": "FIFO[42]", "offset": "0x2a8"}, {"name": "FIFO[43]", "offset": "0x2ac"}, {"name": "FIFO[44]", "offset": "0x2b0"}, {"name": "FIFO[45]", "offset": "0x2b4"}, {"name": "FIFO[46]", "offset": "0x2b8"}, {"name": "FIFO[47]", "offset": "0x2bc"}, {"name": "FIFO[48]", "offset": "0x2c0"}, {"name": "FIFO[49]", "offset": "0x2c4"}, {"name": "FIFO[50]", "offset": "0x2c8"}, {"name": "FIFO[51]", "offset": "0x2cc"}, {"name": "FIFO[52]", "offset": "0x2d0"}, {"name": "FIFO[53]", "offset": "0x2d4"}, {"name": "FIFO[54]", "offset": "0x2d8"}, {"name": "FIFO[55]", "offset": "0x2dc"}, {"name": "FIFO[56]", "offset": "0x2e0"}, {"name": "FIFO[57]", "offset": "0x2e4"}, {"name": "FIFO[58]", "offset": "0x2e8"}, {"name": "FIFO[59]", "offset": "0x2ec"}, {"name": "FIFO[60]", "offset": "0x2f0"}, {"name": "FIFO[61]", "offset": "0x2f4"}, {"name": "FIFO[62]", "offset": "0x2f8"}, {"name": "FIFO[63]", "offset": "0x2fc"}, {"name": "FIFO[64]", "offset": "0x300"}, {"name": "FIFO[65]", "offset": "0x304"}, {"name": "FIFO[66]", "offset": "0x308"}, {"name": "FIFO[67]", "offset": "0x30c"}, {"name": "FIFO[68]", "offset": "0x310"}, {"name": "FIFO[69]", "offset": "0x314"}, {"name": "FIFO[70]", "offset": "0x318"}, {"name": "FIFO[71]", "offset": "0x31c"}, {"name": "FIFO[72]", "offset": "0x320"}, {"name": "FIFO[73]", "offset": "0x324"}, {"name": "FIFO[74]", "offset": "0x328"}, {"name": "FIFO[75]", "offset": "0x32c"}, {"name": "FIFO[76]", "offset": "0x330"}, {"name": "FIFO[77]", "offset": "0x334"}, {"name": "FIFO[78]", "offset": "0x338"}, {"name": "FIFO[79]", "offset": "0x33c"}, {"name": "FIFO[80]", "offset": "0x340"}, {"name": "FIFO[81]", "offset": "0x344"}, {"name": "FIFO[82]", "offset": "0x348"}, {"name": "FIFO[83]", "offset": "0x34c"}, {"name": "FIFO[84]", "offset": "0x350"}, {"name": "FIFO[85]", "offset": "0x354"}, {"name": "FIFO[86]", "offset": "0x358"}, {"name": "FIFO[87]", "offset": "0x35c"}, {"name": "FIFO[88]", "offset": "0x360"}, {"name": "FIFO[89]", "offset": "0x364"}, {"name": "FIFO[90]", "offset": "0x368"}, {"name": "FIFO[91]", "offset": "0x36c"}, {"name": "FIFO[92]", "offset": "0x370"}, {"name": "FIFO[93]", "offset": "0x374"}, {"name": "FIFO[94]", "offset": "0x378"}, {"name": "FIFO[95]", "offset": "0x37c"}, {"name": "FIFO[96]", "offset": "0x380"}, {"name": "FIFO[97]", "offset": "0x384"}, {"name": "FIFO[98]", "offset": "0x388"}, {"name": "FIFO[99]", "offset": "0x38c"}, {"name": "FIFO[100]", "offset": "0x390"}, {"name": "FIFO[101]", "offset": "0x394"}, {"name": "FIFO[102]", "offset": "0x398"}, {"name": "FIFO[103]", "offset": "0x39c"}, {"name": "FIFO[104]", "offset": "0x3a0"}, {"name": "FIFO[105]", "offset": "0x3a4"}, {"name": "FIFO[106]", "offset": "0x3a8"}, {"name": "FIFO[107]", "offset": "0x3ac"}, {"name": "FIFO[108]", "offset": "0x3b0"}, {"name": "FIFO[109]", "offset": "0x3b4"}, {"name": "FIFO[110]", "offset": "0x3b8"}, {"name": "FIFO[111]", "offset": "0x3bc"}, {"name": "FIFO[112]", "offset": "0x3c0"}, {"name": "FIFO[113]", "offset": "0x3c4"}, {"name": "FIFO[114]", "offset": "0x3c8"}, {"name": "FIFO[115]", "offset": "0x3cc"}, {"name": "FIFO[116]", "offset": "0x3d0"}, {"name": "FIFO[117]", "offset": "0x3d4"}, {"name": "FIFO[118]", "offset": "0x3d8"}, {"name": "FIFO[119]", "offset": "0x3dc"}, {"name": "FIFO[120]", "offset": "0x3e0"}, {"name": "FIFO[121]", "offset": "0x3e4"}, {"name": "FIFO[122]", "offset": "0x3e8"}, {"name": "FIFO[123]", "offset": "0x3ec"}, {"name": "FIFO[124]", "offset": "0x3f0"}, {"name": "FIFO[125]", "offset": "0x3f4"}, {"name": "FIFO[126]", "offset": "0x3f8"}, {"name": "FIFO[127]", "offset": "0x3fc"}, {"name": "FIFO[128]", "offset": "0x400"}, {"name": "FIFO[129]", "offset": "0x404"}, {"name": "FIFO[130]", "offset": "0x408"}, {"name": "FIFO[131]", "offset": "0x40c"}, {"name": "FIFO[132]", "offset": "0x410"}, {"name": "FIFO[133]", "offset": "0x414"}, {"name": "FIFO[134]", "offset": "0x418"}, {"name": "FIFO[135]", "offset": "0x41c"}, {"name": "FIFO[136]", "offset": "0x420"}, {"name": "FIFO[137]", "offset": "0x424"}, {"name": "FIFO[138]", "offset": "0x428"}, {"name": "FIFO[139]", "offset": "0x42c"}, {"name": "FIFO[140]", "offset": "0x430"}, {"name": "FIFO[141]", "offset": "0x434"}, {"name": "FIFO[142]", "offset": "0x438"}, {"name": "FIFO[143]", "offset": "0x43c"}, {"name": "FIFO[144]", "offset": "0x440"}, {"name": "FIFO[145]", "offset": "0x444"}, {"name": "FIFO[146]", "offset": "0x448"}, {"name": "FIFO[147]", "offset": "0x44c"}, {"name": "FIFO[148]", "offset": "0x450"}, {"name": "FIFO[149]", "offset": "0x454"}, {"name": "FIFO[150]", "offset": "0x458"}, {"name": "FIFO[151]", "offset": "0x45c"}, {"name": "FIFO[152]", "offset": "0x460"}, {"name": "FIFO[153]", "offset": "0x464"}, {"name": "FIFO[154]", "offset": "0x468"}, {"name": "FIFO[155]", "offset": "0x46c"}, {"name": "FIFO[156]", "offset": "0x470"}, {"name": "FIFO[157]", "offset": "0x474"}, {"name": "FIFO[158]", "offset": "0x478"}, {"name": "FIFO[159]", "offset": "0x47c"}, {"name": "FIFO[160]", "offset": "0x480"}, {"name": "FIFO[161]", "offset": "0x484"}, {"name": "FIFO[162]", "offset": "0x488"}, {"name": "FIFO[163]", "offset": "0x48c"}, {"name": "FIFO[164]", "offset": "0x490"}, {"name": "FIFO[165]", "offset": "0x494"}, {"name": "FIFO[166]", "offset": "0x498"}, {"name": "FIFO[167]", "offset": "0x49c"}, {"name": "FIFO[168]", "offset": "0x4a0"}, {"name": "FIFO[169]", "offset": "0x4a4"}, {"name": "FIFO[170]", "offset": "0x4a8"}, {"name": "FIFO[171]", "offset": "0x4ac"}, {"name": "FIFO[172]", "offset": "0x4b0"}, {"name": "FIFO[173]", "offset": "0x4b4"}, {"name": "FIFO[174]", "offset": "0x4b8"}, {"name": "FIFO[175]", "offset": "0x4bc"}, {"name": "FIFO[176]", "offset": "0x4c0"}, {"name": "FIFO[177]", "offset": "0x4c4"}, {"name": "FIFO[178]", "offset": "0x4c8"}, {"name": "FIFO[179]", "offset": "0x4cc"}, {"name": "FIFO[180]", "offset": "0x4d0"}, {"name": "FIFO[181]", "offset": "0x4d4"}, {"name": "FIFO[182]", "offset": "0x4d8"}, {"name": "FIFO[183]", "offset": "0x4dc"}, {"name": "FIFO[184]", "offset": "0x4e0"}, {"name": "FIFO[185]", "offset": "0x4e4"}, {"name": "FIFO[186]", "offset": "0x4e8"}, {"name": "FIFO[187]", "offset": "0x4ec"}, {"name": "FIFO[188]", "offset": "0x4f0"}, {"name": "FIFO[189]", "offset": "0x4f4"}, {"name": "FIFO[190]", "offset": "0x4f8"}, {"name": "FIFO[191]", "offset": "0x4fc"}, {"name": "FIFO[192]", "offset": "0x500"}, {"name": "FIFO[193]", "offset": "0x504"}, {"name": "FIFO[194]", "offset": "0x508"}, {"name": "FIFO[195]", "offset": "0x50c"}, {"name": "FIFO[196]", "offset": "0x510"}, {"name": "FIFO[197]", "offset": "0x514"}, {"name": "FIFO[198]", "offset": "0x518"}, {"name": "FIFO[199]", "offset": "0x51c"}, {"name": "FIFO[200]", "offset": "0x520"}, {"name": "FIFO[201]", "offset": "0x524"}, {"name": "FIFO[202]", "offset": "0x528"}, {"name": "FIFO[203]", "offset": "0x52c"}, {"name": "FIFO[204]", "offset": "0x530"}, {"name": "FIFO[205]", "offset": "0x534"}, {"name": "FIFO[206]", "offset": "0x538"}, {"name": "FIFO[207]", "offset": "0x53c"}, {"name": "FIFO[208]", "offset": "0x540"}, {"name": "FIFO[209]", "offset": "0x544"}, {"name": "FIFO[210]", "offset": "0x548"}, {"name": "FIFO[211]", "offset": "0x54c"}, {"name": "FIFO[212]", "offset": "0x550"}, {"name": "FIFO[213]", "offset": "0x554"}, {"name": "FIFO[214]", "offset": "0x558"}, {"name": "FIFO[215]", "offset": "0x55c"}, {"name": "FIFO[216]", "offset": "0x560"}, {"name": "FIFO[217]", "offset": "0x564"}, {"name": "FIFO[218]", "offset": "0x568"}, {"name": "FIFO[219]", "offset": "0x56c"}, {"name": "FIFO[220]", "offset": "0x570"}, {"name": "FIFO[221]", "offset": "0x574"}, {"name": "FIFO[222]", "offset": "0x578"}, {"name": "FIFO[223]", "offset": "0x57c"}, {"name": "FIFO[224]", "offset": "0x580"}, {"name": "FIFO[225]", "offset": "0x584"}, {"name": "FIFO[226]", "offset": "0x588"}, {"name": "FIFO[227]", "offset": "0x58c"}, {"name": "FIFO[228]", "offset": "0x590"}, {"name": "FIFO[229]", "offset": "0x594"}, {"name": "FIFO[230]", "offset": "0x598"}, {"name": "FIFO[231]", "offset": "0x59c"}, {"name": "FIFO[232]", "offset": "0x5a0"}, {"name": "FIFO[233]", "offset": "0x5a4"}, {"name": "FIFO[234]", "offset": "0x5a8"}, {"name": "FIFO[235]", "offset": "0x5ac"}, {"name": "FIFO[236]", "offset": "0x5b0"}, {"name": "FIFO[237]", "offset": "0x5b4"}, {"name": "FIFO[238]", "offset": "0x5b8"}, {"name": "FIFO[239]", "offset": "0x5bc"}, {"name": "FIFO[240]", "offset": "0x5c0"}, {"name": "FIFO[241]", "offset": "0x5c4"}, {"name": "FIFO[242]", "offset": "0x5c8"}, {"name": "FIFO[243]", "offset": "0x5cc"}, {"name": "FIFO[244]", "offset": "0x5d0"}, {"name": "FIFO[245]", "offset": "0x5d4"}, {"name": "FIFO[246]", "offset": "0x5d8"}, {"name": "FIFO[247]", "offset": "0x5dc"}, {"name": "FIFO[248]", "offset": "0x5e0"}, {"name": "FIFO[249]", "offset": "0x5e4"}, {"name": "FIFO[250]", "offset": "0x5e8"}, {"name": "FIFO[251]", "offset": "0x5ec"}, {"name": "FIFO[252]", "offset": "0x5f0"}, {"name": "FIFO[253]", "offset": "0x5f4"}, {"name": "FIFO[254]", "offset": "0x5f8"}, {"name": "FIFO[255]", "offset": "0x5fc"}]}, {"name": "SSC", "start": "0x40004000", "end": "0x40007fff", "size": "0x4000", "comment": "", "registers": [{"name": "CR", "offset": "0x0"}, {"name": "CMR", "offset": "0x4"}, {"name": "RCMR", "offset": "0x10"}, {"name": "RFMR", "offset": "0x14"}, {"name": "TCMR", "offset": "0x18"}, {"name": "TFMR", "offset": "0x1c"}, {"name": "RHR", "offset": "0x20"}, {"name": "THR", "offset": "0x24"}, {"name": "RSHR", "offset": "0x30"}, {"name": "TSHR", "offset": "0x34"}, {"name": "RC0R", "offset": "0x38"}, {"name": "RC1R", "offset": "0x3c"}, {"name": "SR", "offset": "0x40"}, {"name": "IER", "offset": "0x44"}, {"name": "IDR", "offset": "0x48"}, {"name": "IMR", "offset": "0x4c"}, {"name": "WPMR", "offset": "0xe4"}, {"name": "WPSR", "offset": "0xe8"}]}, {"name": "SPI0", "start": "0x40008000", "end": "0x4000bfff", "size": "0x4000", "comment": "", "registers": [{"name": "CR", "offset": "0x0"}, {"name": "MR", "offset": "0x4"}, {"name": "RDR", "offset": "0x8"}, {"name": "TDR", "offset": "0xc"}, {"name": "SR", "offset": "0x10"}, {"name": "IER", "offset": "0x14"}, {"name": "IDR", "offset": "0x18"}, {"name": "IMR", "offset": "0x1c"}, {"name": "WPMR", "offset": "0xe4"}, {"name": "WPSR", "offset": "0xe8"}, {"name": "CSR[0]", "offset": "0x30"}, {"name": "CSR[1]", "offset": "0x34"}, {"name": "CSR[2]", "offset": "0x38"}, {"name": "CSR[3]", "offset": "0x3c"}]}, {"name": "TC0", "start": "0x40080000", "end": "0x40083fff", "size": "0x4000", "comment": "", "registers": [{"name": "CCR0", "offset": "0x0"}, {"name": "CMR0", "offset": "0x4"}, {"name": "CMR0_WAVE_EQ_1", "offset": "0x4"}, {"name": "SMMR0", "offset": "0x8"}, {"name": "CV0", "offset": "0x10"}, {"name": "RA0", "offset": "0x14"}, {"name": "RB0", "offset": "0x18"}, {"name": "RC0", "offset": "0x1c"}, {"name": "SR0", "offset": "0x20"}, {"name": "IER0", "offset": "0x24"}, {"name": "IDR0", "offset": "0x28"}, {"name": "IMR0", "offset": "0x2c"}, {"name": "CCR1", "offset": "0x40"}, {"name": "CMR1", "offset": "0x44"}, {"name": "CMR1_WAVE_EQ_1", "offset": "0x44"}, {"name": "SMMR1", "offset": "0x48"}, {"name": "CV1", "offset": "0x50"}, {"name": "RA1", "offset": "0x54"}, {"name": "RB1", "offset": "0x58"}, {"name": "RC1", "offset": "0x5c"}, {"name": "SR1", "offset": "0x60"}, {"name": "IER1", "offset": "0x64"}, {"name": "IDR1", "offset": "0x68"}, {"name": "IMR1", "offset": "0x6c"}, {"name": "CCR2", "offset": "0x80"}, {"name": "CMR2", "offset": "0x84"}, {"name": "CMR2_WAVE_EQ_1", "offset": "0x84"}, {"name": "SMMR2", "offset": "0x88"}, {"name": "CV2", "offset": "0x90"}, {"name": "RA2", "offset": "0x94"}, {"name": "RB2", "offset": "0x98"}, {"name": "RC2", "offset": "0x9c"}, {"name": "SR2", "offset": "0xa0"}, {"name": "IER2", "offset": "0xa4"}, {"name": "IDR2", "offset": "0xa8"}, {"name": "IMR2", "offset": "0xac"}, {"name": "BCR", "offset": "0xc0"}, {"name": "BMR", "offset": "0xc4"}, {"name": "QIER", "offset": "0xc8"}, {"name": "QIDR", "offset": "0xcc"}, {"name": "QIMR", "offset": "0xd0"}, {"name": "QISR", "offset": "0xd4"}, {"name": "FMR", "offset": "0xd8"}, {"name": "WPMR", "offset": "0xe4"}]}, {"name": "TC1", "start": "0x40084000", "end": "0x40087fff", "size": "0x4000", "comment": "", "registers": [{"name": "CCR0", "offset": "0x0"}, {"name": "CMR0", "offset": "0x4"}, {"name": "CMR0_WAVE_EQ_1", "offset": "0x4"}, {"name": "SMMR0", "offset": "0x8"}, {"name": "CV0", "offset": "0x10"}, {"name": "RA0", "offset": "0x14"}, {"name": "RB0", "offset": "0x18"}, {"name": "RC0", "offset": "0x1c"}, {"name": "SR0", "offset": "0x20"}, {"name": "IER0", "offset": "0x24"}, {"name": "IDR0", "offset": "0x28"}, {"name": "IMR0", "offset": "0x2c"}, {"name": "CCR1", "offset": "0x40"}, {"name": "CMR1", "offset": "0x44"}, {"name": "CMR1_WAVE_EQ_1", "offset": "0x44"}, {"name": "SMMR1", "offset": "0x48"}, {"name": "CV1", "offset": "0x50"}, {"name": "RA1", "offset": "0x54"}, {"name": "RB1", "offset": "0x58"}, {"name": "RC1", "offset": "0x5c"}, {"name": "SR1", "offset": "0x60"}, {"name": "IER1", "offset": "0x64"}, {"name": "IDR1", "offset": "0x68"}, {"name": "IMR1", "offset": "0x6c"}, {"name": "CCR2", "offset": "0x80"}, {"name": "CMR2", "offset": "0x84"}, {"name": "CMR2_WAVE_EQ_1", "offset": "0x84"}, {"name": "SMMR2", "offset": "0x88"}, {"name": "CV2", "offset": "0x90"}, {"name": "RA2", "offset": "0x94"}, {"name": "RB2", "offset": "0x98"}, {"name": "RC2", "offset": "0x9c"}, {"name": "SR2", "offset": "0xa0"}, {"name": "IER2", "offset": "0xa4"}, {"name": "IDR2", "offset": "0xa8"}, {"name": "IMR2", "offset": "0xac"}, {"name": "BCR", "offset": "0xc0"}, {"name": "BMR", "offset": "0xc4"}, {"name": "QIER", "offset": "0xc8"}, {"name": "QIDR", "offset": "0xcc"}, {"name": "QIMR", "offset": "0xd0"}, {"name": "QISR", "offset": "0xd4"}, {"name": "FMR", "offset": "0xd8"}, {"name": "WPMR", "offset": "0xe4"}]}, {"name": "TWI0", "start": "0x4008c000", "end": "0x4008ffff", "size": "0x4000", "comment": "", "registers": [{"name": "CR", "offset": "0x0"}, {"name": "MMR", "offset": "0x4"}, {"name": "SMR", "offset": "0x8"}, {"name": "IADR", "offset": "0xc"}, {"name": "CWGR", "offset": "0x10"}, {"name": "SR", "offset": "0x20"}, {"name": "IER", "offset": "0x24"}, {"name": "IDR", "offset": "0x28"}, {"name": "IMR", "offset": "0x2c"}, {"name": "RHR", "offset": "0x30"}, {"name": "THR", "offset": "0x34"}, {"name": "RPR", "offset": "0x100"}, {"name": "RCR", "offset": "0x104"}, {"name": "TPR", "offset": "0x108"}, {"name": "TCR", "offset": "0x10c"}, {"name": "RNPR", "offset": "0x110"}, {"name": "RNCR", "offset": "0x114"}, {"name": "TNPR", "offset": "0x118"}, {"name": "TNCR", "offset": "0x11c"}, {"name": "PTCR", "offset": "0x120"}, {"name": "PTSR", "offset": "0x124"}]}, {"name": "TWI1", "start": "0x40090000", "end": "0x40093fff", "size": "0x4000", "comment": "", "registers": [{"name": "CR", "offset": "0x0"}, {"name": "MMR", "offset": "0x4"}, {"name": "SMR", "offset": "0x8"}, {"name": "IADR", "offset": "0xc"}, {"name": "CWGR", "offset": "0x10"}, {"name": "SR", "offset": "0x20"}, {"name": "IER", "offset": "0x24"}, {"name": "IDR", "offset": "0x28"}, {"name": "IMR", "offset": "0x2c"}, {"name": "RHR", "offset": "0x30"}, {"name": "THR", "offset": "0x34"}, {"name": "RPR", "offset": "0x100"}, {"name": "RCR", "offset": "0x104"}, {"name": "TPR", "offset": "0x108"}, {"name": "TCR", "offset": "0x10c"}, {"name": "RNPR", "offset": "0x110"}, {"name": "RNCR", "offset": "0x114"}, {"name": "TNPR", "offset": "0x118"}, {"name": "TNCR", "offset": "0x11c"}, {"name": "PTCR", "offset": "0x120"}, {"name": "PTSR", "offset": "0x124"}]}, {"name": "PWM", "start": "0x40094000", "end": "0x40097fff", "size": "0x4000", "comment": "", "registers": [{"name": "CLK", "offset": "0x0"}, {"name": "ENA", "offset": "0x4"}, {"name": "DIS", "offset": "0x8"}, {"name": "SR", "offset": "0xc"}, {"name": "IER1", "offset": "0x10"}, {"name": "IDR1", "offset": "0x14"}, {"name": "IMR1", "offset": "0x18"}, {"name": "ISR1", "offset": "0x1c"}, {"name": "SCM", "offset": "0x20"}, {"name": "SCUC", "offset": "0x28"}, {"name": "SCUP", "offset": "0x2c"}, {"name": "SCUPUPD", "offset": "0x30"}, {"name": "IER2", "offset": "0x34"}, {"name": "IDR2", "offset": "0x38"}, {"name": "IMR2", "offset": "0x3c"}, {"name": "ISR2", "offset": "0x40"}, {"name": "OOV", "offset": "0x44"}, {"name": "OS", "offset": "0x48"}, {"name": "OSS", "offset": "0x4c"}, {"name": "OSC", "offset": "0x50"}, {"name": "OSSUPD", "offset": "0x54"}, {"name": "OSCUPD", "offset": "0x58"}, {"name": "FMR", "offset": "0x5c"}, {"name": "FSR", "offset": "0x60"}, {"name": "FCR", "offset": "0x64"}, {"name": "FPV", "offset": "0x68"}, {"name": "FPE1", "offset": "0x6c"}, {"name": "FPE2", "offset": "0x70"}, {"name": "SMMR", "offset": "0xb0"}, {"name": "WPCR", "offset": "0xe4"}, {"name": "WPSR", "offset": "0xe8"}, {"name": "CMPV0", "offset": "0x130"}, {"name": "CMPVUPD0", "offset": "0x134"}, {"name": "CMPM0", "offset": "0x138"}, {"name": "CMPMUPD0", "offset": "0x13c"}, {"name": "CMPV1", "offset": "0x140"}, {"name": "CMPVUPD1", "offset": "0x144"}, {"name": "CMPM1", "offset": "0x148"}, {"name": "CMPMUPD1", "offset": "0x14c"}, {"name": "CMPV2", "offset": "0x150"}, {"name": "CMPVUPD2", "offset": "0x154"}, {"name": "CMPM2", "offset": "0x158"}, {"name": "CMPMUPD2", "offset": "0x15c"}, {"name": "CMPV3", "offset": "0x160"}, {"name": "CMPVUPD3", "offset": "0x164"}, {"name": "CMPM3", "offset": "0x168"}, {"name": "CMPMUPD3", "offset": "0x16c"}, {"name": "CMPV4", "offset": "0x170"}, {"name": "CMPVUPD4", "offset": "0x174"}, {"name": "CMPM4", "offset": "0x178"}, {"name": "CMPMUPD4", "offset": "0x17c"}, {"name": "CMPV5", "offset": "0x180"}, {"name": "CMPVUPD5", "offset": "0x184"}, {"name": "CMPM5", "offset": "0x188"}, {"name": "CMPMUPD5", "offset": "0x18c"}, {"name": "CMPV6", "offset": "0x190"}, {"name": "CMPVUPD6", "offset": "0x194"}, {"name": "CMPM6", "offset": "0x198"}, {"name": "CMPMUPD6", "offset": "0x19c"}, {"name": "CMPV7", "offset": "0x1a0"}, {"name": "CMPVUPD7", "offset": "0x1a4"}, {"name": "CMPM7", "offset": "0x1a8"}, {"name": "CMPMUPD7", "offset": "0x1ac"}, {"name": "CMR0", "offset": "0x200"}, {"name": "CDTY0", "offset": "0x204"}, {"name": "CDTYUPD0", "offset": "0x208"}, {"name": "CPRD0", "offset": "0x20c"}, {"name": "CPRDUPD0", "offset": "0x210"}, {"name": "CCNT0", "offset": "0x214"}, {"name": "DT0", "offset": "0x218"}, {"name": "DTUPD0", "offset": "0x21c"}, {"name": "CMR1", "offset": "0x220"}, {"name": "CDTY1", "offset": "0x224"}, {"name": "CDTYUPD1", "offset": "0x228"}, {"name": "CPRD1", "offset": "0x22c"}, {"name": "CPRDUPD1", "offset": "0x230"}, {"name": "CCNT1", "offset": "0x234"}, {"name": "DT1", "offset": "0x238"}, {"name": "DTUPD1", "offset": "0x23c"}, {"name": "CMR2", "offset": "0x240"}, {"name": "CDTY2", "offset": "0x244"}, {"name": "CDTYUPD2", "offset": "0x248"}, {"name": "CPRD2", "offset": "0x24c"}, {"name": "CPRDUPD2", "offset": "0x250"}, {"name": "CCNT2", "offset": "0x254"}, {"name": "DT2", "offset": "0x258"}, {"name": "DTUPD2", "offset": "0x25c"}, {"name": "CMR3", "offset": "0x260"}, {"name": "CDTY3", "offset": "0x264"}, {"name": "CDTYUPD3", "offset": "0x268"}, {"name": "CPRD3", "offset": "0x26c"}, {"name": "CPRDUPD3", "offset": "0x270"}, {"name": "CCNT3", "offset": "0x274"}, {"name": "DT3", "offset": "0x278"}, {"name": "DTUPD3", "offset": "0x27c"}, {"name": "CMR4", "offset": "0x280"}, {"name": "CDTY4", "offset": "0x284"}, {"name": "CDTYUPD4", "offset": "0x288"}, {"name": "CPRD4", "offset": "0x28c"}, {"name": "CPRDUPD4", "offset": "0x290"}, {"name": "CCNT4", "offset": "0x294"}, {"name": "DT4", "offset": "0x298"}, {"name": "DTUPD4", "offset": "0x29c"}, {"name": "CMR5", "offset": "0x2a0"}, {"name": "CDTY5", "offset": "0x2a4"}, {"name": "CDTYUPD5", "offset": "0x2a8"}, {"name": "CPRD5", "offset": "0x2ac"}, {"name": "CPRDUPD5", "offset": "0x2b0"}, {"name": "CCNT5", "offset": "0x2b4"}, {"name": "DT5", "offset": "0x2b8"}, {"name": "DTUPD5", "offset": "0x2bc"}, {"name": "CMR6", "offset": "0x2c0"}, {"name": "CDTY6", "offset": "0x2c4"}, {"name": "CDTYUPD6", "offset": "0x2c8"}, {"name": "CPRD6", "offset": "0x2cc"}, {"name": "CPRDUPD6", "offset": "0x2d0"}, {"name": "CCNT6", "offset": "0x2d4"}, {"name": "DT6", "offset": "0x2d8"}, {"name": "DTUPD6", "offset": "0x2dc"}, {"name": "CMR7", "offset": "0x2e0"}, {"name": "CDTY7", "offset": "0x2e4"}, {"name": "CDTYUPD7", "offset": "0x2e8"}, {"name": "CPRD7", "offset": "0x2ec"}, {"name": "CPRDUPD7", "offset": "0x2f0"}, {"name": "CCNT7", "offset": "0x2f4"}, {"name": "DT7", "offset": "0x2f8"}, {"name": "DTUPD7", "offset": "0x2fc"}, {"name": "TPR", "offset": "0x108"}, {"name": "TCR", "offset": "0x10c"}, {"name": "TNPR", "offset": "0x118"}, {"name": "TNCR", "offset": "0x11c"}, {"name": "PTCR", "offset": "0x120"}, {"name": "PTSR", "offset": "0x124"}, {"name": "ELMR[0]", "offset": "0x7c"}, {"name": "ELMR[1]", "offset": "0x80"}]}, {"name": "USART0", "start": "0x40098000", "end": "0x4009bfff", "size": "0x4000", "comment": "", "registers": [{"name": "CR", "offset": "0x0"}, {"name": "CR_SPI_MODE", "offset": "0x0"}, {"name": "MR", "offset": "0x4"}, {"name": "MR_SPI_MODE", "offset": "0x4"}, {"name": "IER", "offset": "0x8"}, {"name": "IER_SPI_MODE", "offset": "0x8"}, {"name": "IER_LIN_MODE", "offset": "0x8"}, {"name": "IDR", "offset": "0xc"}, {"name": "IDR_SPI_MODE", "offset": "0xc"}, {"name": "IDR_LIN_MODE", "offset": "0xc"}, {"name": "IMR", "offset": "0x10"}, {"name": "IMR_SPI_MODE", "offset": "0x10"}, {"name": "IMR_LIN_MODE", "offset": "0x10"}, {"name": "CSR", "offset": "0x14"}, {"name": "CSR_SPI_MODE", "offset": "0x14"}, {"name": "CSR_LIN_MODE", "offset": "0x14"}, {"name": "RHR", "offset": "0x18"}, {"name": "THR", "offset": "0x1c"}, {"name": "BRGR", "offset": "0x20"}, {"name": "RTOR", "offset": "0x24"}, {"name": "TTGR", "offset": "0x28"}, {"name": "FIDI", "offset": "0x40"}, {"name": "NER", "offset": "0x44"}, {"name": "IF", "offset": "0x4c"}, {"name": "MAN", "offset": "0x50"}, {"name": "LINMR", "offset": "0x54"}, {"name": "LINIR", "offset": "0x58"}, {"name": "LINBRR", "offset": "0x5c"}, {"name": "WPMR", "offset": "0xe4"}, {"name": "WPSR", "offset": "0xe8"}, {"name": "RPR", "offset": "0x100"}, {"name": "RCR", "offset": "0x104"}, {"name": "TPR", "offset": "0x108"}, {"name": "TCR", "offset": "0x10c"}, {"name": "RNPR", "offset": "0x110"}, {"name": "RNCR", "offset": "0x114"}, {"name": "TNPR", "offset": "0x118"}, {"name": "TNCR", "offset": "0x11c"}, {"name": "PTCR", "offset": "0x120"}, {"name": "PTSR", "offset": "0x124"}]}, {"name": "USART1", "start": "0x4009c000", "end": "0x4009ffff", "size": "0x4000", "comment": "", "registers": [{"name": "CR", "offset": "0x0"}, {"name": "CR_SPI_MODE", "offset": "0x0"}, {"name": "MR", "offset": "0x4"}, {"name": "MR_SPI_MODE", "offset": "0x4"}, {"name": "IER", "offset": "0x8"}, {"name": "IER_SPI_MODE", "offset": "0x8"}, {"name": "IER_LIN_MODE", "offset": "0x8"}, {"name": "IDR", "offset": "0xc"}, {"name": "IDR_SPI_MODE", "offset": "0xc"}, {"name": "IDR_LIN_MODE", "offset": "0xc"}, {"name": "IMR", "offset": "0x10"}, {"name": "IMR_SPI_MODE", "offset": "0x10"}, {"name": "IMR_LIN_MODE", "offset": "0x10"}, {"name": "CSR", "offset": "0x14"}, {"name": "CSR_SPI_MODE", "offset": "0x14"}, {"name": "CSR_LIN_MODE", "offset": "0x14"}, {"name": "RHR", "offset": "0x18"}, {"name": "THR", "offset": "0x1c"}, {"name": "BRGR", "offset": "0x20"}, {"name": "RTOR", "offset": "0x24"}, {"name": "TTGR", "offset": "0x28"}, {"name": "FIDI", "offset": "0x40"}, {"name": "NER", "offset": "0x44"}, {"name": "IF", "offset": "0x4c"}, {"name": "MAN", "offset": "0x50"}, {"name": "LINMR", "offset": "0x54"}, {"name": "LINIR", "offset": "0x58"}, {"name": "LINBRR", "offset": "0x5c"}, {"name": "WPMR", "offset": "0xe4"}, {"name": "WPSR", "offset": "0xe8"}, {"name": "RPR", "offset": "0x100"}, {"name": "RCR", "offset": "0x104"}, {"name": "TPR", "offset": "0x108"}, {"name": "TCR", "offset": "0x10c"}, {"name": "RNPR", "offset": "0x110"}, {"name": "RNCR", "offset": "0x114"}, {"name": "TNPR", "offset": "0x118"}, {"name": "TNCR", "offset": "0x11c"}, {"name": "PTCR", "offset": "0x120"}, {"name": "PTSR", "offset": "0x124"}]}, {"name": "USART2", "start": "0x400a0000", "end": "0x400a3fff", "size": "0x4000", "comment": "", "registers": [{"name": "CR", "offset": "0x0"}, {"name": "CR_SPI_MODE", "offset": "0x0"}, {"name": "MR", "offset": "0x4"}, {"name": "MR_SPI_MODE", "offset": "0x4"}, {"name": "IER", "offset": "0x8"}, {"name": "IER_SPI_MODE", "offset": "0x8"}, {"name": "IER_LIN_MODE", "offset": "0x8"}, {"name": "IDR", "offset": "0xc"}, {"name": "IDR_SPI_MODE", "offset": "0xc"}, {"name": "IDR_LIN_MODE", "offset": "0xc"}, {"name": "IMR", "offset": "0x10"}, {"name": "IMR_SPI_MODE", "offset": "0x10"}, {"name": "IMR_LIN_MODE", "offset": "0x10"}, {"name": "CSR", "offset": "0x14"}, {"name": "CSR_SPI_MODE", "offset": "0x14"}, {"name": "CSR_LIN_MODE", "offset": "0x14"}, {"name": "RHR", "offset": "0x18"}, {"name": "THR", "offset": "0x1c"}, {"name": "BRGR", "offset": "0x20"}, {"name": "RTOR", "offset": "0x24"}, {"name": "TTGR", "offset": "0x28"}, {"name": "FIDI", "offset": "0x40"}, {"name": "NER", "offset": "0x44"}, {"name": "IF", "offset": "0x4c"}, {"name": "MAN", "offset": "0x50"}, {"name": "LINMR", "offset": "0x54"}, {"name": "LINIR", "offset": "0x58"}, {"name": "LINBRR", "offset": "0x5c"}, {"name": "WPMR", "offset": "0xe4"}, {"name": "WPSR", "offset": "0xe8"}, {"name": "RPR", "offset": "0x100"}, {"name": "RCR", "offset": "0x104"}, {"name": "TPR", "offset": "0x108"}, {"name": "TCR", "offset": "0x10c"}, {"name": "RNPR", "offset": "0x110"}, {"name": "RNCR", "offset": "0x114"}, {"name": "TNPR", "offset": "0x118"}, {"name": "TNCR", "offset": "0x11c"}, {"name": "PTCR", "offset": "0x120"}, {"name": "PTSR", "offset": "0x124"}]}, {"name": "UOTGHS", "start": "0x400ac000", "end": "0x400affff", "size": "0x4000", "comment": "", "registers": [{"name": "DEVCTRL", "offset": "0x0"}, {"name": "DEVISR", "offset": "0x4"}, {"name": "DEVICR", "offset": "0x8"}, {"name": "DEVIFR", "offset": "0xc"}, {"name": "DEVIMR", "offset": "0x10"}, {"name": "DEVIDR", "offset": "0x14"}, {"name": "DEVIER", "offset": "0x18"}, {"name": "DEVEPT", "offset": "0x1c"}, {"name": "DEVFNUM", "offset": "0x20"}, {"name": "DEVEPTISR0_ISOENPT", "offset": "0x130"}, {"name": "DEVEPTICR0_ISOENPT", "offset": "0x160"}, {"name": "DEVEPTIFR0_ISOENPT", "offset": "0x190"}, {"name": "DEVEPTIMR0_ISOENPT", "offset": "0x1c0"}, {"name": "DEVEPTIER0_ISOENPT", "offset": "0x1f0"}, {"name": "DEVEPTIDR0_ISOENPT", "offset": "0x220"}, {"name": "DEVDMANXTDSC1", "offset": "0x310"}, {"name": "DEVDMAADDRESS1", "offset": "0x314"}, {"name": "DEVDMACONTROL1", "offset": "0x318"}, {"name": "DEVDMASTATUS1", "offset": "0x31c"}, {"name": "DEVDMANXTDSC2", "offset": "0x320"}, {"name": "DEVDMAADDRESS2", "offset": "0x324"}, {"name": "DEVDMACONTROL2", "offset": "0x328"}, {"name": "DEVDMASTATUS2", "offset": "0x32c"}, {"name": "DEVDMANXTDSC3", "offset": "0x330"}, {"name": "DEVDMAADDRESS3", "offset": "0x334"}, {"name": "DEVDMACONTROL3", "offset": "0x338"}, {"name": "DEVDMASTATUS3", "offset": "0x33c"}, {"name": "DEVDMANXTDSC4", "offset": "0x340"}, {"name": "DEVDMAADDRESS4", "offset": "0x344"}, {"name": "DEVDMACONTROL4", "offset": "0x348"}, {"name": "DEVDMASTATUS4", "offset": "0x34c"}, {"name": "DEVDMANXTDSC5", "offset": "0x350"}, {"name": "DEVDMAADDRESS5", "offset": "0x354"}, {"name": "DEVDMACONTROL5", "offset": "0x358"}, {"name": "DEVDMASTATUS5", "offset": "0x35c"}, {"name": "DEVDMANXTDSC6", "offset": "0x360"}, {"name": "DEVDMAADDRESS6", "offset": "0x364"}, {"name": "DEVDMACONTROL6", "offset": "0x368"}, {"name": "DEVDMASTATUS6", "offset": "0x36c"}, {"name": "DEVDMANXTDSC7", "offset": "0x370"}, {"name": "DEVDMAADDRESS7", "offset": "0x374"}, {"name": "DEVDMACONTROL7", "offset": "0x378"}, {"name": "DEVDMASTATUS7", "offset": "0x37c"}, {"name": "HSTCTRL", "offset": "0x400"}, {"name": "HSTISR", "offset": "0x404"}, {"name": "HSTICR", "offset": "0x408"}, {"name": "HSTIFR", "offset": "0x40c"}, {"name": "HSTIMR", "offset": "0x410"}, {"name": "HSTIDR", "offset": "0x414"}, {"name": "HSTIER", "offset": "0x418"}, {"name": "HSTPIP", "offset": "0x41c"}, {"name": "HSTFNUM", "offset": "0x420"}, {"name": "HSTADDR1", "offset": "0x424"}, {"name": "HSTADDR2", "offset": "0x428"}, {"name": "HSTADDR3", "offset": "0x42c"}, {"name": "HSTPIPCFG0_HSBOHSCP", "offset": "0x500"}, {"name": "HSTPIPISR0_INTPIPES", "offset": "0x530"}, {"name": "HSTPIPISR0_ISOPIPES", "offset": "0x530"}, {"name": "HSTPIPICR0_INTPIPES", "offset": "0x560"}, {"name": "HSTPIPICR0_ISOPIPES", "offset": "0x560"}, {"name": "HSTPIPIFR0_INTPIPES", "offset": "0x590"}, {"name": "HSTPIPIFR0_ISOPIPES", "offset": "0x590"}, {"name": "HSTPIPIMR0_INTPIPES", "offset": "0x5c0"}, {"name": "HSTPIPIMR0_ISOPIPES", "offset": "0x5c0"}, {"name": "HSTPIPIER0_INTPIPES", "offset": "0x5f0"}, {"name": "HSTPIPIER0_ISOPIPES", "offset": "0x5f0"}, {"name": "HSTPIPIDR0_INTPIPES", "offset": "0x620"}, {"name": "HSTPIPIDR0_ISOPIPES", "offset": "0x620"}, {"name": "HSTDMANXTDSC1", "offset": "0x710"}, {"name": "HSTDMAADDRESS1", "offset": "0x714"}, {"name": "HSTDMACONTROL1", "offset": "0x718"}, {"name": "HSTDMASTATUS1", "offset": "0x71c"}, {"name": "HSTDMANXTDSC2", "offset": "0x720"}, {"name": "HSTDMAADDRESS2", "offset": "0x724"}, {"name": "HSTDMACONTROL2", "offset": "0x728"}, {"name": "HSTDMASTATUS2", "offset": "0x72c"}, {"name": "HSTDMANXTDSC3", "offset": "0x730"}, {"name": "HSTDMAADDRESS3", "offset": "0x734"}, {"name": "HSTDMACONTROL3", "offset": "0x738"}, {"name": "HSTDMASTATUS3", "offset": "0x73c"}, {"name": "HSTDMANXTDSC4", "offset": "0x740"}, {"name": "HSTDMAADDRESS4", "offset": "0x744"}, {"name": "HSTDMACONTROL4", "offset": "0x748"}, {"name": "HSTDMASTATUS4", "offset": "0x74c"}, {"name": "HSTDMANXTDSC5", "offset": "0x750"}, {"name": "HSTDMAADDRESS5", "offset": "0x754"}, {"name": "HSTDMACONTROL5", "offset": "0x758"}, {"name": "HSTDMASTATUS5", "offset": "0x75c"}, {"name": "HSTDMANXTDSC6", "offset": "0x760"}, {"name": "HSTDMAADDRESS6", "offset": "0x764"}, {"name": "HSTDMACONTROL6", "offset": "0x768"}, {"name": "HSTDMASTATUS6", "offset": "0x76c"}, {"name": "HSTDMANXTDSC7", "offset": "0x770"}, {"name": "HSTDMAADDRESS7", "offset": "0x774"}, {"name": "HSTDMACONTROL7", "offset": "0x778"}, {"name": "HSTDMASTATUS7", "offset": "0x77c"}, {"name": "CTRL", "offset": "0x800"}, {"name": "SR", "offset": "0x804"}, {"name": "SCR", "offset": "0x808"}, {"name": "SFR", "offset": "0x80c"}, {"name": "FSM", "offset": "0x82c"}, {"name": "DEVEPTCFG[0]", "offset": "0x100"}, {"name": "DEVEPTCFG[1]", "offset": "0x104"}, {"name": "DEVEPTCFG[2]", "offset": "0x108"}, {"name": "DEVEPTCFG[3]", "offset": "0x10c"}, {"name": "DEVEPTCFG[4]", "offset": "0x110"}, {"name": "DEVEPTCFG[5]", "offset": "0x114"}, {"name": "DEVEPTCFG[6]", "offset": "0x118"}, {"name": "DEVEPTCFG[7]", "offset": "0x11c"}, {"name": "DEVEPTCFG[8]", "offset": "0x120"}, {"name": "DEVEPTCFG[9]", "offset": "0x124"}, {"name": "DEVEPTISR[0]", "offset": "0x130"}, {"name": "DEVEPTISR[1]", "offset": "0x134"}, {"name": "DEVEPTISR[2]", "offset": "0x138"}, {"name": "DEVEPTISR[3]", "offset": "0x13c"}, {"name": "DEVEPTISR[4]", "offset": "0x140"}, {"name": "DEVEPTISR[5]", "offset": "0x144"}, {"name": "DEVEPTISR[6]", "offset": "0x148"}, {"name": "DEVEPTISR[7]", "offset": "0x14c"}, {"name": "DEVEPTISR[8]", "offset": "0x150"}, {"name": "DEVEPTISR[9]", "offset": "0x154"}, {"name": "DEVEPTICR[0]", "offset": "0x160"}, {"name": "DEVEPTICR[1]", "offset": "0x164"}, {"name": "DEVEPTICR[2]", "offset": "0x168"}, {"name": "DEVEPTICR[3]", "offset": "0x16c"}, {"name": "DEVEPTICR[4]", "offset": "0x170"}, {"name": "DEVEPTICR[5]", "offset": "0x174"}, {"name": "DEVEPTICR[6]", "offset": "0x178"}, {"name": "DEVEPTICR[7]", "offset": "0x17c"}, {"name": "DEVEPTICR[8]", "offset": "0x180"}, {"name": "DEVEPTICR[9]", "offset": "0x184"}, {"name": "DEVEPTIFR[0]", "offset": "0x190"}, {"name": "DEVEPTIFR[1]", "offset": "0x194"}, {"name": "DEVEPTIFR[2]", "offset": "0x198"}, {"name": "DEVEPTIFR[3]", "offset": "0x19c"}, {"name": "DEVEPTIFR[4]", "offset": "0x1a0"}, {"name": "DEVEPTIFR[5]", "offset": "0x1a4"}, {"name": "DEVEPTIFR[6]", "offset": "0x1a8"}, {"name": "DEVEPTIFR[7]", "offset": "0x1ac"}, {"name": "DEVEPTIFR[8]", "offset": "0x1b0"}, {"name": "DEVEPTIFR[9]", "offset": "0x1b4"}, {"name": "DEVEPTIMR[0]", "offset": "0x1c0"}, {"name": "DEVEPTIMR[1]", "offset": "0x1c4"}, {"name": "DEVEPTIMR[2]", "offset": "0x1c8"}, {"name": "DEVEPTIMR[3]", "offset": "0x1cc"}, {"name": "DEVEPTIMR[4]", "offset": "0x1d0"}, {"name": "DEVEPTIMR[5]", "offset": "0x1d4"}, {"name": "DEVEPTIMR[6]", "offset": "0x1d8"}, {"name": "DEVEPTIMR[7]", "offset": "0x1dc"}, {"name": "DEVEPTIMR[8]", "offset": "0x1e0"}, {"name": "DEVEPTIMR[9]", "offset": "0x1e4"}, {"name": "DEVEPTIER[0]", "offset": "0x1f0"}, {"name": "DEVEPTIER[1]", "offset": "0x1f4"}, {"name": "DEVEPTIER[2]", "offset": "0x1f8"}, {"name": "DEVEPTIER[3]", "offset": "0x1fc"}, {"name": "DEVEPTIER[4]", "offset": "0x200"}, {"name": "DEVEPTIER[5]", "offset": "0x204"}, {"name": "DEVEPTIER[6]", "offset": "0x208"}, {"name": "DEVEPTIER[7]", "offset": "0x20c"}, {"name": "DEVEPTIER[8]", "offset": "0x210"}, {"name": "DEVEPTIER[9]", "offset": "0x214"}, {"name": "DEVEPTIDR[0]", "offset": "0x220"}, {"name": "DEVEPTIDR[1]", "offset": "0x224"}, {"name": "DEVEPTIDR[2]", "offset": "0x228"}, {"name": "DEVEPTIDR[3]", "offset": "0x22c"}, {"name": "DEVEPTIDR[4]", "offset": "0x230"}, {"name": "DEVEPTIDR[5]", "offset": "0x234"}, {"name": "DEVEPTIDR[6]", "offset": "0x238"}, {"name": "DEVEPTIDR[7]", "offset": "0x23c"}, {"name": "DEVEPTIDR[8]", "offset": "0x240"}, {"name": "DEVEPTIDR[9]", "offset": "0x244"}, {"name": "HSTPIPCFG[0]", "offset": "0x500"}, {"name": "HSTPIPCFG[1]", "offset": "0x504"}, {"name": "HSTPIPCFG[2]", "offset": "0x508"}, {"name": "HSTPIPCFG[3]", "offset": "0x50c"}, {"name": "HSTPIPCFG[4]", "offset": "0x510"}, {"name": "HSTPIPCFG[5]", "offset": "0x514"}, {"name": "HSTPIPCFG[6]", "offset": "0x518"}, {"name": "HSTPIPCFG[7]", "offset": "0x51c"}, {"name": "HSTPIPCFG[8]", "offset": "0x520"}, {"name": "HSTPIPCFG[9]", "offset": "0x524"}, {"name": "HSTPIPISR[0]", "offset": "0x530"}, {"name": "HSTPIPISR[1]", "offset": "0x534"}, {"name": "HSTPIPISR[2]", "offset": "0x538"}, {"name": "HSTPIPISR[3]", "offset": "0x53c"}, {"name": "HSTPIPISR[4]", "offset": "0x540"}, {"name": "HSTPIPISR[5]", "offset": "0x544"}, {"name": "HSTPIPISR[6]", "offset": "0x548"}, {"name": "HSTPIPISR[7]", "offset": "0x54c"}, {"name": "HSTPIPISR[8]", "offset": "0x550"}, {"name": "HSTPIPISR[9]", "offset": "0x554"}, {"name": "HSTPIPICR[0]", "offset": "0x560"}, {"name": "HSTPIPICR[1]", "offset": "0x564"}, {"name": "HSTPIPICR[2]", "offset": "0x568"}, {"name": "HSTPIPICR[3]", "offset": "0x56c"}, {"name": "HSTPIPICR[4]", "offset": "0x570"}, {"name": "HSTPIPICR[5]", "offset": "0x574"}, {"name": "HSTPIPICR[6]", "offset": "0x578"}, {"name": "HSTPIPICR[7]", "offset": "0x57c"}, {"name": "HSTPIPICR[8]", "offset": "0x580"}, {"name": "HSTPIPICR[9]", "offset": "0x584"}, {"name": "HSTPIPIFR[0]", "offset": "0x590"}, {"name": "HSTPIPIFR[1]", "offset": "0x594"}, {"name": "HSTPIPIFR[2]", "offset": "0x598"}, {"name": "HSTPIPIFR[3]", "offset": "0x59c"}, {"name": "HSTPIPIFR[4]", "offset": "0x5a0"}, {"name": "HSTPIPIFR[5]", "offset": "0x5a4"}, {"name": "HSTPIPIFR[6]", "offset": "0x5a8"}, {"name": "HSTPIPIFR[7]", "offset": "0x5ac"}, {"name": "HSTPIPIFR[8]", "offset": "0x5b0"}, {"name": "HSTPIPIFR[9]", "offset": "0x5b4"}, {"name": "HSTPIPIMR[0]", "offset": "0x5c0"}, {"name": "HSTPIPIMR[1]", "offset": "0x5c4"}, {"name": "HSTPIPIMR[2]", "offset": "0x5c8"}, {"name": "HSTPIPIMR[3]", "offset": "0x5cc"}, {"name": "HSTPIPIMR[4]", "offset": "0x5d0"}, {"name": "HSTPIPIMR[5]", "offset": "0x5d4"}, {"name": "HSTPIPIMR[6]", "offset": "0x5d8"}, {"name": "HSTPIPIMR[7]", "offset": "0x5dc"}, {"name": "HSTPIPIMR[8]", "offset": "0x5e0"}, {"name": "HSTPIPIMR[9]", "offset": "0x5e4"}, {"name": "HSTPIPIER[0]", "offset": "0x5f0"}, {"name": "HSTPIPIER[1]", "offset": "0x5f4"}, {"name": "HSTPIPIER[2]", "offset": "0x5f8"}, {"name": "HSTPIPIER[3]", "offset": "0x5fc"}, {"name": "HSTPIPIER[4]", "offset": "0x600"}, {"name": "HSTPIPIER[5]", "offset": "0x604"}, {"name": "HSTPIPIER[6]", "offset": "0x608"}, {"name": "HSTPIPIER[7]", "offset": "0x60c"}, {"name": "HSTPIPIER[8]", "offset": "0x610"}, {"name": "HSTPIPIER[9]", "offset": "0x614"}, {"name": "HSTPIPIDR[0]", "offset": "0x620"}, {"name": "HSTPIPIDR[1]", "offset": "0x624"}, {"name": "HSTPIPIDR[2]", "offset": "0x628"}, {"name": "HSTPIPIDR[3]", "offset": "0x62c"}, {"name": "HSTPIPIDR[4]", "offset": "0x630"}, {"name": "HSTPIPIDR[5]", "offset": "0x634"}, {"name": "HSTPIPIDR[6]", "offset": "0x638"}, {"name": "HSTPIPIDR[7]", "offset": "0x63c"}, {"name": "HSTPIPIDR[8]", "offset": "0x640"}, {"name": "HSTPIPIDR[9]", "offset": "0x644"}, {"name": "HSTPIPINRQ[0]", "offset": "0x650"}, {"name": "HSTPIPINRQ[1]", "offset": "0x654"}, {"name": "HSTPIPINRQ[2]", "offset": "0x658"}, {"name": "HSTPIPINRQ[3]", "offset": "0x65c"}, {"name": "HSTPIPINRQ[4]", "offset": "0x660"}, {"name": "HSTPIPINRQ[5]", "offset": "0x664"}, {"name": "HSTPIPINRQ[6]", "offset": "0x668"}, {"name": "HSTPIPINRQ[7]", "offset": "0x66c"}, {"name": "HSTPIPINRQ[8]", "offset": "0x670"}, {"name": "HSTPIPINRQ[9]", "offset": "0x674"}, {"name": "HSTPIPERR[0]", "offset": "0x680"}, {"name": "HSTPIPERR[1]", "offset": "0x684"}, {"name": "HSTPIPERR[2]", "offset": "0x688"}, {"name": "HSTPIPERR[3]", "offset": "0x68c"}, {"name": "HSTPIPERR[4]", "offset": "0x690"}, {"name": "HSTPIPERR[5]", "offset": "0x694"}, {"name": "HSTPIPERR[6]", "offset": "0x698"}, {"name": "HSTPIPERR[7]", "offset": "0x69c"}, {"name": "HSTPIPERR[8]", "offset": "0x6a0"}, {"name": "HSTPIPERR[9]", "offset": "0x6a4"}]}, {"name": "CAN0", "start": "0x400b4000", "end": "0x400b7fff", "size": "0x4000", "comment": "", "registers": [{"name": "MR", "offset": "0x0"}, {"name": "IER", "offset": "0x4"}, {"name": "IDR", "offset": "0x8"}, {"name": "IMR", "offset": "0xc"}, {"name": "SR", "offset": "0x10"}, {"name": "BR", "offset": "0x14"}, {"name": "TIM", "offset": "0x18"}, {"name": "TIMESTP", "offset": "0x1c"}, {"name": "ECR", "offset": "0x20"}, {"name": "TCR", "offset": "0x24"}, {"name": "ACR", "offset": "0x28"}, {"name": "WPMR", "offset": "0xe4"}, {"name": "WPSR", "offset": "0xe8"}, {"name": "MMR0", "offset": "0x200"}, {"name": "MAM0", "offset": "0x204"}, {"name": "MID0", "offset": "0x208"}, {"name": "MFID0", "offset": "0x20c"}, {"name": "MSR0", "offset": "0x210"}, {"name": "MDL0", "offset": "0x214"}, {"name": "MDH0", "offset": "0x218"}, {"name": "MCR0", "offset": "0x21c"}, {"name": "MMR1", "offset": "0x220"}, {"name": "MAM1", "offset": "0x224"}, {"name": "MID1", "offset": "0x228"}, {"name": "MFID1", "offset": "0x22c"}, {"name": "MSR1", "offset": "0x230"}, {"name": "MDL1", "offset": "0x234"}, {"name": "MDH1", "offset": "0x238"}, {"name": "MCR1", "offset": "0x23c"}, {"name": "MMR2", "offset": "0x240"}, {"name": "MAM2", "offset": "0x244"}, {"name": "MID2", "offset": "0x248"}, {"name": "MFID2", "offset": "0x24c"}, {"name": "MSR2", "offset": "0x250"}, {"name": "MDL2", "offset": "0x254"}, {"name": "MDH2", "offset": "0x258"}, {"name": "MCR2", "offset": "0x25c"}, {"name": "MMR3", "offset": "0x260"}, {"name": "MAM3", "offset": "0x264"}, {"name": "MID3", "offset": "0x268"}, {"name": "MFID3", "offset": "0x26c"}, {"name": "MSR3", "offset": "0x270"}, {"name": "MDL3", "offset": "0x274"}, {"name": "MDH3", "offset": "0x278"}, {"name": "MCR3", "offset": "0x27c"}, {"name": "MMR4", "offset": "0x280"}, {"name": "MAM4", "offset": "0x284"}, {"name": "MID4", "offset": "0x288"}, {"name": "MFID4", "offset": "0x28c"}, {"name": "MSR4", "offset": "0x290"}, {"name": "MDL4", "offset": "0x294"}, {"name": "MDH4", "offset": "0x298"}, {"name": "MCR4", "offset": "0x29c"}, {"name": "MMR5", "offset": "0x2a0"}, {"name": "MAM5", "offset": "0x2a4"}, {"name": "MID5", "offset": "0x2a8"}, {"name": "MFID5", "offset": "0x2ac"}, {"name": "MSR5", "offset": "0x2b0"}, {"name": "MDL5", "offset": "0x2b4"}, {"name": "MDH5", "offset": "0x2b8"}, {"name": "MCR5", "offset": "0x2bc"}, {"name": "MMR6", "offset": "0x2c0"}, {"name": "MAM6", "offset": "0x2c4"}, {"name": "MID6", "offset": "0x2c8"}, {"name": "MFID6", "offset": "0x2cc"}, {"name": "MSR6", "offset": "0x2d0"}, {"name": "MDL6", "offset": "0x2d4"}, {"name": "MDH6", "offset": "0x2d8"}, {"name": "MCR6", "offset": "0x2dc"}, {"name": "MMR7", "offset": "0x2e0"}, {"name": "MAM7", "offset": "0x2e4"}, {"name": "MID7", "offset": "0x2e8"}, {"name": "MFID7", "offset": "0x2ec"}, {"name": "MSR7", "offset": "0x2f0"}, {"name": "MDL7", "offset": "0x2f4"}, {"name": "MDH7", "offset": "0x2f8"}, {"name": "MCR7", "offset": "0x2fc"}]}, {"name": "CAN1", "start": "0x400b8000", "end": "0x400bbfff", "size": "0x4000", "comment": "", "registers": [{"name": "MR", "offset": "0x0"}, {"name": "IER", "offset": "0x4"}, {"name": "IDR", "offset": "0x8"}, {"name": "IMR", "offset": "0xc"}, {"name": "SR", "offset": "0x10"}, {"name": "BR", "offset": "0x14"}, {"name": "TIM", "offset": "0x18"}, {"name": "TIMESTP", "offset": "0x1c"}, {"name": "ECR", "offset": "0x20"}, {"name": "TCR", "offset": "0x24"}, {"name": "ACR", "offset": "0x28"}, {"name": "WPMR", "offset": "0xe4"}, {"name": "WPSR", "offset": "0xe8"}, {"name": "MMR0", "offset": "0x200"}, {"name": "MAM0", "offset": "0x204"}, {"name": "MID0", "offset": "0x208"}, {"name": "MFID0", "offset": "0x20c"}, {"name": "MSR0", "offset": "0x210"}, {"name": "MDL0", "offset": "0x214"}, {"name": "MDH0", "offset": "0x218"}, {"name": "MCR0", "offset": "0x21c"}, {"name": "MMR1", "offset": "0x220"}, {"name": "MAM1", "offset": "0x224"}, {"name": "MID1", "offset": "0x228"}, {"name": "MFID1", "offset": "0x22c"}, {"name": "MSR1", "offset": "0x230"}, {"name": "MDL1", "offset": "0x234"}, {"name": "MDH1", "offset": "0x238"}, {"name": "MCR1", "offset": "0x23c"}, {"name": "MMR2", "offset": "0x240"}, {"name": "MAM2", "offset": "0x244"}, {"name": "MID2", "offset": "0x248"}, {"name": "MFID2", "offset": "0x24c"}, {"name": "MSR2", "offset": "0x250"}, {"name": "MDL2", "offset": "0x254"}, {"name": "MDH2", "offset": "0x258"}, {"name": "MCR2", "offset": "0x25c"}, {"name": "MMR3", "offset": "0x260"}, {"name": "MAM3", "offset": "0x264"}, {"name": "MID3", "offset": "0x268"}, {"name": "MFID3", "offset": "0x26c"}, {"name": "MSR3", "offset": "0x270"}, {"name": "MDL3", "offset": "0x274"}, {"name": "MDH3", "offset": "0x278"}, {"name": "MCR3", "offset": "0x27c"}, {"name": "MMR4", "offset": "0x280"}, {"name": "MAM4", "offset": "0x284"}, {"name": "MID4", "offset": "0x288"}, {"name": "MFID4", "offset": "0x28c"}, {"name": "MSR4", "offset": "0x290"}, {"name": "MDL4", "offset": "0x294"}, {"name": "MDH4", "offset": "0x298"}, {"name": "MCR4", "offset": "0x29c"}, {"name": "MMR5", "offset": "0x2a0"}, {"name": "MAM5", "offset": "0x2a4"}, {"name": "MID5", "offset": "0x2a8"}, {"name": "MFID5", "offset": "0x2ac"}, {"name": "MSR5", "offset": "0x2b0"}, {"name": "MDL5", "offset": "0x2b4"}, {"name": "MDH5", "offset": "0x2b8"}, {"name": "MCR5", "offset": "0x2bc"}, {"name": "MMR6", "offset": "0x2c0"}, {"name": "MAM6", "offset": "0x2c4"}, {"name": "MID6", "offset": "0x2c8"}, {"name": "MFID6", "offset": "0x2cc"}, {"name": "MSR6", "offset": "0x2d0"}, {"name": "MDL6", "offset": "0x2d4"}, {"name": "MDH6", "offset": "0x2d8"}, {"name": "MCR6", "offset": "0x2dc"}, {"name": "MMR7", "offset": "0x2e0"}, {"name": "MAM7", "offset": "0x2e4"}, {"name": "MID7", "offset": "0x2e8"}, {"name": "MFID7", "offset": "0x2ec"}, {"name": "MSR7", "offset": "0x2f0"}, {"name": "MDL7", "offset": "0x2f4"}, {"name": "MDH7", "offset": "0x2f8"}, {"name": "MCR7", "offset": "0x2fc"}]}, {"name": "TRNG", "start": "0x400bc000", "end": "0x400bffff", "size": "0x4000", "comment": "", "registers": [{"name": "CR", "offset": "0x0"}, {"name": "IER", "offset": "0x10"}, {"name": "IDR", "offset": "0x14"}, {"name": "IMR", "offset": "0x18"}, {"name": "ISR", "offset": "0x1c"}, {"name": "ODATA", "offset": "0x50"}]}, {"name": "ADC", "start": "0x400c0000", "end": "0x400c3fff", "size": "0x4000", "comment": "", "registers": [{"name": "CR", "offset": "0x0"}, {"name": "MR", "offset": "0x4"}, {"name": "SEQR1", "offset": "0x8"}, {"name": "SEQR2", "offset": "0xc"}, {"name": "CHER", "offset": "0x10"}, {"name": "CHDR", "offset": "0x14"}, {"name": "CHSR", "offset": "0x18"}, {"name": "LCDR", "offset": "0x20"}, {"name": "IER", "offset": "0x24"}, {"name": "IDR", "offset": "0x28"}, {"name": "IMR", "offset": "0x2c"}, {"name": "ISR", "offset": "0x30"}, {"name": "OVER", "offset": "0x3c"}, {"name": "EMR", "offset": "0x40"}, {"name": "CWR", "offset": "0x44"}, {"name": "CGR", "offset": "0x48"}, {"name": "COR", "offset": "0x4c"}, {"name": "ACR", "offset": "0x94"}, {"name": "WPMR", "offset": "0xe4"}, {"name": "WPSR", "offset": "0xe8"}, {"name": "RPR", "offset": "0x100"}, {"name": "RCR", "offset": "0x104"}, {"name": "RNPR", "offset": "0x110"}, {"name": "RNCR", "offset": "0x114"}, {"name": "PTCR", "offset": "0x120"}, {"name": "PTSR", "offset": "0x124"}, {"name": "CDR[0]", "offset": "0x50"}, {"name": "CDR[1]", "offset": "0x54"}, {"name": "CDR[2]", "offset": "0x58"}, {"name": "CDR[3]", "offset": "0x5c"}, {"name": "CDR[4]", "offset": "0x60"}, {"name": "CDR[5]", "offset": "0x64"}, {"name": "CDR[6]", "offset": "0x68"}, {"name": "CDR[7]", "offset": "0x6c"}, {"name": "CDR[8]", "offset": "0x70"}, {"name": "CDR[9]", "offset": "0x74"}, {"name": "CDR[10]", "offset": "0x78"}, {"name": "CDR[11]", "offset": "0x7c"}, {"name": "CDR[12]", "offset": "0x80"}, {"name": "CDR[13]", "offset": "0x84"}, {"name": "CDR[14]", "offset": "0x88"}, {"name": "CDR[15]", "offset": "0x8c"}]}, {"name": "DMAC", "start": "0x400c4000", "end": "0x400c7fff", "size": "0x4000", "comment": "", "registers": [{"name": "GCFG", "offset": "0x0"}, {"name": "EN", "offset": "0x4"}, {"name": "SREQ", "offset": "0x8"}, {"name": "CREQ", "offset": "0xc"}, {"name": "LAST", "offset": "0x10"}, {"name": "EBCIER", "offset": "0x18"}, {"name": "EBCIDR", "offset": "0x1c"}, {"name": "EBCIMR", "offset": "0x20"}, {"name": "EBCISR", "offset": "0x24"}, {"name": "CHER", "offset": "0x28"}, {"name": "CHDR", "offset": "0x2c"}, {"name": "CHSR", "offset": "0x30"}, {"name": "SADDR0", "offset": "0x3c"}, {"name": "DADDR0", "offset": "0x40"}, {"name": "DSCR0", "offset": "0x44"}, {"name": "CTRLA0", "offset": "0x48"}, {"name": "CTRLB0", "offset": "0x4c"}, {"name": "CFG0", "offset": "0x50"}, {"name": "SADDR1", "offset": "0x64"}, {"name": "DADDR1", "offset": "0x68"}, {"name": "DSCR1", "offset": "0x6c"}, {"name": "CTRLA1", "offset": "0x70"}, {"name": "CTRLB1", "offset": "0x74"}, {"name": "CFG1", "offset": "0x78"}, {"name": "SADDR2", "offset": "0x8c"}, {"name": "DADDR2", "offset": "0x90"}, {"name": "DSCR2", "offset": "0x94"}, {"name": "CTRLA2", "offset": "0x98"}, {"name": "CTRLB2", "offset": "0x9c"}, {"name": "CFG2", "offset": "0xa0"}, {"name": "SADDR3", "offset": "0xb4"}, {"name": "DADDR3", "offset": "0xb8"}, {"name": "DSCR3", "offset": "0xbc"}, {"name": "CTRLA3", "offset": "0xc0"}, {"name": "CTRLB3", "offset": "0xc4"}, {"name": "CFG3", "offset": "0xc8"}, {"name": "SADDR4", "offset": "0xdc"}, {"name": "DADDR4", "offset": "0xe0"}, {"name": "DSCR4", "offset": "0xe4"}, {"name": "CTRLA4", "offset": "0xe8"}, {"name": "CTRLB4", "offset": "0xec"}, {"name": "CFG4", "offset": "0xf0"}, {"name": "SADDR5", "offset": "0x104"}, {"name": "DADDR5", "offset": "0x108"}, {"name": "DSCR5", "offset": "0x10c"}, {"name": "CTRLA5", "offset": "0x110"}, {"name": "CTRLB5", "offset": "0x114"}, {"name": "CFG5", "offset": "0x118"}, {"name": "WPMR", "offset": "0x1e4"}, {"name": "WPSR", "offset": "0x1e8"}]}, {"name": "DACC", "start": "0x400c8000", "end": "0x400cbfff", "size": "0x4000", "comment": "", "registers": [{"name": "CR", "offset": "0x0"}, {"name": "MR", "offset": "0x4"}, {"name": "CHER", "offset": "0x10"}, {"name": "CHDR", "offset": "0x14"}, {"name": "CHSR", "offset": "0x18"}, {"name": "CDR", "offset": "0x20"}, {"name": "IER", "offset": "0x24"}, {"name": "IDR", "offset": "0x28"}, {"name": "IMR", "offset": "0x2c"}, {"name": "ISR", "offset": "0x30"}, {"name": "ACR", "offset": "0x94"}, {"name": "WPMR", "offset": "0xe4"}, {"name": "WPSR", "offset": "0xe8"}, {"name": "TPR", "offset": "0x108"}, {"name": "TCR", "offset": "0x10c"}, {"name": "TNPR", "offset": "0x118"}, {"name": "TNCR", "offset": "0x11c"}, {"name": "PTCR", "offset": "0x120"}, {"name": "PTSR", "offset": "0x124"}]}, {"name": "MATRIX", "start": "0x400e0400", "end": "0x400e05ff", "size": "0x200", "comment": "", "registers": [{"name": "MATRIX_PRAS0", "offset": "0x80"}, {"name": "MATRIX_PRAS1", "offset": "0x88"}, {"name": "MATRIX_PRAS2", "offset": "0x90"}, {"name": "MATRIX_PRAS3", "offset": "0x98"}, {"name": "MATRIX_PRAS4", "offset": "0xa0"}, {"name": "MATRIX_PRAS5", "offset": "0xa8"}, {"name": "MATRIX_PRAS6", "offset": "0xb0"}, {"name": "MATRIX_PRAS7", "offset": "0xb8"}, {"name": "MATRIX_PRAS8", "offset": "0xc0"}, {"name": "MATRIX_MRCR", "offset": "0x100"}, {"name": "CCFG_SYSIO", "offset": "0x114"}, {"name": "MATRIX_WPMR", "offset": "0x1e4"}, {"name": "MATRIX_WPSR", "offset": "0x1e8"}, {"name": "MATRIX_MCFG[0]", "offset": "0x0"}, {"name": "MATRIX_MCFG[1]", "offset": "0x4"}, {"name": "MATRIX_MCFG[2]", "offset": "0x8"}, {"name": "MATRIX_MCFG[3]", "offset": "0xc"}, {"name": "MATRIX_MCFG[4]", "offset": "0x10"}, {"name": "MATRIX_MCFG[5]", "offset": "0x14"}, {"name": "MATRIX_SCFG[0]", "offset": "0x40"}, {"name": "MATRIX_SCFG[1]", "offset": "0x44"}, {"name": "MATRIX_SCFG[2]", "offset": "0x48"}, {"name": "MATRIX_SCFG[3]", "offset": "0x4c"}, {"name": "MATRIX_SCFG[4]", "offset": "0x50"}, {"name": "MATRIX_SCFG[5]", "offset": "0x54"}, {"name": "MATRIX_SCFG[6]", "offset": "0x58"}, {"name": "MATRIX_SCFG[7]", "offset": "0x5c"}, {"name": "MATRIX_SCFG[8]", "offset": "0x60"}]}, {"name": "PMC", "start": "0x400e0600", "end": "0x400e073f", "size": "0x140", "comment": "", "registers": [{"name": "PMC_SCER", "offset": "0x0"}, {"name": "PMC_SCDR", "offset": "0x4"}, {"name": "PMC_SCSR", "offset": "0x8"}, {"name": "PMC_PCER0", "offset": "0x10"}, {"name": "PMC_PCDR0", "offset": "0x14"}, {"name": "PMC_PCSR0", "offset": "0x18"}, {"name": "CKGR_UCKR", "offset": "0x1c"}, {"name": "CKGR_MOR", "offset": "0x20"}, {"name": "CKGR_MCFR", "offset": "0x24"}, {"name": "CKGR_PLLAR", "offset": "0x28"}, {"name": "PMC_MCKR", "offset": "0x30"}, {"name": "PMC_USB", "offset": "0x38"}, {"name": "PMC_IER", "offset": "0x60"}, {"name": "PMC_IDR", "offset": "0x64"}, {"name": "PMC_SR", "offset": "0x68"}, {"name": "PMC_IMR", "offset": "0x6c"}, {"name": "PMC_FSMR", "offset": "0x70"}, {"name": "PMC_FSPR", "offset": "0x74"}, {"name": "PMC_FOCR", "offset": "0x78"}, {"name": "PMC_WPMR", "offset": "0xe4"}, {"name": "PMC_WPSR", "offset": "0xe8"}, {"name": "PMC_PCER1", "offset": "0x100"}, {"name": "PMC_PCDR1", "offset": "0x104"}, {"name": "PMC_PCSR1", "offset": "0x108"}, {"name": "PMC_PCR", "offset": "0x10c"}, {"name": "PMC_PCK[0]", "offset": "0x40"}, {"name": "PMC_PCK[1]", "offset": "0x44"}, {"name": "PMC_PCK[2]", "offset": "0x48"}]}, {"name": "UART", "start": "0x400e0800", "end": "0x400e0927", "size": "0x128", "comment": "", "registers": [{"name": "CR", "offset": "0x0"}, {"name": "MR", "offset": "0x4"}, {"name": "IER", "offset": "0x8"}, {"name": "IDR", "offset": "0xc"}, {"name": "IMR", "offset": "0x10"}, {"name": "SR", "offset": "0x14"}, {"name": "RHR", "offset": "0x18"}, {"name": "THR", "offset": "0x1c"}, {"name": "BRGR", "offset": "0x20"}, {"name": "RPR", "offset": "0x100"}, {"name": "RCR", "offset": "0x104"}, {"name": "TPR", "offset": "0x108"}, {"name": "TCR", "offset": "0x10c"}, {"name": "RNPR", "offset": "0x110"}, {"name": "RNCR", "offset": "0x114"}, {"name": "TNPR", "offset": "0x118"}, {"name": "TNCR", "offset": "0x11c"}, {"name": "PTCR", "offset": "0x120"}, {"name": "PTSR", "offset": "0x124"}]}, {"name": "CHIPID", "start": "0x400e0940", "end": "0x400e0b3f", "size": "0x200", "comment": "", "registers": [{"name": "CIDR", "offset": "0x0"}, {"name": "EXID", "offset": "0x4"}]}, {"name": "EFC0", "start": "0x400e0a00", "end": "0x400e0bff", "size": "0x200", "comment": "", "registers": [{"name": "FMR", "offset": "0x0"}, {"name": "FCR", "offset": "0x4"}, {"name": "FSR", "offset": "0x8"}, {"name": "FRR", "offset": "0xc"}]}, {"name": "EFC1", "start": "0x400e0c00", "end": "0x400e0dff", "size": "0x200", "comment": "", "registers": [{"name": "FMR", "offset": "0x0"}, {"name": "FCR", "offset": "0x4"}, {"name": "FSR", "offset": "0x8"}, {"name": "FRR", "offset": "0xc"}]}, {"name": "PIOA", "start": "0x400e0e00", "end": "0x400e0fff", "size": "0x200", "comment": "", "registers": [{"name": "PER", "offset": "0x0"}, {"name": "PDR", "offset": "0x4"}, {"name": "PSR", "offset": "0x8"}, {"name": "OER", "offset": "0x10"}, {"name": "ODR", "offset": "0x14"}, {"name": "OSR", "offset": "0x18"}, {"name": "IFER", "offset": "0x20"}, {"name": "IFDR", "offset": "0x24"}, {"name": "IFSR", "offset": "0x28"}, {"name": "SODR", "offset": "0x30"}, {"name": "CODR", "offset": "0x34"}, {"name": "ODSR", "offset": "0x38"}, {"name": "PDSR", "offset": "0x3c"}, {"name": "IER", "offset": "0x40"}, {"name": "IDR", "offset": "0x44"}, {"name": "IMR", "offset": "0x48"}, {"name": "ISR", "offset": "0x4c"}, {"name": "MDER", "offset": "0x50"}, {"name": "MDDR", "offset": "0x54"}, {"name": "MDSR", "offset": "0x58"}, {"name": "PUDR", "offset": "0x60"}, {"name": "PUER", "offset": "0x64"}, {"name": "PUSR", "offset": "0x68"}, {"name": "ABSR", "offset": "0x70"}, {"name": "SCIFSR", "offset": "0x80"}, {"name": "DIFSR", "offset": "0x84"}, {"name": "IFDGSR", "offset": "0x88"}, {"name": "SCDR", "offset": "0x8c"}, {"name": "OWER", "offset": "0xa0"}, {"name": "OWDR", "offset": "0xa4"}, {"name": "OWSR", "offset": "0xa8"}, {"name": "AIMER", "offset": "0xb0"}, {"name": "AIMDR", "offset": "0xb4"}, {"name": "AIMMR", "offset": "0xb8"}, {"name": "ESR", "offset": "0xc0"}, {"name": "LSR", "offset": "0xc4"}, {"name": "ELSR", "offset": "0xc8"}, {"name": "FELLSR", "offset": "0xd0"}, {"name": "REHLSR", "offset": "0xd4"}, {"name": "FRLHSR", "offset": "0xd8"}, {"name": "LOCKSR", "offset": "0xe0"}, {"name": "WPMR", "offset": "0xe4"}, {"name": "WPSR", "offset": "0xe8"}]}, {"name": "PIOB", "start": "0x400e1000", "end": "0x400e11ff", "size": "0x200", "comment": "", "registers": [{"name": "PER", "offset": "0x0"}, {"name": "PDR", "offset": "0x4"}, {"name": "PSR", "offset": "0x8"}, {"name": "OER", "offset": "0x10"}, {"name": "ODR", "offset": "0x14"}, {"name": "OSR", "offset": "0x18"}, {"name": "IFER", "offset": "0x20"}, {"name": "IFDR", "offset": "0x24"}, {"name": "IFSR", "offset": "0x28"}, {"name": "SODR", "offset": "0x30"}, {"name": "CODR", "offset": "0x34"}, {"name": "ODSR", "offset": "0x38"}, {"name": "PDSR", "offset": "0x3c"}, {"name": "IER", "offset": "0x40"}, {"name": "IDR", "offset": "0x44"}, {"name": "IMR", "offset": "0x48"}, {"name": "ISR", "offset": "0x4c"}, {"name": "MDER", "offset": "0x50"}, {"name": "MDDR", "offset": "0x54"}, {"name": "MDSR", "offset": "0x58"}, {"name": "PUDR", "offset": "0x60"}, {"name": "PUER", "offset": "0x64"}, {"name": "PUSR", "offset": "0x68"}, {"name": "ABSR", "offset": "0x70"}, {"name": "SCIFSR", "offset": "0x80"}, {"name": "DIFSR", "offset": "0x84"}, {"name": "IFDGSR", "offset": "0x88"}, {"name": "SCDR", "offset": "0x8c"}, {"name": "OWER", "offset": "0xa0"}, {"name": "OWDR", "offset": "0xa4"}, {"name": "OWSR", "offset": "0xa8"}, {"name": "AIMER", "offset": "0xb0"}, {"name": "AIMDR", "offset": "0xb4"}, {"name": "AIMMR", "offset": "0xb8"}, {"name": "ESR", "offset": "0xc0"}, {"name": "LSR", "offset": "0xc4"}, {"name": "ELSR", "offset": "0xc8"}, {"name": "FELLSR", "offset": "0xd0"}, {"name": "REHLSR", "offset": "0xd4"}, {"name": "FRLHSR", "offset": "0xd8"}, {"name": "LOCKSR", "offset": "0xe0"}, {"name": "WPMR", "offset": "0xe4"}, {"name": "WPSR", "offset": "0xe8"}]}, {"name": "RSTC", "start": "0x400e1a00", "end": "0x400e1a0f", "size": "0x10", "comment": "", "registers": [{"name": "CR", "offset": "0x0"}, {"name": "SR", "offset": "0x4"}, {"name": "MR", "offset": "0x8"}]}, {"name": "SUPC", "start": "0x400e1a10", "end": "0x400e1a27", "size": "0x18", "comment": "", "registers": [{"name": "CR", "offset": "0x0"}, {"name": "SMMR", "offset": "0x4"}, {"name": "MR", "offset": "0x8"}, {"name": "WUMR", "offset": "0xc"}, {"name": "WUIR", "offset": "0x10"}, {"name": "SR", "offset": "0x14"}]}, {"name": "RTT", "start": "0x400e1a30", "end": "0x400e1a3f", "size": "0x10", "comment": "", "registers": [{"name": "MR", "offset": "0x0"}, {"name": "AR", "offset": "0x4"}, {"name": "VR", "offset": "0x8"}, {"name": "SR", "offset": "0xc"}]}, {"name": "WDT", "start": "0x400e1a50", "end": "0x400e1a5f", "size": "0x10", "comment": "", "registers": [{"name": "CR", "offset": "0x0"}, {"name": "MR", "offset": "0x4"}, {"name": "SR", "offset": "0x8"}]}, {"name": "RTC", "start": "0x400e1a60", "end": "0x400e1b47", "size": "0xe8", "comment": "", "registers": [{"name": "CR", "offset": "0x0"}, {"name": "MR", "offset": "0x4"}, {"name": "TIMR", "offset": "0x8"}, {"name": "CALR", "offset": "0xc"}, {"name": "TIMALR", "offset": "0x10"}, {"name": "CALALR", "offset": "0x14"}, {"name": "SR", "offset": "0x18"}, {"name": "SCCR", "offset": "0x1c"}, {"name": "IER", "offset": "0x20"}, {"name": "IDR", "offset": "0x24"}, {"name": "IMR", "offset": "0x28"}, {"name": "VER", "offset": "0x2c"}, {"name": "WPMR", "offset": "0xe4"}]}, {"name": "GPBR", "start": "0x400e1a90", "end": "0x400e1aaf", "size": "0x20", "comment": "", "registers": [{"name": "GPBR[0]", "offset": "0x0"}, {"name": "GPBR[1]", "offset": "0x4"}, {"name": "GPBR[2]", "offset": "0x8"}, {"name": "GPBR[3]", "offset": "0xc"}, {"name": "GPBR[4]", "offset": "0x10"}, {"name": "GPBR[5]", "offset": "0x14"}, {"name": "GPBR[6]", "offset": "0x18"}, {"name": "GPBR[7]", "offset": "0x1c"}]}], "vector_table": [{"name": "StackPointer_Value", "value": -1, "addr": "0x0", "comment": "Stack pointer initial value"}, {"name": "Reset", "value": -1, "addr": "0x4", "comment": "Priority: -3"}, {"name": "NMI", "value": -1, "addr": "0x8", "comment": "Priority: -2"}, {"name": "HardFault", "value": -1, "addr": "0xc", "comment": "Priority: -1"}, {"name": "SVCall", "value": -1, "addr": "0x2c", "comment": "Priority: 3"}, {"name": "PendSV", "value": -1, "addr": "0x38", "comment": "Priority: 5"}, {"name": "SysTick", "value": -1, "addr": "0x3c", "comment": "Priority: 6"}, {"name": "PMC", "value": 5, "comment": "", "addr": "0x54"}, {"name": "EFC0", "value": 6, "comment": "", "addr": "0x58"}, {"name": "EFC1", "value": 7, "comment": "", "addr": "0x5c"}, {"name": "UART", "value": 8, "comment": "", "addr": "0x60"}, {"name": "PIOA", "value": 11, "comment": "", "addr": "0x6c"}, {"name": "PIOB", "value": 12, "comment": "", "addr": "0x70"}, {"name": "USART0", "value": 17, "comment": "", "addr": "0x84"}, {"name": "USART1", "value": 18, "comment": "", "addr": "0x88"}, {"name": "USART2", "value": 19, "comment": "", "addr": "0x8c"}, {"name": "HSMCI", "value": 21, "comment": "", "addr": "0x94"}, {"name": "TWI0", "value": 22, "comment": "", "addr": "0x98"}, {"name": "TWI1", "value": 23, "comment": "", "addr": "0x9c"}, {"name": "SPI0", "value": 24, "comment": "", "addr": "0xa0"}, {"name": "SSC", "value": 26, "comment": "", "addr": "0xa8"}, {"name": "TC0", "value": 27, "comment": "", "addr": "0xac"}, {"name": "TC1", "value": 28, "comment": "", "addr": "0xb0"}, {"name": "TC2", "value": 29, "comment": "", "addr": "0xb4"}, {"name": "TC3", "value": 30, "comment": "", "addr": "0xb8"}, {"name": "TC4", "value": 31, "comment": "", "addr": "0xbc"}, {"name": "TC5", "value": 32, "comment": "", "addr": "0xc0"}, {"name": "PWM", "value": 36, "comment": "", "addr": "0xd0"}, {"name": "ADC", "value": 37, "comment": "", "addr": "0xd4"}, {"name": "DACC", "value": 38, "comment": "", "addr": "0xd8"}, {"name": "DMAC", "value": 39, "comment": "", "addr": "0xdc"}, {"name": "UOTGHS", "value": 40, "comment": "", "addr": "0xe0"}, {"name": "TRNG", "value": 41, "comment": "", "addr": "0xe4"}, {"name": "CAN0", "value": 43, "comment": "", "addr": "0xec"}, {"name": "CAN1", "value": 44, "comment": "", "addr": "0xf0"}]}