{"brand": "Microchip", "family": "SAM4L", "name": "ATSAM4LS2A", "bits": 32, "mode": 1, "segments": [{"name": "SRAM", "start": "0x20000000", "end": "0x20007fff", "size": "0x8000", "type": "DATA"}], "peripherals": [{"name": "ABDACB", "start": "0x40064000", "end": "0x400643ff", "size": "0x400", "comment": "", "registers": [{"name": "CR", "offset": "0x0"}, {"name": "SDR0", "offset": "0x4"}, {"name": "SDR1", "offset": "0x8"}, {"name": "VCR0", "offset": "0xc"}, {"name": "VCR1", "offset": "0x10"}, {"name": "IER", "offset": "0x14"}, {"name": "IDR", "offset": "0x18"}, {"name": "IMR", "offset": "0x1c"}, {"name": "SR", "offset": "0x20"}, {"name": "SCR", "offset": "0x24"}, {"name": "PARAMETER", "offset": "0x28"}, {"name": "VERSION", "offset": "0x2c"}]}, {"name": "ACIFC", "start": "0x40040000", "end": "0x400403ff", "size": "0x400", "comment": "", "registers": [{"name": "CTRL", "offset": "0x0"}, {"name": "SR", "offset": "0x4"}, {"name": "IER", "offset": "0x10"}, {"name": "IDR", "offset": "0x14"}, {"name": "IMR", "offset": "0x18"}, {"name": "ISR", "offset": "0x1c"}, {"name": "ICR", "offset": "0x20"}, {"name": "TR", "offset": "0x24"}, {"name": "PARAMETER", "offset": "0x30"}, {"name": "VERSION", "offset": "0x34"}, {"name": "CONFW0", "offset": "0x80"}, {"name": "CONFW1", "offset": "0x84"}, {"name": "CONFW2", "offset": "0x88"}, {"name": "CONFW3", "offset": "0x8c"}, {"name": "CONF0", "offset": "0xd0"}, {"name": "CONF1", "offset": "0xd4"}, {"name": "CONF2", "offset": "0xd8"}, {"name": "CONF3", "offset": "0xdc"}, {"name": "CONF4", "offset": "0xe0"}, {"name": "CONF5", "offset": "0xe4"}, {"name": "CONF6", "offset": "0xe8"}, {"name": "CONF7", "offset": "0xec"}]}, {"name": "ADCIFE", "start": "0x40038000", "end": "0x400383ff", "size": "0x400", "comment": "", "registers": [{"name": "CR", "offset": "0x0"}, {"name": "CFG", "offset": "0x4"}, {"name": "SR", "offset": "0x8"}, {"name": "SCR", "offset": "0xc"}, {"name": "RTS", "offset": "0x10"}, {"name": "SEQCFG", "offset": "0x14"}, {"name": "CDMA_FIRST_DMA_WORD", "offset": "0x18"}, {"name": "CDMA_SECOND_DMA_WORD", "offset": "0x18"}, {"name": "TIM", "offset": "0x1c"}, {"name": "ITIMER", "offset": "0x20"}, {"name": "WCFG", "offset": "0x24"}, {"name": "WTH", "offset": "0x28"}, {"name": "LCV", "offset": "0x2c"}, {"name": "IER", "offset": "0x30"}, {"name": "IDR", "offset": "0x34"}, {"name": "IMR", "offset": "0x38"}, {"name": "CALIB", "offset": "0x3c"}, {"name": "VERSION", "offset": "0x40"}, {"name": "PARAMETER", "offset": "0x44"}]}, {"name": "AST", "start": "0x400f0800", "end": "0x400f0bff", "size": "0x400", "comment": "", "registers": [{"name": "CR", "offset": "0x0"}, {"name": "CV", "offset": "0x4"}, {"name": "SR", "offset": "0x8"}, {"name": "SCR", "offset": "0xc"}, {"name": "IER", "offset": "0x10"}, {"name": "IDR", "offset": "0x14"}, {"name": "IMR", "offset": "0x18"}, {"name": "WER", "offset": "0x1c"}, {"name": "AR0", "offset": "0x20"}, {"name": "AR1", "offset": "0x24"}, {"name": "PIR0", "offset": "0x30"}, {"name": "PIR1", "offset": "0x34"}, {"name": "CLOCK", "offset": "0x40"}, {"name": "DTR", "offset": "0x44"}, {"name": "EVE", "offset": "0x48"}, {"name": "EVD", "offset": "0x4c"}, {"name": "EVM", "offset": "0x50"}, {"name": "CALV", "offset": "0x54"}, {"name": "PARAMETER", "offset": "0xf0"}, {"name": "VERSION", "offset": "0xfc"}]}, {"name": "BPM", "start": "0x400f0000", "end": "0x400f03ff", "size": "0x400", "comment": "", "registers": [{"name": "IER", "offset": "0x0"}, {"name": "IDR", "offset": "0x4"}, {"name": "IMR", "offset": "0x8"}, {"name": "ISR", "offset": "0xc"}, {"name": "ICR", "offset": "0x10"}, {"name": "SR", "offset": "0x14"}, {"name": "UNLOCK", "offset": "0x18"}, {"name": "PMCON", "offset": "0x1c"}, {"name": "BKUPWCAUSE", "offset": "0x28"}, {"name": "BKUPWEN", "offset": "0x2c"}, {"name": "BKUPPMUX", "offset": "0x30"}, {"name": "IORET", "offset": "0x34"}, {"name": "BPR", "offset": "0x40"}, {"name": "FWRUNPS", "offset": "0x44"}, {"name": "FWPSAVEPS", "offset": "0x48"}, {"name": "VERSION", "offset": "0xfc"}]}, {"name": "BSCIF", "start": "0x400f0400", "end": "0x400f07ff", "size": "0x400", "comment": "", "registers": [{"name": "IER", "offset": "0x0"}, {"name": "IDR", "offset": "0x4"}, {"name": "IMR", "offset": "0x8"}, {"name": "ISR", "offset": "0xc"}, {"name": "ICR", "offset": "0x10"}, {"name": "PCLKSR", "offset": "0x14"}, {"name": "UNLOCK", "offset": "0x18"}, {"name": "CSCR", "offset": "0x1c"}, {"name": "OSCCTRL32", "offset": "0x20"}, {"name": "RC32KCR", "offset": "0x24"}, {"name": "RC32KTUNE", "offset": "0x28"}, {"name": "BOD33CTRL", "offset": "0x2c"}, {"name": "BOD33LEVEL", "offset": "0x30"}, {"name": "BOD33SAMPLING", "offset": "0x34"}, {"name": "BOD18CTRL", "offset": "0x38"}, {"name": "BOD18LEVEL", "offset": "0x3c"}, {"name": "VREGCR", "offset": "0x44"}, {"name": "VREGNCSR", "offset": "0x4c"}, {"name": "VREGLPCSR", "offset": "0x50"}, {"name": "RC1MCR", "offset": "0x58"}, {"name": "BGCR", "offset": "0x5c"}, {"name": "BGCTRL", "offset": "0x60"}, {"name": "BGSR", "offset": "0x64"}, {"name": "BRIFBVERSION", "offset": "0x3e4"}, {"name": "BGREFIFBVERSION", "offset": "0x3e8"}, {"name": "VREGIFGVERSION", "offset": "0x3ec"}, {"name": "BODIFCVERSION", "offset": "0x3f0"}, {"name": "RC32KIFBVERSION", "offset": "0x3f4"}, {"name": "OSC32IFAVERSION", "offset": "0x3f8"}, {"name": "VERSION", "offset": "0x3fc"}, {"name": "BR0", "offset": "0x78"}, {"name": "BR1", "offset": "0x7c"}, {"name": "BR2", "offset": "0x80"}, {"name": "BR3", "offset": "0x84"}]}, {"name": "CATB", "start": "0x40070000", "end": "0x400703ff", "size": "0x400", "comment": "", "registers": [{"name": "CR", "offset": "0x0"}, {"name": "CNTCR", "offset": "0x4"}, {"name": "IDLE", "offset": "0x8"}, {"name": "LEVEL", "offset": "0xc"}, {"name": "RAW", "offset": "0x10"}, {"name": "TIMING", "offset": "0x14"}, {"name": "THRESH", "offset": "0x18"}, {"name": "PINSEL", "offset": "0x1c"}, {"name": "DMA", "offset": "0x20"}, {"name": "ISR", "offset": "0x24"}, {"name": "IER", "offset": "0x28"}, {"name": "IDR", "offset": "0x2c"}, {"name": "IMR", "offset": "0x30"}, {"name": "SCR", "offset": "0x34"}, {"name": "PARAMETER", "offset": "0xf8"}, {"name": "VERSION", "offset": "0xfc"}, {"name": "INTCH0", "offset": "0x40"}, {"name": "INTCHCLR0", "offset": "0x50"}, {"name": "OUTTCH0", "offset": "0x60"}, {"name": "OUTTCHCLR0", "offset": "0x70"}]}, {"name": "CHIPID", "start": "0x400e0400", "end": "0x400e07ff", "size": "0x400", "comment": "", "registers": [{"name": "CIDR", "offset": "0x340"}, {"name": "EXID", "offset": "0x344"}]}, {"name": "CRCCU", "start": "0x400a4000", "end": "0x400a43ff", "size": "0x400", "comment": "", "registers": [{"name": "DSCR", "offset": "0x0"}, {"name": "DMAEN", "offset": "0x8"}, {"name": "DMADIS", "offset": "0xc"}, {"name": "DMASR", "offset": "0x10"}, {"name": "DMAIER", "offset": "0x14"}, {"name": "DMAIDR", "offset": "0x18"}, {"name": "DMAIMR", "offset": "0x1c"}, {"name": "DMAISR", "offset": "0x20"}, {"name": "CR", "offset": "0x34"}, {"name": "MR", "offset": "0x38"}, {"name": "SR", "offset": "0x3c"}, {"name": "IER", "offset": "0x40"}, {"name": "IDR", "offset": "0x44"}, {"name": "IMR", "offset": "0x48"}, {"name": "ISR", "offset": "0x4c"}, {"name": "VERSION", "offset": "0xfc"}]}, {"name": "DACC", "start": "0x4003c000", "end": "0x4003c3ff", "size": "0x400", "comment": "", "registers": [{"name": "CR", "offset": "0x0"}, {"name": "MR", "offset": "0x4"}, {"name": "CDR", "offset": "0x8"}, {"name": "IER", "offset": "0xc"}, {"name": "IDR", "offset": "0x10"}, {"name": "IMR", "offset": "0x14"}, {"name": "ISR", "offset": "0x18"}, {"name": "WPMR", "offset": "0xe4"}, {"name": "WPSR", "offset": "0xe8"}, {"name": "VERSION", "offset": "0xfc"}]}, {"name": "EIC", "start": "0x400f1000", "end": "0x400f13ff", "size": "0x400", "comment": "", "registers": [{"name": "IER", "offset": "0x0"}, {"name": "IDR", "offset": "0x4"}, {"name": "IMR", "offset": "0x8"}, {"name": "ISR", "offset": "0xc"}, {"name": "ICR", "offset": "0x10"}, {"name": "MODE", "offset": "0x14"}, {"name": "EDGE", "offset": "0x18"}, {"name": "LEVEL", "offset": "0x1c"}, {"name": "FILTER", "offset": "0x20"}, {"name": "ASYNC", "offset": "0x28"}, {"name": "EN", "offset": "0x30"}, {"name": "DIS", "offset": "0x34"}, {"name": "CTRL", "offset": "0x38"}, {"name": "VERSION", "offset": "0x3fc"}]}, {"name": "HFLASHC", "start": "0x400a0000", "end": "0x400a03ff", "size": "0x400", "comment": "", "registers": [{"name": "FCR", "offset": "0x0"}, {"name": "FCMD", "offset": "0x4"}, {"name": "FSR", "offset": "0x8"}, {"name": "FPR", "offset": "0xc"}, {"name": "VERSION", "offset": "0x10"}, {"name": "FGPFRHI", "offset": "0x14"}, {"name": "FGPFRLO", "offset": "0x18"}]}, {"name": "FREQM", "start": "0x400e0c00", "end": "0x400e0fff", "size": "0x400", "comment": "", "registers": [{"name": "CTRL", "offset": "0x0"}, {"name": "MODE", "offset": "0x4"}, {"name": "STATUS", "offset": "0x8"}, {"name": "VALUE", "offset": "0xc"}, {"name": "IER", "offset": "0x10"}, {"name": "IDR", "offset": "0x14"}, {"name": "IMR", "offset": "0x18"}, {"name": "ISR", "offset": "0x1c"}, {"name": "ICR", "offset": "0x20"}, {"name": "VERSION", "offset": "0x3fc"}]}, {"name": "GLOC", "start": "0x40060000", "end": "0x400603ff", "size": "0x400", "comment": "", "registers": [{"name": "PARAMETER", "offset": "0x38"}, {"name": "VERSION", "offset": "0x3c"}, {"name": "CR0", "offset": "0x0"}, {"name": "CR1", "offset": "0x8"}, {"name": "TRUTH0", "offset": "0x4"}, {"name": "TRUTH1", "offset": "0xc"}]}, {"name": "GPIO", "start": "0x400e1000", "end": "0x400e1fff", "size": "0x1000", "comment": "", "registers": [{"name": "GPER0", "offset": "0x0"}, {"name": "GPER1", "offset": "0x200"}, {"name": "GPER2", "offset": "0x400"}, {"name": "GPERS0", "offset": "0x4"}, {"name": "GPERS1", "offset": "0x204"}, {"name": "GPERS2", "offset": "0x404"}, {"name": "GPERC0", "offset": "0x8"}, {"name": "GPERC1", "offset": "0x208"}, {"name": "GPERC2", "offset": "0x408"}, {"name": "GPERT0", "offset": "0xc"}, {"name": "GPERT1", "offset": "0x20c"}, {"name": "GPERT2", "offset": "0x40c"}, {"name": "PMR00", "offset": "0x10"}, {"name": "PMR01", "offset": "0x210"}, {"name": "PMR02", "offset": "0x410"}, {"name": "PMR0S0", "offset": "0x14"}, {"name": "PMR0S1", "offset": "0x214"}, {"name": "PMR0S2", "offset": "0x414"}, {"name": "PMR0C0", "offset": "0x18"}, {"name": "PMR0C1", "offset": "0x218"}, {"name": "PMR0C2", "offset": "0x418"}, {"name": "PMR0T0", "offset": "0x1c"}, {"name": "PMR0T1", "offset": "0x21c"}, {"name": "PMR0T2", "offset": "0x41c"}, {"name": "PMR10", "offset": "0x20"}, {"name": "PMR11", "offset": "0x220"}, {"name": "PMR12", "offset": "0x420"}, {"name": "PMR1S0", "offset": "0x24"}, {"name": "PMR1S1", "offset": "0x224"}, {"name": "PMR1S2", "offset": "0x424"}, {"name": "PMR1C0", "offset": "0x28"}, {"name": "PMR1C1", "offset": "0x228"}, {"name": "PMR1C2", "offset": "0x428"}, {"name": "PMR1T0", "offset": "0x2c"}, {"name": "PMR1T1", "offset": "0x22c"}, {"name": "PMR1T2", "offset": "0x42c"}, {"name": "PMR20", "offset": "0x30"}, {"name": "PMR21", "offset": "0x230"}, {"name": "PMR22", "offset": "0x430"}, {"name": "PMR2S0", "offset": "0x34"}, {"name": "PMR2S1", "offset": "0x234"}, {"name": "PMR2S2", "offset": "0x434"}, {"name": "PMR2C0", "offset": "0x38"}, {"name": "PMR2C1", "offset": "0x238"}, {"name": "PMR2C2", "offset": "0x438"}, {"name": "PMR2T0", "offset": "0x3c"}, {"name": "PMR2T1", "offset": "0x23c"}, {"name": "PMR2T2", "offset": "0x43c"}, {"name": "ODER0", "offset": "0x40"}, {"name": "ODER1", "offset": "0x240"}, {"name": "ODER2", "offset": "0x440"}, {"name": "ODERS0", "offset": "0x44"}, {"name": "ODERS1", "offset": "0x244"}, {"name": "ODERS2", "offset": "0x444"}, {"name": "ODERC0", "offset": "0x48"}, {"name": "ODERC1", "offset": "0x248"}, {"name": "ODERC2", "offset": "0x448"}, {"name": "ODERT0", "offset": "0x4c"}, {"name": "ODERT1", "offset": "0x24c"}, {"name": "ODERT2", "offset": "0x44c"}, {"name": "OVR0", "offset": "0x50"}, {"name": "OVR1", "offset": "0x250"}, {"name": "OVR2", "offset": "0x450"}, {"name": "OVRS0", "offset": "0x54"}, {"name": "OVRS1", "offset": "0x254"}, {"name": "OVRS2", "offset": "0x454"}, {"name": "OVRC0", "offset": "0x58"}, {"name": "OVRC1", "offset": "0x258"}, {"name": "OVRC2", "offset": "0x458"}, {"name": "OVRT0", "offset": "0x5c"}, {"name": "OVRT1", "offset": "0x25c"}, {"name": "OVRT2", "offset": "0x45c"}, {"name": "PVR0", "offset": "0x60"}, {"name": "PVR1", "offset": "0x260"}, {"name": "PVR2", "offset": "0x460"}, {"name": "PUER0", "offset": "0x70"}, {"name": "PUER1", "offset": "0x270"}, {"name": "PUER2", "offset": "0x470"}, {"name": "PUERS0", "offset": "0x74"}, {"name": "PUERS1", "offset": "0x274"}, {"name": "PUERS2", "offset": "0x474"}, {"name": "PUERC0", "offset": "0x78"}, {"name": "PUERC1", "offset": "0x278"}, {"name": "PUERC2", "offset": "0x478"}, {"name": "PUERT0", "offset": "0x7c"}, {"name": "PUERT1", "offset": "0x27c"}, {"name": "PUERT2", "offset": "0x47c"}, {"name": "PDER0", "offset": "0x80"}, {"name": "PDER1", "offset": "0x280"}, {"name": "PDER2", "offset": "0x480"}, {"name": "PDERS0", "offset": "0x84"}, {"name": "PDERS1", "offset": "0x284"}, {"name": "PDERS2", "offset": "0x484"}, {"name": "PDERC0", "offset": "0x88"}, {"name": "PDERC1", "offset": "0x288"}, {"name": "PDERC2", "offset": "0x488"}, {"name": "PDERT0", "offset": "0x8c"}, {"name": "PDERT1", "offset": "0x28c"}, {"name": "PDERT2", "offset": "0x48c"}, {"name": "IER0", "offset": "0x90"}, {"name": "IER1", "offset": "0x290"}, {"name": "IER2", "offset": "0x490"}, {"name": "IERS0", "offset": "0x94"}, {"name": "IERS1", "offset": "0x294"}, {"name": "IERS2", "offset": "0x494"}, {"name": "IERC0", "offset": "0x98"}, {"name": "IERC1", "offset": "0x298"}, {"name": "IERC2", "offset": "0x498"}, {"name": "IERT0", "offset": "0x9c"}, {"name": "IERT1", "offset": "0x29c"}, {"name": "IERT2", "offset": "0x49c"}, {"name": "IMR00", "offset": "0xa0"}, {"name": "IMR01", "offset": "0x2a0"}, {"name": "IMR02", "offset": "0x4a0"}, {"name": "IMR0S0", "offset": "0xa4"}, {"name": "IMR0S1", "offset": "0x2a4"}, {"name": "IMR0S2", "offset": "0x4a4"}, {"name": "IMR0C0", "offset": "0xa8"}, {"name": "IMR0C1", "offset": "0x2a8"}, {"name": "IMR0C2", "offset": "0x4a8"}, {"name": "IMR0T0", "offset": "0xac"}, {"name": "IMR0T1", "offset": "0x2ac"}, {"name": "IMR0T2", "offset": "0x4ac"}, {"name": "IMR10", "offset": "0xb0"}, {"name": "IMR11", "offset": "0x2b0"}, {"name": "IMR12", "offset": "0x4b0"}, {"name": "IMR1S0", "offset": "0xb4"}, {"name": "IMR1S1", "offset": "0x2b4"}, {"name": "IMR1S2", "offset": "0x4b4"}, {"name": "IMR1C0", "offset": "0xb8"}, {"name": "IMR1C1", "offset": "0x2b8"}, {"name": "IMR1C2", "offset": "0x4b8"}, {"name": "IMR1T0", "offset": "0xbc"}, {"name": "IMR1T1", "offset": "0x2bc"}, {"name": "IMR1T2", "offset": "0x4bc"}, {"name": "GFER0", "offset": "0xc0"}, {"name": "GFER1", "offset": "0x2c0"}, {"name": "GFER2", "offset": "0x4c0"}, {"name": "GFERS0", "offset": "0xc4"}, {"name": "GFERS1", "offset": "0x2c4"}, {"name": "GFERS2", "offset": "0x4c4"}, {"name": "GFERC0", "offset": "0xc8"}, {"name": "GFERC1", "offset": "0x2c8"}, {"name": "GFERC2", "offset": "0x4c8"}, {"name": "GFERT0", "offset": "0xcc"}, {"name": "GFERT1", "offset": "0x2cc"}, {"name": "GFERT2", "offset": "0x4cc"}, {"name": "IFR0", "offset": "0xd0"}, {"name": "IFR1", "offset": "0x2d0"}, {"name": "IFR2", "offset": "0x4d0"}, {"name": "IFRC0", "offset": "0xd8"}, {"name": "IFRC1", "offset": "0x2d8"}, {"name": "IFRC2", "offset": "0x4d8"}, {"name": "ODMER0", "offset": "0xe0"}, {"name": "ODMER1", "offset": "0x2e0"}, {"name": "ODMER2", "offset": "0x4e0"}, {"name": "ODMERS0", "offset": "0xe4"}, {"name": "ODMERS1", "offset": "0x2e4"}, {"name": "ODMERS2", "offset": "0x4e4"}, {"name": "ODMERC0", "offset": "0xe8"}, {"name": "ODMERC1", "offset": "0x2e8"}, {"name": "ODMERC2", "offset": "0x4e8"}, {"name": "ODMERT0", "offset": "0xec"}, {"name": "ODMERT1", "offset": "0x2ec"}, {"name": "ODMERT2", "offset": "0x4ec"}, {"name": "ODCR00", "offset": "0x100"}, {"name": "ODCR01", "offset": "0x300"}, {"name": "ODCR02", "offset": "0x500"}, {"name": "ODCR0S0", "offset": "0x104"}, {"name": "ODCR0S1", "offset": "0x304"}, {"name": "ODCR0S2", "offset": "0x504"}, {"name": "ODCR0C0", "offset": "0x108"}, {"name": "ODCR0C1", "offset": "0x308"}, {"name": "ODCR0C2", "offset": "0x508"}, {"name": "ODCR0T0", "offset": "0x10c"}, {"name": "ODCR0T1", "offset": "0x30c"}, {"name": "ODCR0T2", "offset": "0x50c"}, {"name": "ODCR10", "offset": "0x110"}, {"name": "ODCR11", "offset": "0x310"}, {"name": "ODCR12", "offset": "0x510"}, {"name": "ODCR1S0", "offset": "0x114"}, {"name": "ODCR1S1", "offset": "0x314"}, {"name": "ODCR1S2", "offset": "0x514"}, {"name": "ODCR1C0", "offset": "0x118"}, {"name": "ODCR1C1", "offset": "0x318"}, {"name": "ODCR1C2", "offset": "0x518"}, {"name": "ODCR1T0", "offset": "0x11c"}, {"name": "ODCR1T1", "offset": "0x31c"}, {"name": "ODCR1T2", "offset": "0x51c"}, {"name": "OSRR00", "offset": "0x130"}, {"name": "OSRR01", "offset": "0x330"}, {"name": "OSRR02", "offset": "0x530"}, {"name": "OSRR0S0", "offset": "0x134"}, {"name": "OSRR0S1", "offset": "0x334"}, {"name": "OSRR0S2", "offset": "0x534"}, {"name": "OSRR0C0", "offset": "0x138"}, {"name": "OSRR0C1", "offset": "0x338"}, {"name": "OSRR0C2", "offset": "0x538"}, {"name": "OSRR0T0", "offset": "0x13c"}, {"name": "OSRR0T1", "offset": "0x33c"}, {"name": "OSRR0T2", "offset": "0x53c"}, {"name": "STER0", "offset": "0x160"}, {"name": "STER1", "offset": "0x360"}, {"name": "STER2", "offset": "0x560"}, {"name": "STERS0", "offset": "0x164"}, {"name": "STERS1", "offset": "0x364"}, {"name": "STERS2", "offset": "0x564"}, {"name": "STERC0", "offset": "0x168"}, {"name": "STERC1", "offset": "0x368"}, {"name": "STERC2", "offset": "0x568"}, {"name": "STERT0", "offset": "0x16c"}, {"name": "STERT1", "offset": "0x36c"}, {"name": "STERT2", "offset": "0x56c"}, {"name": "EVER0", "offset": "0x180"}, {"name": "EVER1", "offset": "0x380"}, {"name": "EVER2", "offset": "0x580"}, {"name": "EVERS0", "offset": "0x184"}, {"name": "EVERS1", "offset": "0x384"}, {"name": "EVERS2", "offset": "0x584"}, {"name": "EVERC0", "offset": "0x188"}, {"name": "EVERC1", "offset": "0x388"}, {"name": "EVERC2", "offset": "0x588"}, {"name": "EVERT0", "offset": "0x18c"}, {"name": "EVERT1", "offset": "0x38c"}, {"name": "EVERT2", "offset": "0x58c"}, {"name": "LOCK0", "offset": "0x1a0"}, {"name": "LOCK1", "offset": "0x3a0"}, {"name": "LOCK2", "offset": "0x5a0"}, {"name": "LOCKS0", "offset": "0x1a4"}, {"name": "LOCKS1", "offset": "0x3a4"}, {"name": "LOCKS2", "offset": "0x5a4"}, {"name": "LOCKC0", "offset": "0x1a8"}, {"name": "LOCKC1", "offset": "0x3a8"}, {"name": "LOCKC2", "offset": "0x5a8"}, {"name": "LOCKT0", "offset": "0x1ac"}, {"name": "LOCKT1", "offset": "0x3ac"}, {"name": "LOCKT2", "offset": "0x5ac"}, {"name": "UNLOCK0", "offset": "0x1e0"}, {"name": "UNLOCK1", "offset": "0x3e0"}, {"name": "UNLOCK2", "offset": "0x5e0"}, {"name": "ASR0", "offset": "0x1e4"}, {"name": "ASR1", "offset": "0x3e4"}, {"name": "ASR2", "offset": "0x5e4"}, {"name": "PARAMETER0", "offset": "0x1f8"}, {"name": "PARAMETER1", "offset": "0x3f8"}, {"name": "PARAMETER2", "offset": "0x5f8"}, {"name": "VERSION0", "offset": "0x1fc"}, {"name": "VERSION1", "offset": "0x3fc"}, {"name": "VERSION2", "offset": "0x5fc"}]}, {"name": "HCACHE", "start": "0x400a0400", "end": "0x400a04ff", "size": "0x100", "comment": "", "registers": [{"name": "CTRL", "offset": "0x8"}, {"name": "SR", "offset": "0xc"}, {"name": "MAINT0", "offset": "0x20"}, {"name": "MAINT1", "offset": "0x24"}, {"name": "MCFG", "offset": "0x28"}, {"name": "MEN", "offset": "0x2c"}, {"name": "MCTRL", "offset": "0x30"}, {"name": "MSR", "offset": "0x34"}, {"name": "VERSION", "offset": "0xfc"}]}, {"name": "HMATRIX", "start": "0x400a1000", "end": "0x400a13ff", "size": "0x400", "comment": "", "registers": [{"name": "MRCR", "offset": "0x100"}, {"name": "MCFG0", "offset": "0x0"}, {"name": "MCFG1", "offset": "0x4"}, {"name": "MCFG2", "offset": "0x8"}, {"name": "MCFG3", "offset": "0xc"}, {"name": "MCFG4", "offset": "0x10"}, {"name": "MCFG5", "offset": "0x14"}, {"name": "MCFG6", "offset": "0x18"}, {"name": "MCFG7", "offset": "0x1c"}, {"name": "MCFG8", "offset": "0x20"}, {"name": "MCFG9", "offset": "0x24"}, {"name": "MCFG10", "offset": "0x28"}, {"name": "MCFG11", "offset": "0x2c"}, {"name": "MCFG12", "offset": "0x30"}, {"name": "MCFG13", "offset": "0x34"}, {"name": "MCFG14", "offset": "0x38"}, {"name": "MCFG15", "offset": "0x3c"}, {"name": "SCFG0", "offset": "0x40"}, {"name": "SCFG1", "offset": "0x44"}, {"name": "SCFG2", "offset": "0x48"}, {"name": "SCFG3", "offset": "0x4c"}, {"name": "SCFG4", "offset": "0x50"}, {"name": "SCFG5", "offset": "0x54"}, {"name": "SCFG6", "offset": "0x58"}, {"name": "SCFG7", "offset": "0x5c"}, {"name": "SCFG8", "offset": "0x60"}, {"name": "SCFG9", "offset": "0x64"}, {"name": "SCFG10", "offset": "0x68"}, {"name": "SCFG11", "offset": "0x6c"}, {"name": "SCFG12", "offset": "0x70"}, {"name": "SCFG13", "offset": "0x74"}, {"name": "SCFG14", "offset": "0x78"}, {"name": "SCFG15", "offset": "0x7c"}, {"name": "PRAS0", "offset": "0x80"}, {"name": "PRAS1", "offset": "0x88"}, {"name": "PRAS2", "offset": "0x90"}, {"name": "PRAS3", "offset": "0x98"}, {"name": "PRAS4", "offset": "0xa0"}, {"name": "PRAS5", "offset": "0xa8"}, {"name": "PRAS6", "offset": "0xb0"}, {"name": "PRAS7", "offset": "0xb8"}, {"name": "PRAS8", "offset": "0xc0"}, {"name": "PRAS9", "offset": "0xc8"}, {"name": "PRAS10", "offset": "0xd0"}, {"name": "PRAS11", "offset": "0xd8"}, {"name": "PRAS12", "offset": "0xe0"}, {"name": "PRAS13", "offset": "0xe8"}, {"name": "PRAS14", "offset": "0xf0"}, {"name": "PRAS15", "offset": "0xf8"}, {"name": "PRBS0", "offset": "0x84"}, {"name": "PRBS1", "offset": "0x8c"}, {"name": "PRBS2", "offset": "0x94"}, {"name": "PRBS3", "offset": "0x9c"}, {"name": "PRBS4", "offset": "0xa4"}, {"name": "PRBS5", "offset": "0xac"}, {"name": "PRBS6", "offset": "0xb4"}, {"name": "PRBS7", "offset": "0xbc"}, {"name": "PRBS8", "offset": "0xc4"}, {"name": "PRBS9", "offset": "0xcc"}, {"name": "PRBS10", "offset": "0xd4"}, {"name": "PRBS11", "offset": "0xdc"}, {"name": "PRBS12", "offset": "0xe4"}, {"name": "PRBS13", "offset": "0xec"}, {"name": "PRBS14", "offset": "0xf4"}, {"name": "PRBS15", "offset": "0xfc"}, {"name": "SFR0", "offset": "0x110"}, {"name": "SFR1", "offset": "0x114"}, {"name": "SFR2", "offset": "0x118"}, {"name": "SFR3", "offset": "0x11c"}, {"name": "SFR4", "offset": "0x120"}, {"name": "SFR5", "offset": "0x124"}, {"name": "SFR6", "offset": "0x128"}, {"name": "SFR7", "offset": "0x12c"}, {"name": "SFR8", "offset": "0x130"}, {"name": "SFR9", "offset": "0x134"}, {"name": "SFR10", "offset": "0x138"}, {"name": "SFR11", "offset": "0x13c"}, {"name": "SFR12", "offset": "0x140"}, {"name": "SFR13", "offset": "0x144"}, {"name": "SFR14", "offset": "0x148"}, {"name": "SFR15", "offset": "0x14c"}]}, {"name": "IISC", "start": "0x40004000", "end": "0x400043ff", "size": "0x400", "comment": "", "registers": [{"name": "CR", "offset": "0x0"}, {"name": "MR", "offset": "0x4"}, {"name": "SR", "offset": "0x8"}, {"name": "SCR", "offset": "0xc"}, {"name": "SSR", "offset": "0x10"}, {"name": "IER", "offset": "0x14"}, {"name": "IDR", "offset": "0x18"}, {"name": "IMR", "offset": "0x1c"}, {"name": "RHR", "offset": "0x20"}, {"name": "THR", "offset": "0x24"}, {"name": "VERSION", "offset": "0x28"}, {"name": "PARAMETER", "offset": "0x2c"}]}, {"name": "PARC", "start": "0x4006c000", "end": "0x4006c3ff", "size": "0x400", "comment": "", "registers": [{"name": "CFG", "offset": "0x0"}, {"name": "CR", "offset": "0x4"}, {"name": "IER", "offset": "0x8"}, {"name": "IDR", "offset": "0xc"}, {"name": "IMR", "offset": "0x10"}, {"name": "SR", "offset": "0x14"}, {"name": "ICR", "offset": "0x18"}, {"name": "RHR", "offset": "0x1c"}, {"name": "VERSION", "offset": "0x20"}]}, {"name": "PDCA", "start": "0x400a2000", "end": "0x400a2fff", "size": "0x1000", "comment": "", "registers": [{"name": "PCONTROL", "offset": "0x800"}, {"name": "PRDATA0", "offset": "0x804"}, {"name": "PRSTALL0", "offset": "0x808"}, {"name": "PRLAT0", "offset": "0x80c"}, {"name": "PWDATA0", "offset": "0x810"}, {"name": "PWSTALL0", "offset": "0x814"}, {"name": "PWLAT0", "offset": "0x818"}, {"name": "PRDATA1", "offset": "0x81c"}, {"name": "PRSTALL1", "offset": "0x820"}, {"name": "PRLAT1", "offset": "0x824"}, {"name": "PWDATA1", "offset": "0x828"}, {"name": "PWSTALL1", "offset": "0x82c"}, {"name": "PWLAT1", "offset": "0x830"}, {"name": "VERSION", "offset": "0x834"}, {"name": "MAR0", "offset": "0x0"}, {"name": "MAR1", "offset": "0x40"}, {"name": "MAR2", "offset": "0x80"}, {"name": "MAR3", "offset": "0xc0"}, {"name": "MAR4", "offset": "0x100"}, {"name": "MAR5", "offset": "0x140"}, {"name": "MAR6", "offset": "0x180"}, {"name": "MAR7", "offset": "0x1c0"}, {"name": "MAR8", "offset": "0x200"}, {"name": "MAR9", "offset": "0x240"}, {"name": "MAR10", "offset": "0x280"}, {"name": "MAR11", "offset": "0x2c0"}, {"name": "MAR12", "offset": "0x300"}, {"name": "MAR13", "offset": "0x340"}, {"name": "MAR14", "offset": "0x380"}, {"name": "MAR15", "offset": "0x3c0"}, {"name": "PSR0", "offset": "0x4"}, {"name": "PSR1", "offset": "0x44"}, {"name": "PSR2", "offset": "0x84"}, {"name": "PSR3", "offset": "0xc4"}, {"name": "PSR4", "offset": "0x104"}, {"name": "PSR5", "offset": "0x144"}, {"name": "PSR6", "offset": "0x184"}, {"name": "PSR7", "offset": "0x1c4"}, {"name": "PSR8", "offset": "0x204"}, {"name": "PSR9", "offset": "0x244"}, {"name": "PSR10", "offset": "0x284"}, {"name": "PSR11", "offset": "0x2c4"}, {"name": "PSR12", "offset": "0x304"}, {"name": "PSR13", "offset": "0x344"}, {"name": "PSR14", "offset": "0x384"}, {"name": "PSR15", "offset": "0x3c4"}, {"name": "TCR0", "offset": "0x8"}, {"name": "TCR1", "offset": "0x48"}, {"name": "TCR2", "offset": "0x88"}, {"name": "TCR3", "offset": "0xc8"}, {"name": "TCR4", "offset": "0x108"}, {"name": "TCR5", "offset": "0x148"}, {"name": "TCR6", "offset": "0x188"}, {"name": "TCR7", "offset": "0x1c8"}, {"name": "TCR8", "offset": "0x208"}, {"name": "TCR9", "offset": "0x248"}, {"name": "TCR10", "offset": "0x288"}, {"name": "TCR11", "offset": "0x2c8"}, {"name": "TCR12", "offset": "0x308"}, {"name": "TCR13", "offset": "0x348"}, {"name": "TCR14", "offset": "0x388"}, {"name": "TCR15", "offset": "0x3c8"}, {"name": "MARR0", "offset": "0xc"}, {"name": "MARR1", "offset": "0x4c"}, {"name": "MARR2", "offset": "0x8c"}, {"name": "MARR3", "offset": "0xcc"}, {"name": "MARR4", "offset": "0x10c"}, {"name": "MARR5", "offset": "0x14c"}, {"name": "MARR6", "offset": "0x18c"}, {"name": "MARR7", "offset": "0x1cc"}, {"name": "MARR8", "offset": "0x20c"}, {"name": "MARR9", "offset": "0x24c"}, {"name": "MARR10", "offset": "0x28c"}, {"name": "MARR11", "offset": "0x2cc"}, {"name": "MARR12", "offset": "0x30c"}, {"name": "MARR13", "offset": "0x34c"}, {"name": "MARR14", "offset": "0x38c"}, {"name": "MARR15", "offset": "0x3cc"}, {"name": "TCRR0", "offset": "0x10"}, {"name": "TCRR1", "offset": "0x50"}, {"name": "TCRR2", "offset": "0x90"}, {"name": "TCRR3", "offset": "0xd0"}, {"name": "TCRR4", "offset": "0x110"}, {"name": "TCRR5", "offset": "0x150"}, {"name": "TCRR6", "offset": "0x190"}, {"name": "TCRR7", "offset": "0x1d0"}, {"name": "TCRR8", "offset": "0x210"}, {"name": "TCRR9", "offset": "0x250"}, {"name": "TCRR10", "offset": "0x290"}, {"name": "TCRR11", "offset": "0x2d0"}, {"name": "TCRR12", "offset": "0x310"}, {"name": "TCRR13", "offset": "0x350"}, {"name": "TCRR14", "offset": "0x390"}, {"name": "TCRR15", "offset": "0x3d0"}, {"name": "CR0", "offset": "0x14"}, {"name": "CR1", "offset": "0x54"}, {"name": "CR2", "offset": "0x94"}, {"name": "CR3", "offset": "0xd4"}, {"name": "CR4", "offset": "0x114"}, {"name": "CR5", "offset": "0x154"}, {"name": "CR6", "offset": "0x194"}, {"name": "CR7", "offset": "0x1d4"}, {"name": "CR8", "offset": "0x214"}, {"name": "CR9", "offset": "0x254"}, {"name": "CR10", "offset": "0x294"}, {"name": "CR11", "offset": "0x2d4"}, {"name": "CR12", "offset": "0x314"}, {"name": "CR13", "offset": "0x354"}, {"name": "CR14", "offset": "0x394"}, {"name": "CR15", "offset": "0x3d4"}, {"name": "MR0", "offset": "0x18"}, {"name": "MR1", "offset": "0x58"}, {"name": "MR2", "offset": "0x98"}, {"name": "MR3", "offset": "0xd8"}, {"name": "MR4", "offset": "0x118"}, {"name": "MR5", "offset": "0x158"}, {"name": "MR6", "offset": "0x198"}, {"name": "MR7", "offset": "0x1d8"}, {"name": "MR8", "offset": "0x218"}, {"name": "MR9", "offset": "0x258"}, {"name": "MR10", "offset": "0x298"}, {"name": "MR11", "offset": "0x2d8"}, {"name": "MR12", "offset": "0x318"}, {"name": "MR13", "offset": "0x358"}, {"name": "MR14", "offset": "0x398"}, {"name": "MR15", "offset": "0x3d8"}, {"name": "SR0", "offset": "0x1c"}, {"name": "SR1", "offset": "0x5c"}, {"name": "SR2", "offset": "0x9c"}, {"name": "SR3", "offset": "0xdc"}, {"name": "SR4", "offset": "0x11c"}, {"name": "SR5", "offset": "0x15c"}, {"name": "SR6", "offset": "0x19c"}, {"name": "SR7", "offset": "0x1dc"}, {"name": "SR8", "offset": "0x21c"}, {"name": "SR9", "offset": "0x25c"}, {"name": "SR10", "offset": "0x29c"}, {"name": "SR11", "offset": "0x2dc"}, {"name": "SR12", "offset": "0x31c"}, {"name": "SR13", "offset": "0x35c"}, {"name": "SR14", "offset": "0x39c"}, {"name": "SR15", "offset": "0x3dc"}, {"name": "IER0", "offset": "0x20"}, {"name": "IER1", "offset": "0x60"}, {"name": "IER2", "offset": "0xa0"}, {"name": "IER3", "offset": "0xe0"}, {"name": "IER4", "offset": "0x120"}, {"name": "IER5", "offset": "0x160"}, {"name": "IER6", "offset": "0x1a0"}, {"name": "IER7", "offset": "0x1e0"}, {"name": "IER8", "offset": "0x220"}, {"name": "IER9", "offset": "0x260"}, {"name": "IER10", "offset": "0x2a0"}, {"name": "IER11", "offset": "0x2e0"}, {"name": "IER12", "offset": "0x320"}, {"name": "IER13", "offset": "0x360"}, {"name": "IER14", "offset": "0x3a0"}, {"name": "IER15", "offset": "0x3e0"}, {"name": "IDR0", "offset": "0x24"}, {"name": "IDR1", "offset": "0x64"}, {"name": "IDR2", "offset": "0xa4"}, {"name": "IDR3", "offset": "0xe4"}, {"name": "IDR4", "offset": "0x124"}, {"name": "IDR5", "offset": "0x164"}, {"name": "IDR6", "offset": "0x1a4"}, {"name": "IDR7", "offset": "0x1e4"}, {"name": "IDR8", "offset": "0x224"}, {"name": "IDR9", "offset": "0x264"}, {"name": "IDR10", "offset": "0x2a4"}, {"name": "IDR11", "offset": "0x2e4"}, {"name": "IDR12", "offset": "0x324"}, {"name": "IDR13", "offset": "0x364"}, {"name": "IDR14", "offset": "0x3a4"}, {"name": "IDR15", "offset": "0x3e4"}, {"name": "IMR0", "offset": "0x28"}, {"name": "IMR1", "offset": "0x68"}, {"name": "IMR2", "offset": "0xa8"}, {"name": "IMR3", "offset": "0xe8"}, {"name": "IMR4", "offset": "0x128"}, {"name": "IMR5", "offset": "0x168"}, {"name": "IMR6", "offset": "0x1a8"}, {"name": "IMR7", "offset": "0x1e8"}, {"name": "IMR8", "offset": "0x228"}, {"name": "IMR9", "offset": "0x268"}, {"name": "IMR10", "offset": "0x2a8"}, {"name": "IMR11", "offset": "0x2e8"}, {"name": "IMR12", "offset": "0x328"}, {"name": "IMR13", "offset": "0x368"}, {"name": "IMR14", "offset": "0x3a8"}, {"name": "IMR15", "offset": "0x3e8"}, {"name": "ISR0", "offset": "0x2c"}, {"name": "ISR1", "offset": "0x6c"}, {"name": "ISR2", "offset": "0xac"}, {"name": "ISR3", "offset": "0xec"}, {"name": "ISR4", "offset": "0x12c"}, {"name": "ISR5", "offset": "0x16c"}, {"name": "ISR6", "offset": "0x1ac"}, {"name": "ISR7", "offset": "0x1ec"}, {"name": "ISR8", "offset": "0x22c"}, {"name": "ISR9", "offset": "0x26c"}, {"name": "ISR10", "offset": "0x2ac"}, {"name": "ISR11", "offset": "0x2ec"}, {"name": "ISR12", "offset": "0x32c"}, {"name": "ISR13", "offset": "0x36c"}, {"name": "ISR14", "offset": "0x3ac"}, {"name": "ISR15", "offset": "0x3ec"}]}, {"name": "PEVC", "start": "0x400a6000", "end": "0x400a63ff", "size": "0x400", "comment": "", "registers": [{"name": "CHSR", "offset": "0x0"}, {"name": "CHER", "offset": "0x4"}, {"name": "CHDR", "offset": "0x8"}, {"name": "SEV", "offset": "0x10"}, {"name": "BUSY", "offset": "0x14"}, {"name": "TRIER", "offset": "0x20"}, {"name": "TRIDR", "offset": "0x24"}, {"name": "TRIMR", "offset": "0x28"}, {"name": "TRSR", "offset": "0x30"}, {"name": "TRSCR", "offset": "0x34"}, {"name": "OVIER", "offset": "0x40"}, {"name": "OVIDR", "offset": "0x44"}, {"name": "OVIMR", "offset": "0x48"}, {"name": "OVSR", "offset": "0x50"}, {"name": "OVSCR", "offset": "0x54"}, {"name": "IGFDR", "offset": "0x300"}, {"name": "PARAMETER", "offset": "0x3f8"}, {"name": "VERSION", "offset": "0x3fc"}, {"name": "CHMX0", "offset": "0x100"}, {"name": "CHMX1", "offset": "0x104"}, {"name": "CHMX2", "offset": "0x108"}, {"name": "CHMX3", "offset": "0x10c"}, {"name": "CHMX4", "offset": "0x110"}, {"name": "CHMX5", "offset": "0x114"}, {"name": "CHMX6", "offset": "0x118"}, {"name": "CHMX7", "offset": "0x11c"}, {"name": "CHMX8", "offset": "0x120"}, {"name": "CHMX9", "offset": "0x124"}, {"name": "CHMX10", "offset": "0x128"}, {"name": "CHMX11", "offset": "0x12c"}, {"name": "CHMX12", "offset": "0x130"}, {"name": "CHMX13", "offset": "0x134"}, {"name": "CHMX14", "offset": "0x138"}, {"name": "CHMX15", "offset": "0x13c"}, {"name": "CHMX16", "offset": "0x140"}, {"name": "CHMX17", "offset": "0x144"}, {"name": "CHMX18", "offset": "0x148"}, {"name": "EVS0", "offset": "0x200"}, {"name": "EVS1", "offset": "0x204"}, {"name": "EVS2", "offset": "0x208"}, {"name": "EVS3", "offset": "0x20c"}, {"name": "EVS4", "offset": "0x210"}, {"name": "EVS5", "offset": "0x214"}, {"name": "EVS6", "offset": "0x218"}, {"name": "EVS7", "offset": "0x21c"}, {"name": "EVS8", "offset": "0x220"}, {"name": "EVS9", "offset": "0x224"}, {"name": "EVS10", "offset": "0x228"}, {"name": "EVS11", "offset": "0x22c"}, {"name": "EVS12", "offset": "0x230"}, {"name": "EVS13", "offset": "0x234"}, {"name": "EVS14", "offset": "0x238"}, {"name": "EVS15", "offset": "0x23c"}, {"name": "EVS16", "offset": "0x240"}, {"name": "EVS17", "offset": "0x244"}, {"name": "EVS18", "offset": "0x248"}, {"name": "EVS19", "offset": "0x24c"}, {"name": "EVS20", "offset": "0x250"}, {"name": "EVS21", "offset": "0x254"}, {"name": "EVS22", "offset": "0x258"}, {"name": "EVS23", "offset": "0x25c"}, {"name": "EVS24", "offset": "0x260"}, {"name": "EVS25", "offset": "0x264"}, {"name": "EVS26", "offset": "0x268"}, {"name": "EVS27", "offset": "0x26c"}, {"name": "EVS28", "offset": "0x270"}, {"name": "EVS29", "offset": "0x274"}, {"name": "EVS30", "offset": "0x278"}]}, {"name": "PICOUART", "start": "0x400f1400", "end": "0x400f17ff", "size": "0x400", "comment": "", "registers": [{"name": "CR", "offset": "0x0"}, {"name": "CFG", "offset": "0x4"}, {"name": "SR", "offset": "0x8"}, {"name": "RHR", "offset": "0xc"}, {"name": "VERSION", "offset": "0x20"}]}, {"name": "PM", "start": "0x400e0000", "end": "0x400e03ff", "size": "0x400", "comment": "", "registers": [{"name": "MCCTRL", "offset": "0x0"}, {"name": "CPUSEL", "offset": "0x4"}, {"name": "PBASEL", "offset": "0xc"}, {"name": "PBBSEL", "offset": "0x10"}, {"name": "PBCSEL", "offset": "0x14"}, {"name": "PBDSEL", "offset": "0x18"}, {"name": "CPUMASK", "offset": "0x20"}, {"name": "HSBMASK", "offset": "0x24"}, {"name": "PBAMASK", "offset": "0x28"}, {"name": "PBBMASK", "offset": "0x2c"}, {"name": "PBCMASK", "offset": "0x30"}, {"name": "PBDMASK", "offset": "0x34"}, {"name": "PBADIVMASK", "offset": "0x40"}, {"name": "CFDCTRL", "offset": "0x54"}, {"name": "UNLOCK", "offset": "0x58"}, {"name": "IER", "offset": "0xc0"}, {"name": "IDR", "offset": "0xc4"}, {"name": "IMR", "offset": "0xc8"}, {"name": "ISR", "offset": "0xcc"}, {"name": "ICR", "offset": "0xd0"}, {"name": "SR", "offset": "0xd4"}, {"name": "PPCR", "offset": "0x160"}, {"name": "RCAUSE", "offset": "0x180"}, {"name": "WCAUSE", "offset": "0x184"}, {"name": "AWEN", "offset": "0x188"}, {"name": "OBS", "offset": "0x190"}, {"name": "FASTSLEEP", "offset": "0x194"}, {"name": "CONFIG", "offset": "0x3f8"}, {"name": "VERSION", "offset": "0x3fc"}]}, {"name": "SCIF", "start": "0x400e0800", "end": "0x400e0bff", "size": "0x400", "comment": "", "registers": [{"name": "IER", "offset": "0x0"}, {"name": "IDR", "offset": "0x4"}, {"name": "IMR", "offset": "0x8"}, {"name": "ISR", "offset": "0xc"}, {"name": "ICR", "offset": "0x10"}, {"name": "PCLKSR", "offset": "0x14"}, {"name": "UNLOCK", "offset": "0x18"}, {"name": "CSCR", "offset": "0x1c"}, {"name": "OSCCTRL0", "offset": "0x20"}, {"name": "PLL", "offset": "0x24"}, {"name": "DFLL0CONF", "offset": "0x28"}, {"name": "DFLL0VAL", "offset": "0x2c"}, {"name": "DFLL0MUL", "offset": "0x30"}, {"name": "DFLL0STEP", "offset": "0x34"}, {"name": "DFLL0SSG", "offset": "0x38"}, {"name": "DFLL0RATIO", "offset": "0x3c"}, {"name": "DFLL0SYNC", "offset": "0x40"}, {"name": "RCCR", "offset": "0x44"}, {"name": "RCFASTCFG", "offset": "0x48"}, {"name": "RCFASTSR", "offset": "0x4c"}, {"name": "RC80MCR", "offset": "0x50"}, {"name": "HRPCR", "offset": "0x64"}, {"name": "FPCR", "offset": "0x68"}, {"name": "FPMUL", "offset": "0x6c"}, {"name": "FPDIV", "offset": "0x70"}, {"name": "RCFASTVERSION", "offset": "0x3d8"}, {"name": "GCLKPRESCVERSION", "offset": "0x3dc"}, {"name": "PLLIFAVERSION", "offset": "0x3e0"}, {"name": "OSCIFAVERSION", "offset": "0x3e4"}, {"name": "DFLLIFBVERSION", "offset": "0x3e8"}, {"name": "RCOSCIFAVERSION", "offset": "0x3ec"}, {"name": "FLOVERSION", "offset": "0x3f0"}, {"name": "RC80MVERSION", "offset": "0x3f4"}, {"name": "GCLKIFVERSION", "offset": "0x3f8"}, {"name": "VERSION", "offset": "0x3fc"}, {"name": "GCCTRL0", "offset": "0x74"}, {"name": "GCCTRL1", "offset": "0x78"}, {"name": "GCCTRL2", "offset": "0x7c"}, {"name": "GCCTRL3", "offset": "0x80"}, {"name": "GCCTRL4", "offset": "0x84"}, {"name": "GCCTRL5", "offset": "0x88"}, {"name": "GCCTRL6", "offset": "0x8c"}, {"name": "GCCTRL7", "offset": "0x90"}, {"name": "GCCTRL8", "offset": "0x94"}, {"name": "GCCTRL9", "offset": "0x98"}, {"name": "GCCTRL10", "offset": "0x9c"}, {"name": "GCCTRL11", "offset": "0xa0"}]}, {"name": "SMAP", "start": "0x400a3000", "end": "0x400a33ff", "size": "0x400", "comment": "", "registers": [{"name": "CR", "offset": "0x0"}, {"name": "SR", "offset": "0x4"}, {"name": "SCR", "offset": "0x8"}, {"name": "ADDR", "offset": "0xc"}, {"name": "LENGTH", "offset": "0x10"}, {"name": "DATA", "offset": "0x14"}, {"name": "VERSION", "offset": "0x28"}, {"name": "CIDR", "offset": "0xf0"}, {"name": "EXID", "offset": "0xf4"}, {"name": "IDR", "offset": "0xfc"}]}, {"name": "SPI", "start": "0x40008000", "end": "0x400083ff", "size": "0x400", "comment": "", "registers": [{"name": "CR", "offset": "0x0"}, {"name": "MR", "offset": "0x4"}, {"name": "RDR", "offset": "0x8"}, {"name": "TDR", "offset": "0xc"}, {"name": "SR", "offset": "0x10"}, {"name": "IER", "offset": "0x14"}, {"name": "IDR", "offset": "0x18"}, {"name": "IMR", "offset": "0x1c"}, {"name": "WPCR", "offset": "0xe4"}, {"name": "WPSR", "offset": "0xe8"}, {"name": "FEATURES", "offset": "0xf8"}, {"name": "VERSION", "offset": "0xfc"}, {"name": "CSR0", "offset": "0x30"}, {"name": "CSR1", "offset": "0x34"}, {"name": "CSR2", "offset": "0x38"}, {"name": "CSR3", "offset": "0x3c"}]}, {"name": "TC0", "start": "0x40010000", "end": "0x400103ff", "size": "0x400", "comment": "", "registers": [{"name": "BCR", "offset": "0xc0"}, {"name": "BMR", "offset": "0xc4"}, {"name": "WPMR", "offset": "0xe4"}, {"name": "FEATURES", "offset": "0xf8"}, {"name": "VERSION", "offset": "0xfc"}, {"name": "CCR0", "offset": "0x0"}, {"name": "CCR1", "offset": "0x40"}, {"name": "CCR2", "offset": "0x80"}, {"name": "CMR0_CAPTURE", "offset": "0x4"}, {"name": "CMR1_CAPTURE", "offset": "0x44"}, {"name": "CMR2_CAPTURE", "offset": "0x84"}, {"name": "CMR0_WAVEFORM", "offset": "0x4"}, {"name": "CMR1_WAVEFORM", "offset": "0x44"}, {"name": "CMR2_WAVEFORM", "offset": "0x84"}, {"name": "SMMR0", "offset": "0x8"}, {"name": "SMMR1", "offset": "0x48"}, {"name": "SMMR2", "offset": "0x88"}, {"name": "CV0", "offset": "0x10"}, {"name": "CV1", "offset": "0x50"}, {"name": "CV2", "offset": "0x90"}, {"name": "RA0", "offset": "0x14"}, {"name": "RA1", "offset": "0x54"}, {"name": "RA2", "offset": "0x94"}, {"name": "RB0", "offset": "0x18"}, {"name": "RB1", "offset": "0x58"}, {"name": "RB2", "offset": "0x98"}, {"name": "RC0", "offset": "0x1c"}, {"name": "RC1", "offset": "0x5c"}, {"name": "RC2", "offset": "0x9c"}, {"name": "SR0", "offset": "0x20"}, {"name": "SR1", "offset": "0x60"}, {"name": "SR2", "offset": "0xa0"}, {"name": "IER0", "offset": "0x24"}, {"name": "IER1", "offset": "0x64"}, {"name": "IER2", "offset": "0xa4"}, {"name": "IDR0", "offset": "0x28"}, {"name": "IDR1", "offset": "0x68"}, {"name": "IDR2", "offset": "0xa8"}, {"name": "IMR0", "offset": "0x2c"}, {"name": "IMR1", "offset": "0x6c"}, {"name": "IMR2", "offset": "0xac"}]}, {"name": "TC1", "start": "0x40014000", "end": "0x400143ff", "size": "0x400", "comment": "", "registers": [{"name": "BCR", "offset": "0xc0"}, {"name": "BMR", "offset": "0xc4"}, {"name": "WPMR", "offset": "0xe4"}, {"name": "FEATURES", "offset": "0xf8"}, {"name": "VERSION", "offset": "0xfc"}, {"name": "CCR0", "offset": "0x0"}, {"name": "CCR1", "offset": "0x40"}, {"name": "CCR2", "offset": "0x80"}, {"name": "CMR0_CAPTURE", "offset": "0x4"}, {"name": "CMR1_CAPTURE", "offset": "0x44"}, {"name": "CMR2_CAPTURE", "offset": "0x84"}, {"name": "CMR0_WAVEFORM", "offset": "0x4"}, {"name": "CMR1_WAVEFORM", "offset": "0x44"}, {"name": "CMR2_WAVEFORM", "offset": "0x84"}, {"name": "SMMR0", "offset": "0x8"}, {"name": "SMMR1", "offset": "0x48"}, {"name": "SMMR2", "offset": "0x88"}, {"name": "CV0", "offset": "0x10"}, {"name": "CV1", "offset": "0x50"}, {"name": "CV2", "offset": "0x90"}, {"name": "RA0", "offset": "0x14"}, {"name": "RA1", "offset": "0x54"}, {"name": "RA2", "offset": "0x94"}, {"name": "RB0", "offset": "0x18"}, {"name": "RB1", "offset": "0x58"}, {"name": "RB2", "offset": "0x98"}, {"name": "RC0", "offset": "0x1c"}, {"name": "RC1", "offset": "0x5c"}, {"name": "RC2", "offset": "0x9c"}, {"name": "SR0", "offset": "0x20"}, {"name": "SR1", "offset": "0x60"}, {"name": "SR2", "offset": "0xa0"}, {"name": "IER0", "offset": "0x24"}, {"name": "IER1", "offset": "0x64"}, {"name": "IER2", "offset": "0xa4"}, {"name": "IDR0", "offset": "0x28"}, {"name": "IDR1", "offset": "0x68"}, {"name": "IDR2", "offset": "0xa8"}, {"name": "IMR0", "offset": "0x2c"}, {"name": "IMR1", "offset": "0x6c"}, {"name": "IMR2", "offset": "0xac"}]}, {"name": "TRNG", "start": "0x40068000", "end": "0x400683ff", "size": "0x400", "comment": "", "registers": [{"name": "CR", "offset": "0x0"}, {"name": "IER", "offset": "0x10"}, {"name": "IDR", "offset": "0x14"}, {"name": "IMR", "offset": "0x18"}, {"name": "ISR", "offset": "0x1c"}, {"name": "ODATA", "offset": "0x50"}, {"name": "VERSION", "offset": "0xfc"}]}, {"name": "TWIM0", "start": "0x40018000", "end": "0x400183ff", "size": "0x400", "comment": "", "registers": [{"name": "CR", "offset": "0x0"}, {"name": "CWGR", "offset": "0x4"}, {"name": "SMBTR", "offset": "0x8"}, {"name": "CMDR", "offset": "0xc"}, {"name": "NCMDR", "offset": "0x10"}, {"name": "RHR", "offset": "0x14"}, {"name": "THR", "offset": "0x18"}, {"name": "SR", "offset": "0x1c"}, {"name": "IER", "offset": "0x20"}, {"name": "IDR", "offset": "0x24"}, {"name": "IMR", "offset": "0x28"}, {"name": "SCR", "offset": "0x2c"}, {"name": "PR", "offset": "0x30"}, {"name": "VR", "offset": "0x34"}, {"name": "HSCWGR", "offset": "0x38"}, {"name": "SRR", "offset": "0x3c"}, {"name": "HSSRR", "offset": "0x40"}]}, {"name": "TWIM1", "start": "0x4001c000", "end": "0x4001c3ff", "size": "0x400", "comment": "", "registers": [{"name": "CR", "offset": "0x0"}, {"name": "CWGR", "offset": "0x4"}, {"name": "SMBTR", "offset": "0x8"}, {"name": "CMDR", "offset": "0xc"}, {"name": "NCMDR", "offset": "0x10"}, {"name": "RHR", "offset": "0x14"}, {"name": "THR", "offset": "0x18"}, {"name": "SR", "offset": "0x1c"}, {"name": "IER", "offset": "0x20"}, {"name": "IDR", "offset": "0x24"}, {"name": "IMR", "offset": "0x28"}, {"name": "SCR", "offset": "0x2c"}, {"name": "PR", "offset": "0x30"}, {"name": "VR", "offset": "0x34"}, {"name": "HSCWGR", "offset": "0x38"}, {"name": "SRR", "offset": "0x3c"}, {"name": "HSSRR", "offset": "0x40"}]}, {"name": "TWIM2", "start": "0x40078000", "end": "0x400783ff", "size": "0x400", "comment": "", "registers": [{"name": "CR", "offset": "0x0"}, {"name": "CWGR", "offset": "0x4"}, {"name": "SMBTR", "offset": "0x8"}, {"name": "CMDR", "offset": "0xc"}, {"name": "NCMDR", "offset": "0x10"}, {"name": "RHR", "offset": "0x14"}, {"name": "THR", "offset": "0x18"}, {"name": "SR", "offset": "0x1c"}, {"name": "IER", "offset": "0x20"}, {"name": "IDR", "offset": "0x24"}, {"name": "IMR", "offset": "0x28"}, {"name": "SCR", "offset": "0x2c"}, {"name": "PR", "offset": "0x30"}, {"name": "VR", "offset": "0x34"}, {"name": "HSCWGR", "offset": "0x38"}, {"name": "SRR", "offset": "0x3c"}, {"name": "HSSRR", "offset": "0x40"}]}, {"name": "TWIM3", "start": "0x4007c000", "end": "0x4007c3ff", "size": "0x400", "comment": "", "registers": [{"name": "CR", "offset": "0x0"}, {"name": "CWGR", "offset": "0x4"}, {"name": "SMBTR", "offset": "0x8"}, {"name": "CMDR", "offset": "0xc"}, {"name": "NCMDR", "offset": "0x10"}, {"name": "RHR", "offset": "0x14"}, {"name": "THR", "offset": "0x18"}, {"name": "SR", "offset": "0x1c"}, {"name": "IER", "offset": "0x20"}, {"name": "IDR", "offset": "0x24"}, {"name": "IMR", "offset": "0x28"}, {"name": "SCR", "offset": "0x2c"}, {"name": "PR", "offset": "0x30"}, {"name": "VR", "offset": "0x34"}, {"name": "HSCWGR", "offset": "0x38"}, {"name": "SRR", "offset": "0x3c"}, {"name": "HSSRR", "offset": "0x40"}]}, {"name": "TWIS0", "start": "0x40018400", "end": "0x400187ff", "size": "0x400", "comment": "", "registers": [{"name": "CR", "offset": "0x0"}, {"name": "NBYTES", "offset": "0x4"}, {"name": "TR", "offset": "0x8"}, {"name": "RHR", "offset": "0xc"}, {"name": "THR", "offset": "0x10"}, {"name": "PECR", "offset": "0x14"}, {"name": "SR", "offset": "0x18"}, {"name": "IER", "offset": "0x1c"}, {"name": "IDR", "offset": "0x20"}, {"name": "IMR", "offset": "0x24"}, {"name": "SCR", "offset": "0x28"}, {"name": "PR", "offset": "0x2c"}, {"name": "VR", "offset": "0x30"}, {"name": "HSTR", "offset": "0x34"}, {"name": "SRR", "offset": "0x38"}, {"name": "HSSRR", "offset": "0x3c"}]}, {"name": "TWIS1", "start": "0x4001c400", "end": "0x4001c7ff", "size": "0x400", "comment": "", "registers": [{"name": "CR", "offset": "0x0"}, {"name": "NBYTES", "offset": "0x4"}, {"name": "TR", "offset": "0x8"}, {"name": "RHR", "offset": "0xc"}, {"name": "THR", "offset": "0x10"}, {"name": "PECR", "offset": "0x14"}, {"name": "SR", "offset": "0x18"}, {"name": "IER", "offset": "0x1c"}, {"name": "IDR", "offset": "0x20"}, {"name": "IMR", "offset": "0x24"}, {"name": "SCR", "offset": "0x28"}, {"name": "PR", "offset": "0x2c"}, {"name": "VR", "offset": "0x30"}, {"name": "HSTR", "offset": "0x34"}, {"name": "SRR", "offset": "0x38"}, {"name": "HSSRR", "offset": "0x3c"}]}, {"name": "USART0", "start": "0x40024000", "end": "0x400243ff", "size": "0x400", "comment": "", "registers": [{"name": "CR_LIN_MODE", "offset": "0x0"}, {"name": "CR_SPI_MASTER_MODE", "offset": "0x0"}, {"name": "CR_USART_MODE", "offset": "0x0"}, {"name": "MR_SPI_MODE", "offset": "0x4"}, {"name": "MR_USART_MODE", "offset": "0x4"}, {"name": "IER_LIN_MODE", "offset": "0x8"}, {"name": "IER_SPI_SLAVE_MODE", "offset": "0x8"}, {"name": "IER_USART_MODE", "offset": "0x8"}, {"name": "IDR_LIN_MODE", "offset": "0xc"}, {"name": "IDR_SPI_SLAVE_MODE", "offset": "0xc"}, {"name": "IDR_USART_MODE", "offset": "0xc"}, {"name": "IMR_LIN_MODE", "offset": "0x10"}, {"name": "IMR_SPI_SLAVE_MODE", "offset": "0x10"}, {"name": "IMR_USART_MODE", "offset": "0x10"}, {"name": "CSR_LIN_MODE", "offset": "0x14"}, {"name": "CSR_SPI_SLAVE_MODE", "offset": "0x14"}, {"name": "CSR_USART_MODE", "offset": "0x14"}, {"name": "RHR", "offset": "0x18"}, {"name": "THR", "offset": "0x1c"}, {"name": "BRGR", "offset": "0x20"}, {"name": "RTOR", "offset": "0x24"}, {"name": "TTGR", "offset": "0x28"}, {"name": "FIDI", "offset": "0x40"}, {"name": "NER", "offset": "0x44"}, {"name": "IFR", "offset": "0x4c"}, {"name": "MAN", "offset": "0x50"}, {"name": "LINMR", "offset": "0x54"}, {"name": "LINIR", "offset": "0x58"}, {"name": "LINBRR", "offset": "0x5c"}, {"name": "WPMR", "offset": "0xe4"}, {"name": "WPSR", "offset": "0xe8"}, {"name": "VERSION", "offset": "0xfc"}]}, {"name": "USART1", "start": "0x40028000", "end": "0x400283ff", "size": "0x400", "comment": "", "registers": [{"name": "CR_LIN_MODE", "offset": "0x0"}, {"name": "CR_SPI_MASTER_MODE", "offset": "0x0"}, {"name": "CR_USART_MODE", "offset": "0x0"}, {"name": "MR_SPI_MODE", "offset": "0x4"}, {"name": "MR_USART_MODE", "offset": "0x4"}, {"name": "IER_LIN_MODE", "offset": "0x8"}, {"name": "IER_SPI_SLAVE_MODE", "offset": "0x8"}, {"name": "IER_USART_MODE", "offset": "0x8"}, {"name": "IDR_LIN_MODE", "offset": "0xc"}, {"name": "IDR_SPI_SLAVE_MODE", "offset": "0xc"}, {"name": "IDR_USART_MODE", "offset": "0xc"}, {"name": "IMR_LIN_MODE", "offset": "0x10"}, {"name": "IMR_SPI_SLAVE_MODE", "offset": "0x10"}, {"name": "IMR_USART_MODE", "offset": "0x10"}, {"name": "CSR_LIN_MODE", "offset": "0x14"}, {"name": "CSR_SPI_SLAVE_MODE", "offset": "0x14"}, {"name": "CSR_USART_MODE", "offset": "0x14"}, {"name": "RHR", "offset": "0x18"}, {"name": "THR", "offset": "0x1c"}, {"name": "BRGR", "offset": "0x20"}, {"name": "RTOR", "offset": "0x24"}, {"name": "TTGR", "offset": "0x28"}, {"name": "FIDI", "offset": "0x40"}, {"name": "NER", "offset": "0x44"}, {"name": "IFR", "offset": "0x4c"}, {"name": "MAN", "offset": "0x50"}, {"name": "LINMR", "offset": "0x54"}, {"name": "LINIR", "offset": "0x58"}, {"name": "LINBRR", "offset": "0x5c"}, {"name": "WPMR", "offset": "0xe4"}, {"name": "WPSR", "offset": "0xe8"}, {"name": "VERSION", "offset": "0xfc"}]}, {"name": "USART2", "start": "0x4002c000", "end": "0x4002c3ff", "size": "0x400", "comment": "", "registers": [{"name": "CR_LIN_MODE", "offset": "0x0"}, {"name": "CR_SPI_MASTER_MODE", "offset": "0x0"}, {"name": "CR_USART_MODE", "offset": "0x0"}, {"name": "MR_SPI_MODE", "offset": "0x4"}, {"name": "MR_USART_MODE", "offset": "0x4"}, {"name": "IER_LIN_MODE", "offset": "0x8"}, {"name": "IER_SPI_SLAVE_MODE", "offset": "0x8"}, {"name": "IER_USART_MODE", "offset": "0x8"}, {"name": "IDR_LIN_MODE", "offset": "0xc"}, {"name": "IDR_SPI_SLAVE_MODE", "offset": "0xc"}, {"name": "IDR_USART_MODE", "offset": "0xc"}, {"name": "IMR_LIN_MODE", "offset": "0x10"}, {"name": "IMR_SPI_SLAVE_MODE", "offset": "0x10"}, {"name": "IMR_USART_MODE", "offset": "0x10"}, {"name": "CSR_LIN_MODE", "offset": "0x14"}, {"name": "CSR_SPI_SLAVE_MODE", "offset": "0x14"}, {"name": "CSR_USART_MODE", "offset": "0x14"}, {"name": "RHR", "offset": "0x18"}, {"name": "THR", "offset": "0x1c"}, {"name": "BRGR", "offset": "0x20"}, {"name": "RTOR", "offset": "0x24"}, {"name": "TTGR", "offset": "0x28"}, {"name": "FIDI", "offset": "0x40"}, {"name": "NER", "offset": "0x44"}, {"name": "IFR", "offset": "0x4c"}, {"name": "MAN", "offset": "0x50"}, {"name": "LINMR", "offset": "0x54"}, {"name": "LINIR", "offset": "0x58"}, {"name": "LINBRR", "offset": "0x5c"}, {"name": "WPMR", "offset": "0xe4"}, {"name": "WPSR", "offset": "0xe8"}, {"name": "VERSION", "offset": "0xfc"}]}, {"name": "USART3", "start": "0x40030000", "end": "0x400303ff", "size": "0x400", "comment": "", "registers": [{"name": "CR_LIN_MODE", "offset": "0x0"}, {"name": "CR_SPI_MASTER_MODE", "offset": "0x0"}, {"name": "CR_USART_MODE", "offset": "0x0"}, {"name": "MR_SPI_MODE", "offset": "0x4"}, {"name": "MR_USART_MODE", "offset": "0x4"}, {"name": "IER_LIN_MODE", "offset": "0x8"}, {"name": "IER_SPI_SLAVE_MODE", "offset": "0x8"}, {"name": "IER_USART_MODE", "offset": "0x8"}, {"name": "IDR_LIN_MODE", "offset": "0xc"}, {"name": "IDR_SPI_SLAVE_MODE", "offset": "0xc"}, {"name": "IDR_USART_MODE", "offset": "0xc"}, {"name": "IMR_LIN_MODE", "offset": "0x10"}, {"name": "IMR_SPI_SLAVE_MODE", "offset": "0x10"}, {"name": "IMR_USART_MODE", "offset": "0x10"}, {"name": "CSR_LIN_MODE", "offset": "0x14"}, {"name": "CSR_SPI_SLAVE_MODE", "offset": "0x14"}, {"name": "CSR_USART_MODE", "offset": "0x14"}, {"name": "RHR", "offset": "0x18"}, {"name": "THR", "offset": "0x1c"}, {"name": "BRGR", "offset": "0x20"}, {"name": "RTOR", "offset": "0x24"}, {"name": "TTGR", "offset": "0x28"}, {"name": "FIDI", "offset": "0x40"}, {"name": "NER", "offset": "0x44"}, {"name": "IFR", "offset": "0x4c"}, {"name": "MAN", "offset": "0x50"}, {"name": "LINMR", "offset": "0x54"}, {"name": "LINIR", "offset": "0x58"}, {"name": "LINBRR", "offset": "0x5c"}, {"name": "WPMR", "offset": "0xe4"}, {"name": "WPSR", "offset": "0xe8"}, {"name": "VERSION", "offset": "0xfc"}]}, {"name": "USBC", "start": "0x400a5000", "end": "0x400a5fff", "size": "0x1000", "comment": "", "registers": [{"name": "UDCON", "offset": "0x0"}, {"name": "UDINT", "offset": "0x4"}, {"name": "UDINTCLR", "offset": "0x8"}, {"name": "UDINTSET", "offset": "0xc"}, {"name": "UDINTE", "offset": "0x10"}, {"name": "UDINTECLR", "offset": "0x14"}, {"name": "UDINTESET", "offset": "0x18"}, {"name": "UERST", "offset": "0x1c"}, {"name": "UDFNUM", "offset": "0x20"}, {"name": "UECFG0", "offset": "0x100"}, {"name": "UECFG1", "offset": "0x104"}, {"name": "UECFG2", "offset": "0x108"}, {"name": "UECFG3", "offset": "0x10c"}, {"name": "UECFG4", "offset": "0x110"}, {"name": "UECFG5", "offset": "0x114"}, {"name": "UECFG6", "offset": "0x118"}, {"name": "UECFG7", "offset": "0x11c"}, {"name": "UESTA0", "offset": "0x130"}, {"name": "UESTA1", "offset": "0x134"}, {"name": "UESTA2", "offset": "0x138"}, {"name": "UESTA3", "offset": "0x13c"}, {"name": "UESTA4", "offset": "0x140"}, {"name": "UESTA5", "offset": "0x144"}, {"name": "UESTA6", "offset": "0x148"}, {"name": "UESTA7", "offset": "0x14c"}, {"name": "UESTA0CLR", "offset": "0x160"}, {"name": "UESTA1CLR", "offset": "0x164"}, {"name": "UESTA2CLR", "offset": "0x168"}, {"name": "UESTA3CLR", "offset": "0x16c"}, {"name": "UESTA4CLR", "offset": "0x170"}, {"name": "UESTA5CLR", "offset": "0x174"}, {"name": "UESTA6CLR", "offset": "0x178"}, {"name": "UESTA7CLR", "offset": "0x17c"}, {"name": "UESTA0SET", "offset": "0x190"}, {"name": "UESTA1SET", "offset": "0x194"}, {"name": "UESTA2SET", "offset": "0x198"}, {"name": "UESTA3SET", "offset": "0x19c"}, {"name": "UESTA4SET", "offset": "0x1a0"}, {"name": "UESTA5SET", "offset": "0x1a4"}, {"name": "UESTA6SET", "offset": "0x1a8"}, {"name": "UESTA7SET", "offset": "0x1ac"}, {"name": "UECON0", "offset": "0x1c0"}, {"name": "UECON1", "offset": "0x1c4"}, {"name": "UECON2", "offset": "0x1c8"}, {"name": "UECON3", "offset": "0x1cc"}, {"name": "UECON4", "offset": "0x1d0"}, {"name": "UECON5", "offset": "0x1d4"}, {"name": "UECON6", "offset": "0x1d8"}, {"name": "UECON7", "offset": "0x1dc"}, {"name": "UECON0SET", "offset": "0x1f0"}, {"name": "UECON1SET", "offset": "0x1f4"}, {"name": "UECON2SET", "offset": "0x1f8"}, {"name": "UECON3SET", "offset": "0x1fc"}, {"name": "UECON4SET", "offset": "0x200"}, {"name": "UECON5SET", "offset": "0x204"}, {"name": "UECON6SET", "offset": "0x208"}, {"name": "UECON7SET", "offset": "0x20c"}, {"name": "UECON0CLR", "offset": "0x220"}, {"name": "UECON1CLR", "offset": "0x224"}, {"name": "UECON2CLR", "offset": "0x228"}, {"name": "UECON3CLR", "offset": "0x22c"}, {"name": "UECON4CLR", "offset": "0x230"}, {"name": "UECON5CLR", "offset": "0x234"}, {"name": "UECON6CLR", "offset": "0x238"}, {"name": "UECON7CLR", "offset": "0x23c"}, {"name": "UHCON", "offset": "0x400"}, {"name": "UHINT", "offset": "0x404"}, {"name": "UHINTCLR", "offset": "0x408"}, {"name": "UHINTSET", "offset": "0x40c"}, {"name": "UHINTE", "offset": "0x410"}, {"name": "UHINTECLR", "offset": "0x414"}, {"name": "UHINTESET", "offset": "0x418"}, {"name": "UPRST", "offset": "0x41c"}, {"name": "UHFNUM", "offset": "0x420"}, {"name": "UHSOFC", "offset": "0x424"}, {"name": "UPCFG0", "offset": "0x500"}, {"name": "UPCFG1", "offset": "0x504"}, {"name": "UPCFG2", "offset": "0x508"}, {"name": "UPCFG3", "offset": "0x50c"}, {"name": "UPCFG4", "offset": "0x510"}, {"name": "UPCFG5", "offset": "0x514"}, {"name": "UPCFG6", "offset": "0x518"}, {"name": "UPCFG7", "offset": "0x51c"}, {"name": "UPSTA0", "offset": "0x530"}, {"name": "UPSTA1", "offset": "0x534"}, {"name": "UPSTA2", "offset": "0x538"}, {"name": "UPSTA3", "offset": "0x53c"}, {"name": "UPSTA4", "offset": "0x540"}, {"name": "UPSTA5", "offset": "0x544"}, {"name": "UPSTA6", "offset": "0x548"}, {"name": "UPSTA7", "offset": "0x54c"}, {"name": "UPSTA0CLR", "offset": "0x560"}, {"name": "UPSTA1CLR", "offset": "0x564"}, {"name": "UPSTA2CLR", "offset": "0x568"}, {"name": "UPSTA3CLR", "offset": "0x56c"}, {"name": "UPSTA4CLR", "offset": "0x570"}, {"name": "UPSTA5CLR", "offset": "0x574"}, {"name": "UPSTA6CLR", "offset": "0x578"}, {"name": "UPSTA7CLR", "offset": "0x57c"}, {"name": "UPSTA0SET", "offset": "0x590"}, {"name": "UPSTA1SET", "offset": "0x594"}, {"name": "UPSTA2SET", "offset": "0x598"}, {"name": "UPSTA3SET", "offset": "0x59c"}, {"name": "UPSTA4SET", "offset": "0x5a0"}, {"name": "UPSTA5SET", "offset": "0x5a4"}, {"name": "UPSTA6SET", "offset": "0x5a8"}, {"name": "UPSTA7SET", "offset": "0x5ac"}, {"name": "UPCON0", "offset": "0x5c0"}, {"name": "UPCON1", "offset": "0x5c4"}, {"name": "UPCON2", "offset": "0x5c8"}, {"name": "UPCON3", "offset": "0x5cc"}, {"name": "UPCON4", "offset": "0x5d0"}, {"name": "UPCON5", "offset": "0x5d4"}, {"name": "UPCON6", "offset": "0x5d8"}, {"name": "UPCON7", "offset": "0x5dc"}, {"name": "UPCON0SET", "offset": "0x5f0"}, {"name": "UPCON1SET", "offset": "0x5f4"}, {"name": "UPCON2SET", "offset": "0x5f8"}, {"name": "UPCON3SET", "offset": "0x5fc"}, {"name": "UPCON4SET", "offset": "0x600"}, {"name": "UPCON5SET", "offset": "0x604"}, {"name": "UPCON6SET", "offset": "0x608"}, {"name": "UPCON7SET", "offset": "0x60c"}, {"name": "UPCON0CLR", "offset": "0x620"}, {"name": "UPCON1CLR", "offset": "0x624"}, {"name": "UPCON2CLR", "offset": "0x628"}, {"name": "UPCON3CLR", "offset": "0x62c"}, {"name": "UPCON4CLR", "offset": "0x630"}, {"name": "UPCON5CLR", "offset": "0x634"}, {"name": "UPCON6CLR", "offset": "0x638"}, {"name": "UPCON7CLR", "offset": "0x63c"}, {"name": "UPINRQ0", "offset": "0x650"}, {"name": "UPINRQ1", "offset": "0x654"}, {"name": "UPINRQ2", "offset": "0x658"}, {"name": "UPINRQ3", "offset": "0x65c"}, {"name": "UPINRQ4", "offset": "0x660"}, {"name": "UPINRQ5", "offset": "0x664"}, {"name": "UPINRQ6", "offset": "0x668"}, {"name": "UPINRQ7", "offset": "0x66c"}, {"name": "USBCON", "offset": "0x800"}, {"name": "USBSTA", "offset": "0x804"}, {"name": "USBSTACLR", "offset": "0x808"}, {"name": "USBSTASET", "offset": "0x80c"}, {"name": "UVERS", "offset": "0x818"}, {"name": "UFEATURES", "offset": "0x81c"}, {"name": "UADDRSIZE", "offset": "0x820"}, {"name": "UNAME1", "offset": "0x824"}, {"name": "UNAME2", "offset": "0x828"}, {"name": "USBFSM", "offset": "0x82c"}, {"name": "UDESC", "offset": "0x830"}]}, {"name": "WDT", "start": "0x400f0c00", "end": "0x400f0fff", "size": "0x400", "comment": "", "registers": [{"name": "CTRL", "offset": "0x0"}, {"name": "CLR", "offset": "0x4"}, {"name": "SR", "offset": "0x8"}, {"name": "IER", "offset": "0xc"}, {"name": "IDR", "offset": "0x10"}, {"name": "IMR", "offset": "0x14"}, {"name": "ISR", "offset": "0x18"}, {"name": "ICR", "offset": "0x1c"}, {"name": "VERSION", "offset": "0x3fc"}]}], "vector_table": [{"name": "StackPointer_Value", "value": -1, "addr": "0x0", "comment": "Stack pointer initial value"}, {"name": "Reset", "value": -1, "addr": "0x4", "comment": "Priority: -3"}, {"name": "NMI", "value": -1, "addr": "0x8", "comment": "Priority: -2"}, {"name": "HardFault", "value": -1, "addr": "0xc", "comment": "Priority: -1"}, {"name": "SVCall", "value": -1, "addr": "0x2c", "comment": "Priority: 3"}, {"name": "PendSV", "value": -1, "addr": "0x38", "comment": "Priority: 5"}, {"name": "SysTick", "value": -1, "addr": "0x3c", "comment": "Priority: 6"}, {"name": "HFLASHC_INTREQ", "value": 0, "comment": "", "addr": "0x40"}, {"name": "PDCA_INTREQ_0", "value": 1, "comment": "", "addr": "0x44"}, {"name": "PDCA_INTREQ_1", "value": 2, "comment": "", "addr": "0x48"}, {"name": "PDCA_INTREQ_2", "value": 3, "comment": "", "addr": "0x4c"}, {"name": "PDCA_INTREQ_3", "value": 4, "comment": "", "addr": "0x50"}, {"name": "PDCA_INTREQ_4", "value": 5, "comment": "", "addr": "0x54"}, {"name": "PDCA_INTREQ_5", "value": 6, "comment": "", "addr": "0x58"}, {"name": "PDCA_INTREQ_6", "value": 7, "comment": "", "addr": "0x5c"}, {"name": "PDCA_INTREQ_7", "value": 8, "comment": "", "addr": "0x60"}, {"name": "PDCA_INTREQ_8", "value": 9, "comment": "", "addr": "0x64"}, {"name": "PDCA_INTREQ_9", "value": 10, "comment": "", "addr": "0x68"}, {"name": "PDCA_INTREQ_10", "value": 11, "comment": "", "addr": "0x6c"}, {"name": "PDCA_INTREQ_11", "value": 12, "comment": "", "addr": "0x70"}, {"name": "PDCA_INTREQ_12", "value": 13, "comment": "", "addr": "0x74"}, {"name": "PDCA_INTREQ_13", "value": 14, "comment": "", "addr": "0x78"}, {"name": "PDCA_INTREQ_14", "value": 15, "comment": "", "addr": "0x7c"}, {"name": "PDCA_INTREQ_15", "value": 16, "comment": "", "addr": "0x80"}, {"name": "CRCCU_INTREQ", "value": 17, "comment": "", "addr": "0x84"}, {"name": "USBC_INTREQ", "value": 18, "comment": "", "addr": "0x88"}, {"name": "PEVC_INTREQ_0", "value": 19, "comment": "", "addr": "0x8c"}, {"name": "PEVC_INTREQ_1", "value": 20, "comment": "", "addr": "0x90"}, {"name": "PM_INTREQ", "value": 22, "comment": "", "addr": "0x98"}, {"name": "SCIF_INTREQ", "value": 23, "comment": "", "addr": "0x9c"}, {"name": "FREQM_INTREQ", "value": 24, "comment": "", "addr": "0xa0"}, {"name": "GPIO_INTREQ_0", "value": 25, "comment": "", "addr": "0xa4"}, {"name": "GPIO_INTREQ_1", "value": 26, "comment": "", "addr": "0xa8"}, {"name": "GPIO_INTREQ_2", "value": 27, "comment": "", "addr": "0xac"}, {"name": "GPIO_INTREQ_3", "value": 28, "comment": "", "addr": "0xb0"}, {"name": "GPIO_INTREQ_4", "value": 29, "comment": "", "addr": "0xb4"}, {"name": "GPIO_INTREQ_5", "value": 30, "comment": "", "addr": "0xb8"}, {"name": "GPIO_INTREQ_6", "value": 31, "comment": "", "addr": "0xbc"}, {"name": "GPIO_INTREQ_7", "value": 32, "comment": "", "addr": "0xc0"}, {"name": "GPIO_INTREQ_8", "value": 33, "comment": "", "addr": "0xc4"}, {"name": "GPIO_INTREQ_9", "value": 34, "comment": "", "addr": "0xc8"}, {"name": "GPIO_INTREQ_10", "value": 35, "comment": "", "addr": "0xcc"}, {"name": "GPIO_INTREQ_11", "value": 36, "comment": "", "addr": "0xd0"}, {"name": "BPM_INTREQ", "value": 37, "comment": "", "addr": "0xd4"}, {"name": "BSCIF_INTREQ", "value": 38, "comment": "", "addr": "0xd8"}, {"name": "AST_INTREQ_0", "value": 39, "comment": "", "addr": "0xdc"}, {"name": "AST_INTREQ_1", "value": 40, "comment": "", "addr": "0xe0"}, {"name": "AST_INTREQ_2", "value": 41, "comment": "", "addr": "0xe4"}, {"name": "AST_INTREQ_3", "value": 42, "comment": "", "addr": "0xe8"}, {"name": "AST_INTREQ_4", "value": 43, "comment": "", "addr": "0xec"}, {"name": "WDT_INTREQ", "value": 44, "comment": "", "addr": "0xf0"}, {"name": "EIC_INTREQ_0", "value": 45, "comment": "", "addr": "0xf4"}, {"name": "EIC_INTREQ_1", "value": 46, "comment": "", "addr": "0xf8"}, {"name": "EIC_INTREQ_2", "value": 47, "comment": "", "addr": "0xfc"}, {"name": "EIC_INTREQ_3", "value": 48, "comment": "", "addr": "0x100"}, {"name": "EIC_INTREQ_4", "value": 49, "comment": "", "addr": "0x104"}, {"name": "EIC_INTREQ_5", "value": 50, "comment": "", "addr": "0x108"}, {"name": "EIC_INTREQ_6", "value": 51, "comment": "", "addr": "0x10c"}, {"name": "EIC_INTREQ_7", "value": 52, "comment": "", "addr": "0x110"}, {"name": "IISC_INTREQ", "value": 53, "comment": "", "addr": "0x114"}, {"name": "SPI_INTREQ", "value": 54, "comment": "", "addr": "0x118"}, {"name": "TC0_INTREQ_0", "value": 55, "comment": "", "addr": "0x11c"}, {"name": "TC0_INTREQ_1", "value": 56, "comment": "", "addr": "0x120"}, {"name": "TC0_INTREQ_2", "value": 57, "comment": "", "addr": "0x124"}, {"name": "TC1_INTREQ_0", "value": 58, "comment": "", "addr": "0x128"}, {"name": "TC1_INTREQ_1", "value": 59, "comment": "", "addr": "0x12c"}, {"name": "TC1_INTREQ_2", "value": 60, "comment": "", "addr": "0x130"}, {"name": "TWIM0_INTREQ", "value": 61, "comment": "", "addr": "0x134"}, {"name": "TWIS0_INTREQ", "value": 62, "comment": "", "addr": "0x138"}, {"name": "TWIM1_INTREQ", "value": 63, "comment": "", "addr": "0x13c"}, {"name": "TWIS1_INTREQ", "value": 64, "comment": "", "addr": "0x140"}, {"name": "USART0_INTREQ", "value": 65, "comment": "", "addr": "0x144"}, {"name": "USART1_INTREQ", "value": 66, "comment": "", "addr": "0x148"}, {"name": "USART2_INTREQ", "value": 67, "comment": "", "addr": "0x14c"}, {"name": "USART3_INTREQ", "value": 68, "comment": "", "addr": "0x150"}, {"name": "ADCIFE_INTREQ", "value": 69, "comment": "", "addr": "0x154"}, {"name": "DACC_INTREQ", "value": 70, "comment": "", "addr": "0x158"}, {"name": "ACIFC_INTREQ", "value": 71, "comment": "", "addr": "0x15c"}, {"name": "ABDACB_INTREQ", "value": 72, "comment": "", "addr": "0x160"}, {"name": "TRNG_INTREQ", "value": 73, "comment": "", "addr": "0x164"}, {"name": "PARC_INTREQ", "value": 74, "comment": "", "addr": "0x168"}, {"name": "CATB_INTREQ", "value": 75, "comment": "", "addr": "0x16c"}, {"name": "TWIM2_INTREQ", "value": 77, "comment": "", "addr": "0x174"}, {"name": "TWIM3_INTREQ", "value": 78, "comment": "", "addr": "0x178"}]}