{"brand": "SiLabs", "family": "Tiny Geco", "name": "EFM32TG1xx_2xx", "bits": 32, "mode": 1, "segments": [{"name": "SRAM", "start": "0x20000000", "end": "0x20000fff", "size": "0x1000", "type": "DATA"}, {"name": "SRAM_ALIAS", "start": "0x22000000", "end": "0x22000fff", "size": "0x1000", "type": "DATA"}], "peripherals": [{"name": "AES", "start": "0x400e0000", "end": "0x400e03ff", "size": "0x400", "comment": "", "registers": [{"name": "CTRL", "offset": "0x0"}, {"name": "CMD", "offset": "0x4"}, {"name": "STATUS", "offset": "0x8"}, {"name": "IEN", "offset": "0xc"}, {"name": "IF", "offset": "0x10"}, {"name": "IFS", "offset": "0x14"}, {"name": "IFC", "offset": "0x18"}, {"name": "DATA", "offset": "0x1c"}, {"name": "XORDATA", "offset": "0x20"}, {"name": "KEYLA", "offset": "0x30"}, {"name": "KEYLB", "offset": "0x34"}, {"name": "KEYLC", "offset": "0x38"}, {"name": "KEYLD", "offset": "0x3c"}, {"name": "KEYHA", "offset": "0x40"}, {"name": "KEYHB", "offset": "0x44"}, {"name": "KEYHC", "offset": "0x48"}, {"name": "KEYHD", "offset": "0x4c"}]}, {"name": "DMA", "start": "0x400c2000", "end": "0x400c3fff", "size": "0x2000", "comment": "", "registers": [{"name": "STATUS", "offset": "0x0"}, {"name": "CONFIG", "offset": "0x4"}, {"name": "CTRLBASE", "offset": "0x8"}, {"name": "ALTCTRLBASE", "offset": "0xc"}, {"name": "CHWAITSTATUS", "offset": "0x10"}, {"name": "CHSWREQ", "offset": "0x14"}, {"name": "CHUSEBURSTS", "offset": "0x18"}, {"name": "CHUSEBURSTC", "offset": "0x1c"}, {"name": "CHREQMASKS", "offset": "0x20"}, {"name": "CHREQMASKC", "offset": "0x24"}, {"name": "CHENS", "offset": "0x28"}, {"name": "CHENC", "offset": "0x2c"}, {"name": "CHALTS", "offset": "0x30"}, {"name": "CHALTC", "offset": "0x34"}, {"name": "CHPRIS", "offset": "0x38"}, {"name": "CHPRIC", "offset": "0x3c"}, {"name": "ERRORC", "offset": "0x4c"}, {"name": "CHREQSTATUS", "offset": "0xe10"}, {"name": "CHSREQSTATUS", "offset": "0xe18"}, {"name": "IF", "offset": "0x1000"}, {"name": "IFS", "offset": "0x1004"}, {"name": "IFC", "offset": "0x1008"}, {"name": "IEN", "offset": "0x100c"}, {"name": "CH0_CTRL", "offset": "0x1100"}, {"name": "CH1_CTRL", "offset": "0x1104"}, {"name": "CH2_CTRL", "offset": "0x1108"}, {"name": "CH3_CTRL", "offset": "0x110c"}, {"name": "CH4_CTRL", "offset": "0x1110"}, {"name": "CH5_CTRL", "offset": "0x1114"}, {"name": "CH6_CTRL", "offset": "0x1118"}, {"name": "CH7_CTRL", "offset": "0x111c"}]}, {"name": "MSC", "start": "0x400c0000", "end": "0x400c03ff", "size": "0x400", "comment": "", "registers": [{"name": "CTRL", "offset": "0x0"}, {"name": "READCTRL", "offset": "0x4"}, {"name": "WRITECTRL", "offset": "0x8"}, {"name": "WRITECMD", "offset": "0xc"}, {"name": "ADDRB", "offset": "0x10"}, {"name": "WDATA", "offset": "0x18"}, {"name": "STATUS", "offset": "0x1c"}, {"name": "IF", "offset": "0x2c"}, {"name": "IFS", "offset": "0x30"}, {"name": "IFC", "offset": "0x34"}, {"name": "IEN", "offset": "0x38"}, {"name": "LOCK", "offset": "0x3c"}, {"name": "CMD", "offset": "0x40"}, {"name": "CACHEHITS", "offset": "0x44"}, {"name": "CACHEMISSES", "offset": "0x48"}, {"name": "TIMEBASE", "offset": "0x50"}]}, {"name": "EMU", "start": "0x400c6000", "end": "0x400c63ff", "size": "0x400", "comment": "", "registers": [{"name": "CTRL", "offset": "0x0"}, {"name": "LOCK", "offset": "0x8"}, {"name": "AUXCTRL", "offset": "0x24"}]}, {"name": "RMU", "start": "0x400ca000", "end": "0x400ca3ff", "size": "0x400", "comment": "", "registers": [{"name": "CTRL", "offset": "0x0"}, {"name": "RSTCAUSE", "offset": "0x4"}, {"name": "CMD", "offset": "0x8"}]}, {"name": "CMU", "start": "0x400c8000", "end": "0x400c83ff", "size": "0x400", "comment": "", "registers": [{"name": "CTRL", "offset": "0x0"}, {"name": "HFCORECLKDIV", "offset": "0x4"}, {"name": "HFPERCLKDIV", "offset": "0x8"}, {"name": "HFRCOCTRL", "offset": "0xc"}, {"name": "LFRCOCTRL", "offset": "0x10"}, {"name": "AUXHFRCOCTRL", "offset": "0x14"}, {"name": "CALCTRL", "offset": "0x18"}, {"name": "CALCNT", "offset": "0x1c"}, {"name": "OSCENCMD", "offset": "0x20"}, {"name": "CMD", "offset": "0x24"}, {"name": "LFCLKSEL", "offset": "0x28"}, {"name": "STATUS", "offset": "0x2c"}, {"name": "IF", "offset": "0x30"}, {"name": "IFS", "offset": "0x34"}, {"name": "IFC", "offset": "0x38"}, {"name": "IEN", "offset": "0x3c"}, {"name": "HFCORECLKEN0", "offset": "0x40"}, {"name": "HFPERCLKEN0", "offset": "0x44"}, {"name": "SYNCBUSY", "offset": "0x50"}, {"name": "FREEZE", "offset": "0x54"}, {"name": "LFACLKEN0", "offset": "0x58"}, {"name": "LFBCLKEN0", "offset": "0x60"}, {"name": "LFAPRESC0", "offset": "0x68"}, {"name": "LFBPRESC0", "offset": "0x70"}, {"name": "PCNTCTRL", "offset": "0x78"}, {"name": "ROUTE", "offset": "0x80"}, {"name": "LOCK", "offset": "0x84"}]}, {"name": "LESENSE", "start": "0x4008c000", "end": "0x4008c3ff", "size": "0x400", "comment": "", "registers": [{"name": "CTRL", "offset": "0x0"}, {"name": "TIMCTRL", "offset": "0x4"}, {"name": "PERCTRL", "offset": "0x8"}, {"name": "DECCTRL", "offset": "0xc"}, {"name": "BIASCTRL", "offset": "0x10"}, {"name": "CMD", "offset": "0x14"}, {"name": "CHEN", "offset": "0x18"}, {"name": "SCANRES", "offset": "0x1c"}, {"name": "STATUS", "offset": "0x20"}, {"name": "PTR", "offset": "0x24"}, {"name": "BUFDATA", "offset": "0x28"}, {"name": "CURCH", "offset": "0x2c"}, {"name": "DECSTATE", "offset": "0x30"}, {"name": "SENSORSTATE", "offset": "0x34"}, {"name": "IDLECONF", "offset": "0x38"}, {"name": "ALTEXCONF", "offset": "0x3c"}, {"name": "IF", "offset": "0x40"}, {"name": "IFC", "offset": "0x44"}, {"name": "IFS", "offset": "0x48"}, {"name": "IEN", "offset": "0x4c"}, {"name": "SYNCBUSY", "offset": "0x50"}, {"name": "ROUTE", "offset": "0x54"}, {"name": "POWERDOWN", "offset": "0x58"}, {"name": "ST0_TCONFA", "offset": "0x200"}, {"name": "ST0_TCONFB", "offset": "0x204"}, {"name": "ST1_TCONFA", "offset": "0x208"}, {"name": "ST1_TCONFB", "offset": "0x20c"}, {"name": "ST2_TCONFA", "offset": "0x210"}, {"name": "ST2_TCONFB", "offset": "0x214"}, {"name": "ST3_TCONFA", "offset": "0x218"}, {"name": "ST3_TCONFB", "offset": "0x21c"}, {"name": "ST4_TCONFA", "offset": "0x220"}, {"name": "ST4_TCONFB", "offset": "0x224"}, {"name": "ST5_TCONFA", "offset": "0x228"}, {"name": "ST5_TCONFB", "offset": "0x22c"}, {"name": "ST6_TCONFA", "offset": "0x230"}, {"name": "ST6_TCONFB", "offset": "0x234"}, {"name": "ST7_TCONFA", "offset": "0x238"}, {"name": "ST7_TCONFB", "offset": "0x23c"}, {"name": "ST8_TCONFA", "offset": "0x240"}, {"name": "ST8_TCONFB", "offset": "0x244"}, {"name": "ST9_TCONFA", "offset": "0x248"}, {"name": "ST9_TCONFB", "offset": "0x24c"}, {"name": "ST10_TCONFA", "offset": "0x250"}, {"name": "ST10_TCONFB", "offset": "0x254"}, {"name": "ST11_TCONFA", "offset": "0x258"}, {"name": "ST11_TCONFB", "offset": "0x25c"}, {"name": "ST12_TCONFA", "offset": "0x260"}, {"name": "ST12_TCONFB", "offset": "0x264"}, {"name": "ST13_TCONFA", "offset": "0x268"}, {"name": "ST13_TCONFB", "offset": "0x26c"}, {"name": "ST14_TCONFA", "offset": "0x270"}, {"name": "ST14_TCONFB", "offset": "0x274"}, {"name": "ST15_TCONFA", "offset": "0x278"}, {"name": "ST15_TCONFB", "offset": "0x27c"}, {"name": "BUF0_DATA", "offset": "0x280"}, {"name": "BUF1_DATA", "offset": "0x284"}, {"name": "BUF2_DATA", "offset": "0x288"}, {"name": "BUF3_DATA", "offset": "0x28c"}, {"name": "BUF4_DATA", "offset": "0x290"}, {"name": "BUF5_DATA", "offset": "0x294"}, {"name": "BUF6_DATA", "offset": "0x298"}, {"name": "BUF7_DATA", "offset": "0x29c"}, {"name": "BUF8_DATA", "offset": "0x2a0"}, {"name": "BUF9_DATA", "offset": "0x2a4"}, {"name": "BUF10_DATA", "offset": "0x2a8"}, {"name": "BUF11_DATA", "offset": "0x2ac"}, {"name": "BUF12_DATA", "offset": "0x2b0"}, {"name": "BUF13_DATA", "offset": "0x2b4"}, {"name": "BUF14_DATA", "offset": "0x2b8"}, {"name": "BUF15_DATA", "offset": "0x2bc"}, {"name": "CH0_TIMING", "offset": "0x2c0"}, {"name": "CH0_INTERACT", "offset": "0x2c4"}, {"name": "CH0_EVAL", "offset": "0x2c8"}, {"name": "CH1_TIMING", "offset": "0x2d0"}, {"name": "CH1_INTERACT", "offset": "0x2d4"}, {"name": "CH1_EVAL", "offset": "0x2d8"}, {"name": "CH2_TIMING", "offset": "0x2e0"}, {"name": "CH2_INTERACT", "offset": "0x2e4"}, {"name": "CH2_EVAL", "offset": "0x2e8"}, {"name": "CH3_TIMING", "offset": "0x2f0"}, {"name": "CH3_INTERACT", "offset": "0x2f4"}, {"name": "CH3_EVAL", "offset": "0x2f8"}, {"name": "CH4_TIMING", "offset": "0x300"}, {"name": "CH4_INTERACT", "offset": "0x304"}, {"name": "CH4_EVAL", "offset": "0x308"}, {"name": "CH5_TIMING", "offset": "0x310"}, {"name": "CH5_INTERACT", "offset": "0x314"}, {"name": "CH5_EVAL", "offset": "0x318"}, {"name": "CH6_TIMING", "offset": "0x320"}, {"name": "CH6_INTERACT", "offset": "0x324"}, {"name": "CH6_EVAL", "offset": "0x328"}, {"name": "CH7_TIMING", "offset": "0x330"}, {"name": "CH7_INTERACT", "offset": "0x334"}, {"name": "CH7_EVAL", "offset": "0x338"}, {"name": "CH8_TIMING", "offset": "0x340"}, {"name": "CH8_INTERACT", "offset": "0x344"}, {"name": "CH8_EVAL", "offset": "0x348"}, {"name": "CH9_TIMING", "offset": "0x350"}, {"name": "CH9_INTERACT", "offset": "0x354"}, {"name": "CH9_EVAL", "offset": "0x358"}, {"name": "CH10_TIMING", "offset": "0x360"}, {"name": "CH10_INTERACT", "offset": "0x364"}, {"name": "CH10_EVAL", "offset": "0x368"}, {"name": "CH11_TIMING", "offset": "0x370"}, {"name": "CH11_INTERACT", "offset": "0x374"}, {"name": "CH11_EVAL", "offset": "0x378"}, {"name": "CH12_TIMING", "offset": "0x380"}, {"name": "CH12_INTERACT", "offset": "0x384"}, {"name": "CH12_EVAL", "offset": "0x388"}, {"name": "CH13_TIMING", "offset": "0x390"}, {"name": "CH13_INTERACT", "offset": "0x394"}, {"name": "CH13_EVAL", "offset": "0x398"}, {"name": "CH14_TIMING", "offset": "0x3a0"}, {"name": "CH14_INTERACT", "offset": "0x3a4"}, {"name": "CH14_EVAL", "offset": "0x3a8"}, {"name": "CH15_TIMING", "offset": "0x3b0"}, {"name": "CH15_INTERACT", "offset": "0x3b4"}, {"name": "CH15_EVAL", "offset": "0x3b8"}]}, {"name": "RTC", "start": "0x40080000", "end": "0x400803ff", "size": "0x400", "comment": "", "registers": [{"name": "CTRL", "offset": "0x0"}, {"name": "CNT", "offset": "0x4"}, {"name": "COMP0", "offset": "0x8"}, {"name": "COMP1", "offset": "0xc"}, {"name": "IF", "offset": "0x10"}, {"name": "IFS", "offset": "0x14"}, {"name": "IFC", "offset": "0x18"}, {"name": "IEN", "offset": "0x1c"}, {"name": "FREEZE", "offset": "0x20"}, {"name": "SYNCBUSY", "offset": "0x24"}]}, {"name": "ACMP0", "start": "0x40001000", "end": "0x400013ff", "size": "0x400", "comment": "", "registers": [{"name": "CTRL", "offset": "0x0"}, {"name": "INPUTSEL", "offset": "0x4"}, {"name": "STATUS", "offset": "0x8"}, {"name": "IEN", "offset": "0xc"}, {"name": "IF", "offset": "0x10"}, {"name": "IFS", "offset": "0x14"}, {"name": "IFC", "offset": "0x18"}, {"name": "ROUTE", "offset": "0x1c"}]}, {"name": "ACMP1", "start": "0x40001400", "end": "0x400017ff", "size": "0x400", "comment": "", "registers": [{"name": "CTRL", "offset": "0x0"}, {"name": "INPUTSEL", "offset": "0x4"}, {"name": "STATUS", "offset": "0x8"}, {"name": "IEN", "offset": "0xc"}, {"name": "IF", "offset": "0x10"}, {"name": "IFS", "offset": "0x14"}, {"name": "IFC", "offset": "0x18"}, {"name": "ROUTE", "offset": "0x1c"}]}, {"name": "USART0", "start": "0x4000c000", "end": "0x4000c3ff", "size": "0x400", "comment": "", "registers": [{"name": "CTRL", "offset": "0x0"}, {"name": "FRAME", "offset": "0x4"}, {"name": "TRIGCTRL", "offset": "0x8"}, {"name": "CMD", "offset": "0xc"}, {"name": "STATUS", "offset": "0x10"}, {"name": "CLKDIV", "offset": "0x14"}, {"name": "RXDATAX", "offset": "0x18"}, {"name": "RXDATA", "offset": "0x1c"}, {"name": "RXDOUBLEX", "offset": "0x20"}, {"name": "RXDOUBLE", "offset": "0x24"}, {"name": "RXDATAXP", "offset": "0x28"}, {"name": "RXDOUBLEXP", "offset": "0x2c"}, {"name": "TXDATAX", "offset": "0x30"}, {"name": "TXDATA", "offset": "0x34"}, {"name": "TXDOUBLEX", "offset": "0x38"}, {"name": "TXDOUBLE", "offset": "0x3c"}, {"name": "IF", "offset": "0x40"}, {"name": "IFS", "offset": "0x44"}, {"name": "IFC", "offset": "0x48"}, {"name": "IEN", "offset": "0x4c"}, {"name": "IRCTRL", "offset": "0x50"}, {"name": "ROUTE", "offset": "0x54"}, {"name": "INPUT", "offset": "0x58"}, {"name": "I2SCTRL", "offset": "0x5c"}]}, {"name": "USART1", "start": "0x4000c400", "end": "0x4000c7ff", "size": "0x400", "comment": "", "registers": [{"name": "CTRL", "offset": "0x0"}, {"name": "FRAME", "offset": "0x4"}, {"name": "TRIGCTRL", "offset": "0x8"}, {"name": "CMD", "offset": "0xc"}, {"name": "STATUS", "offset": "0x10"}, {"name": "CLKDIV", "offset": "0x14"}, {"name": "RXDATAX", "offset": "0x18"}, {"name": "RXDATA", "offset": "0x1c"}, {"name": "RXDOUBLEX", "offset": "0x20"}, {"name": "RXDOUBLE", "offset": "0x24"}, {"name": "RXDATAXP", "offset": "0x28"}, {"name": "RXDOUBLEXP", "offset": "0x2c"}, {"name": "TXDATAX", "offset": "0x30"}, {"name": "TXDATA", "offset": "0x34"}, {"name": "TXDOUBLEX", "offset": "0x38"}, {"name": "TXDOUBLE", "offset": "0x3c"}, {"name": "IF", "offset": "0x40"}, {"name": "IFS", "offset": "0x44"}, {"name": "IFC", "offset": "0x48"}, {"name": "IEN", "offset": "0x4c"}, {"name": "IRCTRL", "offset": "0x50"}, {"name": "ROUTE", "offset": "0x54"}, {"name": "INPUT", "offset": "0x58"}, {"name": "I2SCTRL", "offset": "0x5c"}]}, {"name": "TIMER0", "start": "0x40010000", "end": "0x400103ff", "size": "0x400", "comment": "", "registers": [{"name": "CTRL", "offset": "0x0"}, {"name": "CMD", "offset": "0x4"}, {"name": "STATUS", "offset": "0x8"}, {"name": "IEN", "offset": "0xc"}, {"name": "IF", "offset": "0x10"}, {"name": "IFS", "offset": "0x14"}, {"name": "IFC", "offset": "0x18"}, {"name": "TOP", "offset": "0x1c"}, {"name": "TOPB", "offset": "0x20"}, {"name": "CNT", "offset": "0x24"}, {"name": "ROUTE", "offset": "0x28"}, {"name": "CC0_CTRL", "offset": "0x30"}, {"name": "CC0_CCV", "offset": "0x34"}, {"name": "CC0_CCVP", "offset": "0x38"}, {"name": "CC0_CCVB", "offset": "0x3c"}, {"name": "CC1_CTRL", "offset": "0x40"}, {"name": "CC1_CCV", "offset": "0x44"}, {"name": "CC1_CCVP", "offset": "0x48"}, {"name": "CC1_CCVB", "offset": "0x4c"}, {"name": "CC2_CTRL", "offset": "0x50"}, {"name": "CC2_CCV", "offset": "0x54"}, {"name": "CC2_CCVP", "offset": "0x58"}, {"name": "CC2_CCVB", "offset": "0x5c"}]}, {"name": "TIMER1", "start": "0x40010400", "end": "0x400107ff", "size": "0x400", "comment": "", "registers": [{"name": "CTRL", "offset": "0x0"}, {"name": "CMD", "offset": "0x4"}, {"name": "STATUS", "offset": "0x8"}, {"name": "IEN", "offset": "0xc"}, {"name": "IF", "offset": "0x10"}, {"name": "IFS", "offset": "0x14"}, {"name": "IFC", "offset": "0x18"}, {"name": "TOP", "offset": "0x1c"}, {"name": "TOPB", "offset": "0x20"}, {"name": "CNT", "offset": "0x24"}, {"name": "ROUTE", "offset": "0x28"}, {"name": "CC0_CTRL", "offset": "0x30"}, {"name": "CC0_CCV", "offset": "0x34"}, {"name": "CC0_CCVP", "offset": "0x38"}, {"name": "CC0_CCVB", "offset": "0x3c"}, {"name": "CC1_CTRL", "offset": "0x40"}, {"name": "CC1_CCV", "offset": "0x44"}, {"name": "CC1_CCVP", "offset": "0x48"}, {"name": "CC1_CCVB", "offset": "0x4c"}, {"name": "CC2_CTRL", "offset": "0x50"}, {"name": "CC2_CCV", "offset": "0x54"}, {"name": "CC2_CCVP", "offset": "0x58"}, {"name": "CC2_CCVB", "offset": "0x5c"}]}, {"name": "GPIO", "start": "0x40006000", "end": "0x40006fff", "size": "0x1000", "comment": "", "registers": [{"name": "PA_CTRL", "offset": "0x0"}, {"name": "PA_MODEL", "offset": "0x4"}, {"name": "PA_MODEH", "offset": "0x8"}, {"name": "PA_DOUT", "offset": "0xc"}, {"name": "PA_DOUTSET", "offset": "0x10"}, {"name": "PA_DOUTCLR", "offset": "0x14"}, {"name": "PA_DOUTTGL", "offset": "0x18"}, {"name": "PA_DIN", "offset": "0x1c"}, {"name": "PA_PINLOCKN", "offset": "0x20"}, {"name": "PB_CTRL", "offset": "0x24"}, {"name": "PB_MODEL", "offset": "0x28"}, {"name": "PB_MODEH", "offset": "0x2c"}, {"name": "PB_DOUT", "offset": "0x30"}, {"name": "PB_DOUTSET", "offset": "0x34"}, {"name": "PB_DOUTCLR", "offset": "0x38"}, {"name": "PB_DOUTTGL", "offset": "0x3c"}, {"name": "PB_DIN", "offset": "0x40"}, {"name": "PB_PINLOCKN", "offset": "0x44"}, {"name": "PC_CTRL", "offset": "0x48"}, {"name": "PC_MODEL", "offset": "0x4c"}, {"name": "PC_MODEH", "offset": "0x50"}, {"name": "PC_DOUT", "offset": "0x54"}, {"name": "PC_DOUTSET", "offset": "0x58"}, {"name": "PC_DOUTCLR", "offset": "0x5c"}, {"name": "PC_DOUTTGL", "offset": "0x60"}, {"name": "PC_DIN", "offset": "0x64"}, {"name": "PC_PINLOCKN", "offset": "0x68"}, {"name": "PD_CTRL", "offset": "0x6c"}, {"name": "PD_MODEL", "offset": "0x70"}, {"name": "PD_MODEH", "offset": "0x74"}, {"name": "PD_DOUT", "offset": "0x78"}, {"name": "PD_DOUTSET", "offset": "0x7c"}, {"name": "PD_DOUTCLR", "offset": "0x80"}, {"name": "PD_DOUTTGL", "offset": "0x84"}, {"name": "PD_DIN", "offset": "0x88"}, {"name": "PD_PINLOCKN", "offset": "0x8c"}, {"name": "PE_CTRL", "offset": "0x90"}, {"name": "PE_MODEL", "offset": "0x94"}, {"name": "PE_MODEH", "offset": "0x98"}, {"name": "PE_DOUT", "offset": "0x9c"}, {"name": "PE_DOUTSET", "offset": "0xa0"}, {"name": "PE_DOUTCLR", "offset": "0xa4"}, {"name": "PE_DOUTTGL", "offset": "0xa8"}, {"name": "PE_DIN", "offset": "0xac"}, {"name": "PE_PINLOCKN", "offset": "0xb0"}, {"name": "PF_CTRL", "offset": "0xb4"}, {"name": "PF_MODEL", "offset": "0xb8"}, {"name": "PF_MODEH", "offset": "0xbc"}, {"name": "PF_DOUT", "offset": "0xc0"}, {"name": "PF_DOUTSET", "offset": "0xc4"}, {"name": "PF_DOUTCLR", "offset": "0xc8"}, {"name": "PF_DOUTTGL", "offset": "0xcc"}, {"name": "PF_DIN", "offset": "0xd0"}, {"name": "PF_PINLOCKN", "offset": "0xd4"}, {"name": "EXTIPSELL", "offset": "0x100"}, {"name": "EXTIPSELH", "offset": "0x104"}, {"name": "EXTIRISE", "offset": "0x108"}, {"name": "EXTIFALL", "offset": "0x10c"}, {"name": "IEN", "offset": "0x110"}, {"name": "IF", "offset": "0x114"}, {"name": "IFS", "offset": "0x118"}, {"name": "IFC", "offset": "0x11c"}, {"name": "ROUTE", "offset": "0x120"}, {"name": "INSENSE", "offset": "0x124"}, {"name": "LOCK", "offset": "0x128"}, {"name": "CTRL", "offset": "0x12c"}, {"name": "CMD", "offset": "0x130"}, {"name": "EM4WUEN", "offset": "0x134"}, {"name": "EM4WUPOL", "offset": "0x138"}, {"name": "EM4WUCAUSE", "offset": "0x13c"}]}, {"name": "VCMP", "start": "0x40000000", "end": "0x400003ff", "size": "0x400", "comment": "", "registers": [{"name": "CTRL", "offset": "0x0"}, {"name": "INPUTSEL", "offset": "0x4"}, {"name": "STATUS", "offset": "0x8"}, {"name": "IEN", "offset": "0xc"}, {"name": "IF", "offset": "0x10"}, {"name": "IFS", "offset": "0x14"}, {"name": "IFC", "offset": "0x18"}]}, {"name": "PRS", "start": "0x400cc000", "end": "0x400cc3ff", "size": "0x400", "comment": "", "registers": [{"name": "SWPULSE", "offset": "0x0"}, {"name": "SWLEVEL", "offset": "0x4"}, {"name": "ROUTE", "offset": "0x8"}, {"name": "CH0_CTRL", "offset": "0x10"}, {"name": "CH1_CTRL", "offset": "0x14"}, {"name": "CH2_CTRL", "offset": "0x18"}, {"name": "CH3_CTRL", "offset": "0x1c"}, {"name": "CH4_CTRL", "offset": "0x20"}, {"name": "CH5_CTRL", "offset": "0x24"}, {"name": "CH6_CTRL", "offset": "0x28"}, {"name": "CH7_CTRL", "offset": "0x2c"}]}, {"name": "LEUART0", "start": "0x40084000", "end": "0x400843ff", "size": "0x400", "comment": "", "registers": [{"name": "CTRL", "offset": "0x0"}, {"name": "CMD", "offset": "0x4"}, {"name": "STATUS", "offset": "0x8"}, {"name": "CLKDIV", "offset": "0xc"}, {"name": "STARTFRAME", "offset": "0x10"}, {"name": "SIGFRAME", "offset": "0x14"}, {"name": "RXDATAX", "offset": "0x18"}, {"name": "RXDATA", "offset": "0x1c"}, {"name": "RXDATAXP", "offset": "0x20"}, {"name": "TXDATAX", "offset": "0x24"}, {"name": "TXDATA", "offset": "0x28"}, {"name": "IF", "offset": "0x2c"}, {"name": "IFS", "offset": "0x30"}, {"name": "IFC", "offset": "0x34"}, {"name": "IEN", "offset": "0x38"}, {"name": "PULSECTRL", "offset": "0x3c"}, {"name": "FREEZE", "offset": "0x40"}, {"name": "SYNCBUSY", "offset": "0x44"}, {"name": "ROUTE", "offset": "0x54"}, {"name": "INPUT", "offset": "0xac"}]}, {"name": "LETIMER0", "start": "0x40082000", "end": "0x400823ff", "size": "0x400", "comment": "", "registers": [{"name": "CTRL", "offset": "0x0"}, {"name": "CMD", "offset": "0x4"}, {"name": "STATUS", "offset": "0x8"}, {"name": "CNT", "offset": "0xc"}, {"name": "COMP0", "offset": "0x10"}, {"name": "COMP1", "offset": "0x14"}, {"name": "REP0", "offset": "0x18"}, {"name": "REP1", "offset": "0x1c"}, {"name": "IF", "offset": "0x20"}, {"name": "IFS", "offset": "0x24"}, {"name": "IFC", "offset": "0x28"}, {"name": "IEN", "offset": "0x2c"}, {"name": "FREEZE", "offset": "0x30"}, {"name": "SYNCBUSY", "offset": "0x34"}, {"name": "ROUTE", "offset": "0x40"}]}, {"name": "PCNT0", "start": "0x40086000", "end": "0x400863ff", "size": "0x400", "comment": "", "registers": [{"name": "CTRL", "offset": "0x0"}, {"name": "CMD", "offset": "0x4"}, {"name": "STATUS", "offset": "0x8"}, {"name": "CNT", "offset": "0xc"}, {"name": "TOP", "offset": "0x10"}, {"name": "TOPB", "offset": "0x14"}, {"name": "IF", "offset": "0x18"}, {"name": "IFS", "offset": "0x1c"}, {"name": "IFC", "offset": "0x20"}, {"name": "IEN", "offset": "0x24"}, {"name": "ROUTE", "offset": "0x28"}, {"name": "FREEZE", "offset": "0x2c"}, {"name": "SYNCBUSY", "offset": "0x30"}, {"name": "AUXCNT", "offset": "0x38"}, {"name": "INPUT", "offset": "0x3c"}]}, {"name": "ADC0", "start": "0x40002000", "end": "0x400023ff", "size": "0x400", "comment": "", "registers": [{"name": "CTRL", "offset": "0x0"}, {"name": "CMD", "offset": "0x4"}, {"name": "STATUS", "offset": "0x8"}, {"name": "SINGLECTRL", "offset": "0xc"}, {"name": "SCANCTRL", "offset": "0x10"}, {"name": "IEN", "offset": "0x14"}, {"name": "IF", "offset": "0x18"}, {"name": "IFS", "offset": "0x1c"}, {"name": "IFC", "offset": "0x20"}, {"name": "SINGLEDATA", "offset": "0x24"}, {"name": "SCANDATA", "offset": "0x28"}, {"name": "SINGLEDATAP", "offset": "0x2c"}, {"name": "SCANDATAP", "offset": "0x30"}, {"name": "CAL", "offset": "0x34"}, {"name": "BIASPROG", "offset": "0x3c"}]}, {"name": "DAC0", "start": "0x40004000", "end": "0x400043ff", "size": "0x400", "comment": "", "registers": [{"name": "CTRL", "offset": "0x0"}, {"name": "STATUS", "offset": "0x4"}, {"name": "CH0CTRL", "offset": "0x8"}, {"name": "CH1CTRL", "offset": "0xc"}, {"name": "IEN", "offset": "0x10"}, {"name": "IF", "offset": "0x14"}, {"name": "IFS", "offset": "0x18"}, {"name": "IFC", "offset": "0x1c"}, {"name": "CH0DATA", "offset": "0x20"}, {"name": "CH1DATA", "offset": "0x24"}, {"name": "COMBDATA", "offset": "0x28"}, {"name": "CAL", "offset": "0x2c"}, {"name": "BIASPROG", "offset": "0x30"}, {"name": "OPACTRL", "offset": "0x54"}, {"name": "OPAOFFSET", "offset": "0x58"}, {"name": "OPA0MUX", "offset": "0x5c"}, {"name": "OPA1MUX", "offset": "0x60"}, {"name": "OPA2MUX", "offset": "0x64"}]}, {"name": "I2C0", "start": "0x4000a000", "end": "0x4000a3ff", "size": "0x400", "comment": "", "registers": [{"name": "CTRL", "offset": "0x0"}, {"name": "CMD", "offset": "0x4"}, {"name": "STATE", "offset": "0x8"}, {"name": "STATUS", "offset": "0xc"}, {"name": "CLKDIV", "offset": "0x10"}, {"name": "SADDR", "offset": "0x14"}, {"name": "SADDRMASK", "offset": "0x18"}, {"name": "RXDATA", "offset": "0x1c"}, {"name": "RXDATAP", "offset": "0x20"}, {"name": "TXDATA", "offset": "0x24"}, {"name": "IF", "offset": "0x28"}, {"name": "IFS", "offset": "0x2c"}, {"name": "IFC", "offset": "0x30"}, {"name": "IEN", "offset": "0x34"}, {"name": "ROUTE", "offset": "0x38"}]}, {"name": "WDOG", "start": "0x40088000", "end": "0x400883ff", "size": "0x400", "comment": "", "registers": [{"name": "CTRL", "offset": "0x0"}, {"name": "CMD", "offset": "0x4"}, {"name": "SYNCBUSY", "offset": "0x8"}]}], "vector_table": [{"name": "StackPointer_Value", "value": -1, "addr": "0x0", "comment": "Stack pointer initial value"}, {"name": "Reset", "value": -1, "addr": "0x4", "comment": "Priority: -3"}, {"name": "NMI", "value": -1, "addr": "0x8", "comment": "Priority: -2"}, {"name": "HardFault", "value": -1, "addr": "0xc", "comment": "Priority: -1"}, {"name": "SVCall", "value": -1, "addr": "0x2c", "comment": "Priority: 3"}, {"name": "PendSV", "value": -1, "addr": "0x38", "comment": "Priority: 5"}, {"name": "SysTick", "value": -1, "addr": "0x3c", "comment": "Priority: 6"}, {"name": "DMA", "value": 0, "comment": "", "addr": "0x40"}, {"name": "GPIO_EVEN", "value": 1, "comment": "", "addr": "0x44"}, {"name": "TIMER0", "value": 2, "comment": "", "addr": "0x48"}, {"name": "USART0_RX", "value": 3, "comment": "", "addr": "0x4c"}, {"name": "USART0_TX", "value": 4, "comment": "", "addr": "0x50"}, {"name": "ACMP0", "value": 5, "comment": "", "addr": "0x54"}, {"name": "ACMP0", "value": 5, "comment": "", "addr": "0x54"}, {"name": "ADC0", "value": 6, "comment": "", "addr": "0x58"}, {"name": "DAC0", "value": 7, "comment": "", "addr": "0x5c"}, {"name": "I2C0", "value": 8, "comment": "", "addr": "0x60"}, {"name": "GPIO_ODD", "value": 9, "comment": "", "addr": "0x64"}, {"name": "TIMER1", "value": 10, "comment": "", "addr": "0x68"}, {"name": "USART1_RX", "value": 11, "comment": "", "addr": "0x6c"}, {"name": "USART1_TX", "value": 12, "comment": "", "addr": "0x70"}, {"name": "LESENSE", "value": 13, "comment": "", "addr": "0x74"}, {"name": "LEUART0", "value": 14, "comment": "", "addr": "0x78"}, {"name": "LETIMER0", "value": 15, "comment": "", "addr": "0x7c"}, {"name": "PCNT0", "value": 16, "comment": "", "addr": "0x80"}, {"name": "RTC", "value": 17, "comment": "", "addr": "0x84"}, {"name": "CMU", "value": 18, "comment": "", "addr": "0x88"}, {"name": "VCMP", "value": 19, "comment": "", "addr": "0x8c"}, {"name": "MSC", "value": 21, "comment": "", "addr": "0x94"}, {"name": "AES", "value": 22, "comment": "", "addr": "0x98"}]}