{"brand": "SiLabs", "family": "Pearl Geco", "name": "EFM32PG1B", "bits": 32, "mode": 1, "segments": [{"name": "SRAM", "start": "0x20000000", "end": "0x200407ff", "size": "0x40800", "type": "DATA"}, {"name": "SRAM_ALIAS", "start": "0x22000000", "end": "0x220407ff", "size": "0x40800", "type": "DATA"}], "peripherals": [{"name": "MSC", "start": "0x400e0000", "end": "0x400e07ff", "size": "0x800", "comment": "", "registers": [{"name": "CTRL", "offset": "0x0"}, {"name": "READCTRL", "offset": "0x4"}, {"name": "WRITECTRL", "offset": "0x8"}, {"name": "WRITECMD", "offset": "0xc"}, {"name": "ADDRB", "offset": "0x10"}, {"name": "WDATA", "offset": "0x18"}, {"name": "STATUS", "offset": "0x1c"}, {"name": "IF", "offset": "0x30"}, {"name": "IFS", "offset": "0x34"}, {"name": "IFC", "offset": "0x38"}, {"name": "IEN", "offset": "0x3c"}, {"name": "LOCK", "offset": "0x40"}, {"name": "CACHECMD", "offset": "0x44"}, {"name": "CACHEHITS", "offset": "0x48"}, {"name": "CACHEMISSES", "offset": "0x4c"}, {"name": "MASSLOCK", "offset": "0x54"}, {"name": "STARTUP", "offset": "0x5c"}, {"name": "CMD", "offset": "0x74"}]}, {"name": "EMU", "start": "0x400e3000", "end": "0x400e33ff", "size": "0x400", "comment": "", "registers": [{"name": "CTRL", "offset": "0x0"}, {"name": "STATUS", "offset": "0x4"}, {"name": "LOCK", "offset": "0x8"}, {"name": "RAM0CTRL", "offset": "0xc"}, {"name": "CMD", "offset": "0x10"}, {"name": "EM4CTRL", "offset": "0x18"}, {"name": "TEMPLIMITS", "offset": "0x1c"}, {"name": "TEMP", "offset": "0x20"}, {"name": "IF", "offset": "0x24"}, {"name": "IFS", "offset": "0x28"}, {"name": "IFC", "offset": "0x2c"}, {"name": "IEN", "offset": "0x30"}, {"name": "PWRLOCK", "offset": "0x34"}, {"name": "PWRCFG", "offset": "0x38"}, {"name": "PWRCTRL", "offset": "0x3c"}, {"name": "DCDCCTRL", "offset": "0x40"}, {"name": "DCDCMISCCTRL", "offset": "0x4c"}, {"name": "DCDCZDETCTRL", "offset": "0x50"}, {"name": "DCDCCLIMCTRL", "offset": "0x54"}, {"name": "DCDCLNCOMPCTRL", "offset": "0x58"}, {"name": "DCDCLNVCTRL", "offset": "0x5c"}, {"name": "DCDCTIMING", "offset": "0x60"}, {"name": "DCDCLPVCTRL", "offset": "0x64"}, {"name": "DCDCLPCTRL", "offset": "0x6c"}, {"name": "DCDCLNFREQCTRL", "offset": "0x70"}, {"name": "DCDCSYNC", "offset": "0x78"}, {"name": "VMONAVDDCTRL", "offset": "0x90"}, {"name": "VMONALTAVDDCTRL", "offset": "0x94"}, {"name": "VMONDVDDCTRL", "offset": "0x98"}, {"name": "VMONIO0CTRL", "offset": "0x9c"}, {"name": "BIASCONF", "offset": "0x164"}, {"name": "TESTLOCK", "offset": "0x190"}, {"name": "BIASTESTCTRL", "offset": "0x19c"}]}, {"name": "RMU", "start": "0x400e5000", "end": "0x400e53ff", "size": "0x400", "comment": "", "registers": [{"name": "CTRL", "offset": "0x0"}, {"name": "RSTCAUSE", "offset": "0x4"}, {"name": "CMD", "offset": "0x8"}, {"name": "RST", "offset": "0xc"}, {"name": "LOCK", "offset": "0x10"}]}, {"name": "CMU", "start": "0x400e4000", "end": "0x400e43ff", "size": "0x400", "comment": "", "registers": [{"name": "CTRL", "offset": "0x0"}, {"name": "HFRCOCTRL", "offset": "0x10"}, {"name": "AUXHFRCOCTRL", "offset": "0x18"}, {"name": "LFRCOCTRL", "offset": "0x20"}, {"name": "HFXOCTRL", "offset": "0x24"}, {"name": "HFXOCTRL1", "offset": "0x28"}, {"name": "HFXOSTARTUPCTRL", "offset": "0x2c"}, {"name": "HFXOSTEADYSTATECTRL", "offset": "0x30"}, {"name": "HFXOTIMEOUTCTRL", "offset": "0x34"}, {"name": "LFXOCTRL", "offset": "0x38"}, {"name": "ULFRCOCTRL", "offset": "0x3c"}, {"name": "CALCTRL", "offset": "0x50"}, {"name": "CALCNT", "offset": "0x54"}, {"name": "OSCENCMD", "offset": "0x60"}, {"name": "CMD", "offset": "0x64"}, {"name": "DBGCLKSEL", "offset": "0x70"}, {"name": "HFCLKSEL", "offset": "0x74"}, {"name": "LFACLKSEL", "offset": "0x80"}, {"name": "LFBCLKSEL", "offset": "0x84"}, {"name": "LFECLKSEL", "offset": "0x88"}, {"name": "STATUS", "offset": "0x90"}, {"name": "HFCLKSTATUS", "offset": "0x94"}, {"name": "HFXOTRIMSTATUS", "offset": "0x9c"}, {"name": "IF", "offset": "0xa0"}, {"name": "IFS", "offset": "0xa4"}, {"name": "IFC", "offset": "0xa8"}, {"name": "IEN", "offset": "0xac"}, {"name": "HFBUSCLKEN0", "offset": "0xb0"}, {"name": "HFPERCLKEN0", "offset": "0xc0"}, {"name": "LFACLKEN0", "offset": "0xe0"}, {"name": "LFBCLKEN0", "offset": "0xe8"}, {"name": "LFECLKEN0", "offset": "0xf0"}, {"name": "HFPRESC", "offset": "0x100"}, {"name": "HFCOREPRESC", "offset": "0x108"}, {"name": "HFPERPRESC", "offset": "0x10c"}, {"name": "HFEXPPRESC", "offset": "0x114"}, {"name": "LFAPRESC0", "offset": "0x120"}, {"name": "LFBPRESC0", "offset": "0x128"}, {"name": "LFEPRESC0", "offset": "0x130"}, {"name": "SYNCBUSY", "offset": "0x140"}, {"name": "FREEZE", "offset": "0x144"}, {"name": "PCNTCTRL", "offset": "0x150"}, {"name": "ADCCTRL", "offset": "0x15c"}, {"name": "ROUTEPEN", "offset": "0x170"}, {"name": "ROUTELOC0", "offset": "0x174"}, {"name": "LOCK", "offset": "0x180"}]}, {"name": "CRYPTO", "start": "0x400f0000", "end": "0x400f03ff", "size": "0x400", "comment": "", "registers": [{"name": "CTRL", "offset": "0x0"}, {"name": "WAC", "offset": "0x4"}, {"name": "CMD", "offset": "0x8"}, {"name": "STATUS", "offset": "0x10"}, {"name": "DSTATUS", "offset": "0x14"}, {"name": "CSTATUS", "offset": "0x18"}, {"name": "KEY", "offset": "0x20"}, {"name": "KEYBUF", "offset": "0x24"}, {"name": "SEQCTRL", "offset": "0x30"}, {"name": "SEQCTRLB", "offset": "0x34"}, {"name": "IF", "offset": "0x40"}, {"name": "IFS", "offset": "0x44"}, {"name": "IFC", "offset": "0x48"}, {"name": "IEN", "offset": "0x4c"}, {"name": "SEQ0", "offset": "0x50"}, {"name": "SEQ1", "offset": "0x54"}, {"name": "SEQ2", "offset": "0x58"}, {"name": "SEQ3", "offset": "0x5c"}, {"name": "SEQ4", "offset": "0x60"}, {"name": "DATA0", "offset": "0x80"}, {"name": "DATA1", "offset": "0x84"}, {"name": "DATA2", "offset": "0x88"}, {"name": "DATA3", "offset": "0x8c"}, {"name": "DATA0XOR", "offset": "0xa0"}, {"name": "DATA0BYTE", "offset": "0xb0"}, {"name": "DATA1BYTE", "offset": "0xb4"}, {"name": "DATA0XORBYTE", "offset": "0xbc"}, {"name": "DATA0BYTE12", "offset": "0xc0"}, {"name": "DATA0BYTE13", "offset": "0xc4"}, {"name": "DATA0BYTE14", "offset": "0xc8"}, {"name": "DATA0BYTE15", "offset": "0xcc"}, {"name": "DDATA0", "offset": "0x100"}, {"name": "DDATA1", "offset": "0x104"}, {"name": "DDATA2", "offset": "0x108"}, {"name": "DDATA3", "offset": "0x10c"}, {"name": "DDATA4", "offset": "0x110"}, {"name": "DDATA0BIG", "offset": "0x130"}, {"name": "DDATA0BYTE", "offset": "0x140"}, {"name": "DDATA1BYTE", "offset": "0x144"}, {"name": "DDATA0BYTE32", "offset": "0x148"}, {"name": "QDATA0", "offset": "0x180"}, {"name": "QDATA1", "offset": "0x184"}, {"name": "QDATA1BIG", "offset": "0x1a4"}, {"name": "QDATA0BYTE", "offset": "0x1c0"}, {"name": "QDATA1BYTE", "offset": "0x1c4"}]}, {"name": "GPIO", "start": "0x4000a000", "end": "0x4000afff", "size": "0x1000", "comment": "", "registers": [{"name": "PA_CTRL", "offset": "0x0"}, {"name": "PA_MODEL", "offset": "0x4"}, {"name": "PA_MODEH", "offset": "0x8"}, {"name": "PA_DOUT", "offset": "0xc"}, {"name": "PA_DOUTTGL", "offset": "0x18"}, {"name": "PA_DIN", "offset": "0x1c"}, {"name": "PA_PINLOCKN", "offset": "0x20"}, {"name": "PA_OVTDIS", "offset": "0x28"}, {"name": "PB_CTRL", "offset": "0x30"}, {"name": "PB_MODEL", "offset": "0x34"}, {"name": "PB_MODEH", "offset": "0x38"}, {"name": "PB_DOUT", "offset": "0x3c"}, {"name": "PB_DOUTTGL", "offset": "0x48"}, {"name": "PB_DIN", "offset": "0x4c"}, {"name": "PB_PINLOCKN", "offset": "0x50"}, {"name": "PB_OVTDIS", "offset": "0x58"}, {"name": "PC_CTRL", "offset": "0x60"}, {"name": "PC_MODEL", "offset": "0x64"}, {"name": "PC_MODEH", "offset": "0x68"}, {"name": "PC_DOUT", "offset": "0x6c"}, {"name": "PC_DOUTTGL", "offset": "0x78"}, {"name": "PC_DIN", "offset": "0x7c"}, {"name": "PC_PINLOCKN", "offset": "0x80"}, {"name": "PC_OVTDIS", "offset": "0x88"}, {"name": "PD_CTRL", "offset": "0x90"}, {"name": "PD_MODEL", "offset": "0x94"}, {"name": "PD_MODEH", "offset": "0x98"}, {"name": "PD_DOUT", "offset": "0x9c"}, {"name": "PD_DOUTTGL", "offset": "0xa8"}, {"name": "PD_DIN", "offset": "0xac"}, {"name": "PD_PINLOCKN", "offset": "0xb0"}, {"name": "PD_OVTDIS", "offset": "0xb8"}, {"name": "PE_CTRL", "offset": "0xc0"}, {"name": "PE_MODEL", "offset": "0xc4"}, {"name": "PE_MODEH", "offset": "0xc8"}, {"name": "PE_DOUT", "offset": "0xcc"}, {"name": "PE_DOUTTGL", "offset": "0xd8"}, {"name": "PE_DIN", "offset": "0xdc"}, {"name": "PE_PINLOCKN", "offset": "0xe0"}, {"name": "PE_OVTDIS", "offset": "0xe8"}, {"name": "PF_CTRL", "offset": "0xf0"}, {"name": "PF_MODEL", "offset": "0xf4"}, {"name": "PF_MODEH", "offset": "0xf8"}, {"name": "PF_DOUT", "offset": "0xfc"}, {"name": "PF_DOUTTGL", "offset": "0x108"}, {"name": "PF_DIN", "offset": "0x10c"}, {"name": "PF_PINLOCKN", "offset": "0x110"}, {"name": "PF_OVTDIS", "offset": "0x118"}, {"name": "EXTIPSELL", "offset": "0x400"}, {"name": "EXTIPSELH", "offset": "0x404"}, {"name": "EXTIPINSELL", "offset": "0x408"}, {"name": "EXTIPINSELH", "offset": "0x40c"}, {"name": "EXTIRISE", "offset": "0x410"}, {"name": "EXTIFALL", "offset": "0x414"}, {"name": "EXTILEVEL", "offset": "0x418"}, {"name": "IF", "offset": "0x41c"}, {"name": "IFS", "offset": "0x420"}, {"name": "IFC", "offset": "0x424"}, {"name": "IEN", "offset": "0x428"}, {"name": "EM4WUEN", "offset": "0x42c"}, {"name": "ROUTEPEN", "offset": "0x440"}, {"name": "ROUTELOC0", "offset": "0x444"}, {"name": "INSENSE", "offset": "0x450"}, {"name": "LOCK", "offset": "0x454"}]}, {"name": "PRS", "start": "0x400e6000", "end": "0x400e63ff", "size": "0x400", "comment": "", "registers": [{"name": "SWPULSE", "offset": "0x0"}, {"name": "SWLEVEL", "offset": "0x4"}, {"name": "ROUTEPEN", "offset": "0x8"}, {"name": "ROUTELOC0", "offset": "0x10"}, {"name": "ROUTELOC1", "offset": "0x14"}, {"name": "ROUTELOC2", "offset": "0x18"}, {"name": "CTRL", "offset": "0x20"}, {"name": "DMAREQ0", "offset": "0x24"}, {"name": "DMAREQ1", "offset": "0x28"}, {"name": "PEEK", "offset": "0x30"}, {"name": "CH0_CTRL", "offset": "0x40"}, {"name": "CH1_CTRL", "offset": "0x44"}, {"name": "CH2_CTRL", "offset": "0x48"}, {"name": "CH3_CTRL", "offset": "0x4c"}, {"name": "CH4_CTRL", "offset": "0x50"}, {"name": "CH5_CTRL", "offset": "0x54"}, {"name": "CH6_CTRL", "offset": "0x58"}, {"name": "CH7_CTRL", "offset": "0x5c"}, {"name": "CH8_CTRL", "offset": "0x60"}, {"name": "CH9_CTRL", "offset": "0x64"}, {"name": "CH10_CTRL", "offset": "0x68"}, {"name": "CH11_CTRL", "offset": "0x6c"}]}, {"name": "LDMA", "start": "0x400e2000", "end": "0x400e2fff", "size": "0x1000", "comment": "", "registers": [{"name": "CTRL", "offset": "0x0"}, {"name": "STATUS", "offset": "0x4"}, {"name": "SYNC", "offset": "0x8"}, {"name": "CHEN", "offset": "0x20"}, {"name": "CHBUSY", "offset": "0x24"}, {"name": "CHDONE", "offset": "0x28"}, {"name": "DBGHALT", "offset": "0x2c"}, {"name": "SWREQ", "offset": "0x30"}, {"name": "REQDIS", "offset": "0x34"}, {"name": "REQPEND", "offset": "0x38"}, {"name": "LINKLOAD", "offset": "0x3c"}, {"name": "REQCLEAR", "offset": "0x40"}, {"name": "IF", "offset": "0x60"}, {"name": "IFS", "offset": "0x64"}, {"name": "IFC", "offset": "0x68"}, {"name": "IEN", "offset": "0x6c"}, {"name": "CH0_REQSEL", "offset": "0x80"}, {"name": "CH0_CFG", "offset": "0x84"}, {"name": "CH0_LOOP", "offset": "0x88"}, {"name": "CH0_CTRL", "offset": "0x8c"}, {"name": "CH0_SRC", "offset": "0x90"}, {"name": "CH0_DST", "offset": "0x94"}, {"name": "CH0_LINK", "offset": "0x98"}, {"name": "CH1_REQSEL", "offset": "0xb0"}, {"name": "CH1_CFG", "offset": "0xb4"}, {"name": "CH1_LOOP", "offset": "0xb8"}, {"name": "CH1_CTRL", "offset": "0xbc"}, {"name": "CH1_SRC", "offset": "0xc0"}, {"name": "CH1_DST", "offset": "0xc4"}, {"name": "CH1_LINK", "offset": "0xc8"}, {"name": "CH2_REQSEL", "offset": "0xe0"}, {"name": "CH2_CFG", "offset": "0xe4"}, {"name": "CH2_LOOP", "offset": "0xe8"}, {"name": "CH2_CTRL", "offset": "0xec"}, {"name": "CH2_SRC", "offset": "0xf0"}, {"name": "CH2_DST", "offset": "0xf4"}, {"name": "CH2_LINK", "offset": "0xf8"}, {"name": "CH3_REQSEL", "offset": "0x110"}, {"name": "CH3_CFG", "offset": "0x114"}, {"name": "CH3_LOOP", "offset": "0x118"}, {"name": "CH3_CTRL", "offset": "0x11c"}, {"name": "CH3_SRC", "offset": "0x120"}, {"name": "CH3_DST", "offset": "0x124"}, {"name": "CH3_LINK", "offset": "0x128"}, {"name": "CH4_REQSEL", "offset": "0x140"}, {"name": "CH4_CFG", "offset": "0x144"}, {"name": "CH4_LOOP", "offset": "0x148"}, {"name": "CH4_CTRL", "offset": "0x14c"}, {"name": "CH4_SRC", "offset": "0x150"}, {"name": "CH4_DST", "offset": "0x154"}, {"name": "CH4_LINK", "offset": "0x158"}, {"name": "CH5_REQSEL", "offset": "0x170"}, {"name": "CH5_CFG", "offset": "0x174"}, {"name": "CH5_LOOP", "offset": "0x178"}, {"name": "CH5_CTRL", "offset": "0x17c"}, {"name": "CH5_SRC", "offset": "0x180"}, {"name": "CH5_DST", "offset": "0x184"}, {"name": "CH5_LINK", "offset": "0x188"}, {"name": "CH6_REQSEL", "offset": "0x1a0"}, {"name": "CH6_CFG", "offset": "0x1a4"}, {"name": "CH6_LOOP", "offset": "0x1a8"}, {"name": "CH6_CTRL", "offset": "0x1ac"}, {"name": "CH6_SRC", "offset": "0x1b0"}, {"name": "CH6_DST", "offset": "0x1b4"}, {"name": "CH6_LINK", "offset": "0x1b8"}, {"name": "CH7_REQSEL", "offset": "0x1d0"}, {"name": "CH7_CFG", "offset": "0x1d4"}, {"name": "CH7_LOOP", "offset": "0x1d8"}, {"name": "CH7_CTRL", "offset": "0x1dc"}, {"name": "CH7_SRC", "offset": "0x1e0"}, {"name": "CH7_DST", "offset": "0x1e4"}, {"name": "CH7_LINK", "offset": "0x1e8"}]}, {"name": "FPUEH", "start": "0x400e1000", "end": "0x400e13ff", "size": "0x400", "comment": "", "registers": [{"name": "IF", "offset": "0x0"}, {"name": "IFS", "offset": "0x4"}, {"name": "IFC", "offset": "0x8"}, {"name": "IEN", "offset": "0xc"}]}, {"name": "GPCRC", "start": "0x4001c000", "end": "0x4001c3ff", "size": "0x400", "comment": "", "registers": [{"name": "CTRL", "offset": "0x0"}, {"name": "CMD", "offset": "0x4"}, {"name": "INIT", "offset": "0x8"}, {"name": "POLY", "offset": "0xc"}, {"name": "INPUTDATA", "offset": "0x10"}, {"name": "INPUTDATAHWORD", "offset": "0x14"}, {"name": "INPUTDATABYTE", "offset": "0x18"}, {"name": "DATA", "offset": "0x1c"}, {"name": "DATAREV", "offset": "0x20"}, {"name": "DATABYTEREV", "offset": "0x24"}]}, {"name": "TIMER0", "start": "0x40018000", "end": "0x400183ff", "size": "0x400", "comment": "", "registers": [{"name": "CTRL", "offset": "0x0"}, {"name": "CMD", "offset": "0x4"}, {"name": "STATUS", "offset": "0x8"}, {"name": "IF", "offset": "0xc"}, {"name": "IFS", "offset": "0x10"}, {"name": "IFC", "offset": "0x14"}, {"name": "IEN", "offset": "0x18"}, {"name": "TOP", "offset": "0x1c"}, {"name": "TOPB", "offset": "0x20"}, {"name": "CNT", "offset": "0x24"}, {"name": "LOCK", "offset": "0x2c"}, {"name": "ROUTEPEN", "offset": "0x30"}, {"name": "ROUTELOC0", "offset": "0x34"}, {"name": "ROUTELOC2", "offset": "0x3c"}, {"name": "CC0_CTRL", "offset": "0x60"}, {"name": "CC0_CCV", "offset": "0x64"}, {"name": "CC0_CCVP", "offset": "0x68"}, {"name": "CC0_CCVB", "offset": "0x6c"}, {"name": "CC1_CTRL", "offset": "0x70"}, {"name": "CC1_CCV", "offset": "0x74"}, {"name": "CC1_CCVP", "offset": "0x78"}, {"name": "CC1_CCVB", "offset": "0x7c"}, {"name": "CC2_CTRL", "offset": "0x80"}, {"name": "CC2_CCV", "offset": "0x84"}, {"name": "CC2_CCVP", "offset": "0x88"}, {"name": "CC2_CCVB", "offset": "0x8c"}, {"name": "CC3_CTRL", "offset": "0x90"}, {"name": "CC3_CCV", "offset": "0x94"}, {"name": "CC3_CCVP", "offset": "0x98"}, {"name": "CC3_CCVB", "offset": "0x9c"}, {"name": "DTCTRL", "offset": "0xa0"}, {"name": "DTTIME", "offset": "0xa4"}, {"name": "DTFC", "offset": "0xa8"}, {"name": "DTOGEN", "offset": "0xac"}, {"name": "DTFAULT", "offset": "0xb0"}, {"name": "DTFAULTC", "offset": "0xb4"}, {"name": "DTLOCK", "offset": "0xb8"}]}, {"name": "TIMER1", "start": "0x40018400", "end": "0x400187ff", "size": "0x400", "comment": "", "registers": [{"name": "CTRL", "offset": "0x0"}, {"name": "CMD", "offset": "0x4"}, {"name": "STATUS", "offset": "0x8"}, {"name": "IF", "offset": "0xc"}, {"name": "IFS", "offset": "0x10"}, {"name": "IFC", "offset": "0x14"}, {"name": "IEN", "offset": "0x18"}, {"name": "TOP", "offset": "0x1c"}, {"name": "TOPB", "offset": "0x20"}, {"name": "CNT", "offset": "0x24"}, {"name": "LOCK", "offset": "0x2c"}, {"name": "ROUTEPEN", "offset": "0x30"}, {"name": "ROUTELOC0", "offset": "0x34"}, {"name": "ROUTELOC2", "offset": "0x3c"}, {"name": "CC0_CTRL", "offset": "0x60"}, {"name": "CC0_CCV", "offset": "0x64"}, {"name": "CC0_CCVP", "offset": "0x68"}, {"name": "CC0_CCVB", "offset": "0x6c"}, {"name": "CC1_CTRL", "offset": "0x70"}, {"name": "CC1_CCV", "offset": "0x74"}, {"name": "CC1_CCVP", "offset": "0x78"}, {"name": "CC1_CCVB", "offset": "0x7c"}, {"name": "CC2_CTRL", "offset": "0x80"}, {"name": "CC2_CCV", "offset": "0x84"}, {"name": "CC2_CCVP", "offset": "0x88"}, {"name": "CC2_CCVB", "offset": "0x8c"}, {"name": "CC3_CTRL", "offset": "0x90"}, {"name": "CC3_CCV", "offset": "0x94"}, {"name": "CC3_CCVP", "offset": "0x98"}, {"name": "CC3_CCVB", "offset": "0x9c"}, {"name": "DTCTRL", "offset": "0xa0"}, {"name": "DTTIME", "offset": "0xa4"}, {"name": "DTFC", "offset": "0xa8"}, {"name": "DTOGEN", "offset": "0xac"}, {"name": "DTFAULT", "offset": "0xb0"}, {"name": "DTFAULTC", "offset": "0xb4"}, {"name": "DTLOCK", "offset": "0xb8"}]}, {"name": "USART0", "start": "0x40010000", "end": "0x400103ff", "size": "0x400", "comment": "", "registers": [{"name": "CTRL", "offset": "0x0"}, {"name": "FRAME", "offset": "0x4"}, {"name": "TRIGCTRL", "offset": "0x8"}, {"name": "CMD", "offset": "0xc"}, {"name": "STATUS", "offset": "0x10"}, {"name": "CLKDIV", "offset": "0x14"}, {"name": "RXDATAX", "offset": "0x18"}, {"name": "RXDATA", "offset": "0x1c"}, {"name": "RXDOUBLEX", "offset": "0x20"}, {"name": "RXDOUBLE", "offset": "0x24"}, {"name": "RXDATAXP", "offset": "0x28"}, {"name": "RXDOUBLEXP", "offset": "0x2c"}, {"name": "TXDATAX", "offset": "0x30"}, {"name": "TXDATA", "offset": "0x34"}, {"name": "TXDOUBLEX", "offset": "0x38"}, {"name": "TXDOUBLE", "offset": "0x3c"}, {"name": "IF", "offset": "0x40"}, {"name": "IFS", "offset": "0x44"}, {"name": "IFC", "offset": "0x48"}, {"name": "IEN", "offset": "0x4c"}, {"name": "IRCTRL", "offset": "0x50"}, {"name": "INPUT", "offset": "0x58"}, {"name": "I2SCTRL", "offset": "0x5c"}, {"name": "TIMING", "offset": "0x60"}, {"name": "CTRLX", "offset": "0x64"}, {"name": "TIMECMP0", "offset": "0x68"}, {"name": "TIMECMP1", "offset": "0x6c"}, {"name": "TIMECMP2", "offset": "0x70"}, {"name": "ROUTEPEN", "offset": "0x74"}, {"name": "ROUTELOC0", "offset": "0x78"}, {"name": "ROUTELOC1", "offset": "0x7c"}]}, {"name": "USART1", "start": "0x40010400", "end": "0x400107ff", "size": "0x400", "comment": "", "registers": [{"name": "CTRL", "offset": "0x0"}, {"name": "FRAME", "offset": "0x4"}, {"name": "TRIGCTRL", "offset": "0x8"}, {"name": "CMD", "offset": "0xc"}, {"name": "STATUS", "offset": "0x10"}, {"name": "CLKDIV", "offset": "0x14"}, {"name": "RXDATAX", "offset": "0x18"}, {"name": "RXDATA", "offset": "0x1c"}, {"name": "RXDOUBLEX", "offset": "0x20"}, {"name": "RXDOUBLE", "offset": "0x24"}, {"name": "RXDATAXP", "offset": "0x28"}, {"name": "RXDOUBLEXP", "offset": "0x2c"}, {"name": "TXDATAX", "offset": "0x30"}, {"name": "TXDATA", "offset": "0x34"}, {"name": "TXDOUBLEX", "offset": "0x38"}, {"name": "TXDOUBLE", "offset": "0x3c"}, {"name": "IF", "offset": "0x40"}, {"name": "IFS", "offset": "0x44"}, {"name": "IFC", "offset": "0x48"}, {"name": "IEN", "offset": "0x4c"}, {"name": "IRCTRL", "offset": "0x50"}, {"name": "INPUT", "offset": "0x58"}, {"name": "I2SCTRL", "offset": "0x5c"}, {"name": "TIMING", "offset": "0x60"}, {"name": "CTRLX", "offset": "0x64"}, {"name": "TIMECMP0", "offset": "0x68"}, {"name": "TIMECMP1", "offset": "0x6c"}, {"name": "TIMECMP2", "offset": "0x70"}, {"name": "ROUTEPEN", "offset": "0x74"}, {"name": "ROUTELOC0", "offset": "0x78"}, {"name": "ROUTELOC1", "offset": "0x7c"}]}, {"name": "LEUART0", "start": "0x4004a000", "end": "0x4004a3ff", "size": "0x400", "comment": "", "registers": [{"name": "CTRL", "offset": "0x0"}, {"name": "CMD", "offset": "0x4"}, {"name": "STATUS", "offset": "0x8"}, {"name": "CLKDIV", "offset": "0xc"}, {"name": "STARTFRAME", "offset": "0x10"}, {"name": "SIGFRAME", "offset": "0x14"}, {"name": "RXDATAX", "offset": "0x18"}, {"name": "RXDATA", "offset": "0x1c"}, {"name": "RXDATAXP", "offset": "0x20"}, {"name": "TXDATAX", "offset": "0x24"}, {"name": "TXDATA", "offset": "0x28"}, {"name": "IF", "offset": "0x2c"}, {"name": "IFS", "offset": "0x30"}, {"name": "IFC", "offset": "0x34"}, {"name": "IEN", "offset": "0x38"}, {"name": "PULSECTRL", "offset": "0x3c"}, {"name": "FREEZE", "offset": "0x40"}, {"name": "SYNCBUSY", "offset": "0x44"}, {"name": "ROUTEPEN", "offset": "0x54"}, {"name": "ROUTELOC0", "offset": "0x58"}, {"name": "INPUT", "offset": "0x64"}]}, {"name": "LETIMER0", "start": "0x40046000", "end": "0x400463ff", "size": "0x400", "comment": "", "registers": [{"name": "CTRL", "offset": "0x0"}, {"name": "CMD", "offset": "0x4"}, {"name": "STATUS", "offset": "0x8"}, {"name": "CNT", "offset": "0xc"}, {"name": "COMP0", "offset": "0x10"}, {"name": "COMP1", "offset": "0x14"}, {"name": "REP0", "offset": "0x18"}, {"name": "REP1", "offset": "0x1c"}, {"name": "IF", "offset": "0x20"}, {"name": "IFS", "offset": "0x24"}, {"name": "IFC", "offset": "0x28"}, {"name": "IEN", "offset": "0x2c"}, {"name": "SYNCBUSY", "offset": "0x34"}, {"name": "ROUTEPEN", "offset": "0x40"}, {"name": "ROUTELOC0", "offset": "0x44"}, {"name": "PRSSEL", "offset": "0x50"}]}, {"name": "CRYOTIMER", "start": "0x4001e000", "end": "0x4001e3ff", "size": "0x400", "comment": "", "registers": [{"name": "CTRL", "offset": "0x0"}, {"name": "PERIODSEL", "offset": "0x4"}, {"name": "CNT", "offset": "0x8"}, {"name": "EM4WUEN", "offset": "0xc"}, {"name": "IF", "offset": "0x10"}, {"name": "IFS", "offset": "0x14"}, {"name": "IFC", "offset": "0x18"}, {"name": "IEN", "offset": "0x1c"}]}, {"name": "PCNT0", "start": "0x4004e000", "end": "0x4004e3ff", "size": "0x400", "comment": "", "registers": [{"name": "CTRL", "offset": "0x0"}, {"name": "CMD", "offset": "0x4"}, {"name": "STATUS", "offset": "0x8"}, {"name": "CNT", "offset": "0xc"}, {"name": "TOP", "offset": "0x10"}, {"name": "TOPB", "offset": "0x14"}, {"name": "IF", "offset": "0x18"}, {"name": "IFS", "offset": "0x1c"}, {"name": "IFC", "offset": "0x20"}, {"name": "IEN", "offset": "0x24"}, {"name": "ROUTELOC0", "offset": "0x2c"}, {"name": "FREEZE", "offset": "0x40"}, {"name": "SYNCBUSY", "offset": "0x44"}, {"name": "AUXCNT", "offset": "0x64"}, {"name": "INPUT", "offset": "0x68"}, {"name": "OVSCFG", "offset": "0x6c"}]}, {"name": "I2C0", "start": "0x4000c000", "end": "0x4000c3ff", "size": "0x400", "comment": "", "registers": [{"name": "CTRL", "offset": "0x0"}, {"name": "CMD", "offset": "0x4"}, {"name": "STATE", "offset": "0x8"}, {"name": "STATUS", "offset": "0xc"}, {"name": "CLKDIV", "offset": "0x10"}, {"name": "SADDR", "offset": "0x14"}, {"name": "SADDRMASK", "offset": "0x18"}, {"name": "RXDATA", "offset": "0x1c"}, {"name": "RXDOUBLE", "offset": "0x20"}, {"name": "RXDATAP", "offset": "0x24"}, {"name": "RXDOUBLEP", "offset": "0x28"}, {"name": "TXDATA", "offset": "0x2c"}, {"name": "TXDOUBLE", "offset": "0x30"}, {"name": "IF", "offset": "0x34"}, {"name": "IFS", "offset": "0x38"}, {"name": "IFC", "offset": "0x3c"}, {"name": "IEN", "offset": "0x40"}, {"name": "ROUTEPEN", "offset": "0x44"}, {"name": "ROUTELOC0", "offset": "0x48"}]}, {"name": "ADC0", "start": "0x40002000", "end": "0x400023ff", "size": "0x400", "comment": "", "registers": [{"name": "CTRL", "offset": "0x0"}, {"name": "CMD", "offset": "0x8"}, {"name": "STATUS", "offset": "0xc"}, {"name": "SINGLECTRL", "offset": "0x10"}, {"name": "SINGLECTRLX", "offset": "0x14"}, {"name": "SCANCTRL", "offset": "0x18"}, {"name": "SCANCTRLX", "offset": "0x1c"}, {"name": "SCANMASK", "offset": "0x20"}, {"name": "SCANINPUTSEL", "offset": "0x24"}, {"name": "SCANNEGSEL", "offset": "0x28"}, {"name": "CMPTHR", "offset": "0x2c"}, {"name": "BIASPROG", "offset": "0x30"}, {"name": "CAL", "offset": "0x34"}, {"name": "IF", "offset": "0x38"}, {"name": "IFS", "offset": "0x3c"}, {"name": "IFC", "offset": "0x40"}, {"name": "IEN", "offset": "0x44"}, {"name": "SINGLEDATA", "offset": "0x48"}, {"name": "SCANDATA", "offset": "0x4c"}, {"name": "SINGLEDATAP", "offset": "0x50"}, {"name": "SCANDATAP", "offset": "0x54"}, {"name": "SCANDATAX", "offset": "0x68"}, {"name": "SCANDATAXP", "offset": "0x6c"}, {"name": "APORTREQ", "offset": "0x7c"}, {"name": "APORTCONFLICT", "offset": "0x80"}, {"name": "SINGLEFIFOCOUNT", "offset": "0x84"}, {"name": "SCANFIFOCOUNT", "offset": "0x88"}, {"name": "SINGLEFIFOCLEAR", "offset": "0x8c"}, {"name": "SCANFIFOCLEAR", "offset": "0x90"}, {"name": "APORTMASTERDIS", "offset": "0x94"}]}, {"name": "ACMP0", "start": "0x40000000", "end": "0x400003ff", "size": "0x400", "comment": "", "registers": [{"name": "CTRL", "offset": "0x0"}, {"name": "INPUTSEL", "offset": "0x4"}, {"name": "STATUS", "offset": "0x8"}, {"name": "IF", "offset": "0xc"}, {"name": "IFS", "offset": "0x10"}, {"name": "IFC", "offset": "0x14"}, {"name": "IEN", "offset": "0x18"}, {"name": "APORTREQ", "offset": "0x20"}, {"name": "APORTCONFLICT", "offset": "0x24"}, {"name": "HYSTERESIS0", "offset": "0x28"}, {"name": "HYSTERESIS1", "offset": "0x2c"}, {"name": "ROUTEPEN", "offset": "0x40"}, {"name": "ROUTELOC0", "offset": "0x44"}]}, {"name": "ACMP1", "start": "0x40000400", "end": "0x400007ff", "size": "0x400", "comment": "", "registers": [{"name": "CTRL", "offset": "0x0"}, {"name": "INPUTSEL", "offset": "0x4"}, {"name": "STATUS", "offset": "0x8"}, {"name": "IF", "offset": "0xc"}, {"name": "IFS", "offset": "0x10"}, {"name": "IFC", "offset": "0x14"}, {"name": "IEN", "offset": "0x18"}, {"name": "APORTREQ", "offset": "0x20"}, {"name": "APORTCONFLICT", "offset": "0x24"}, {"name": "HYSTERESIS0", "offset": "0x28"}, {"name": "HYSTERESIS1", "offset": "0x2c"}, {"name": "ROUTEPEN", "offset": "0x40"}, {"name": "ROUTELOC0", "offset": "0x44"}]}, {"name": "IDAC0", "start": "0x40006000", "end": "0x400063ff", "size": "0x400", "comment": "", "registers": [{"name": "CTRL", "offset": "0x0"}, {"name": "CURPROG", "offset": "0x4"}, {"name": "DUTYCONFIG", "offset": "0xc"}, {"name": "STATUS", "offset": "0x18"}, {"name": "IF", "offset": "0x20"}, {"name": "IFS", "offset": "0x24"}, {"name": "IFC", "offset": "0x28"}, {"name": "IEN", "offset": "0x2c"}, {"name": "APORTREQ", "offset": "0x34"}, {"name": "APORTCONFLICT", "offset": "0x38"}]}, {"name": "RTCC", "start": "0x40042000", "end": "0x400423ff", "size": "0x400", "comment": "", "registers": [{"name": "CTRL", "offset": "0x0"}, {"name": "PRECNT", "offset": "0x4"}, {"name": "CNT", "offset": "0x8"}, {"name": "COMBCNT", "offset": "0xc"}, {"name": "TIME", "offset": "0x10"}, {"name": "DATE", "offset": "0x14"}, {"name": "IF", "offset": "0x18"}, {"name": "IFS", "offset": "0x1c"}, {"name": "IFC", "offset": "0x20"}, {"name": "IEN", "offset": "0x24"}, {"name": "STATUS", "offset": "0x28"}, {"name": "CMD", "offset": "0x2c"}, {"name": "SYNCBUSY", "offset": "0x30"}, {"name": "POWERDOWN", "offset": "0x34"}, {"name": "LOCK", "offset": "0x38"}, {"name": "EM4WUEN", "offset": "0x3c"}, {"name": "CC0_CTRL", "offset": "0x40"}, {"name": "CC0_CCV", "offset": "0x44"}, {"name": "CC0_TIME", "offset": "0x48"}, {"name": "CC0_DATE", "offset": "0x4c"}, {"name": "CC1_CTRL", "offset": "0x50"}, {"name": "CC1_CCV", "offset": "0x54"}, {"name": "CC1_TIME", "offset": "0x58"}, {"name": "CC1_DATE", "offset": "0x5c"}, {"name": "CC2_CTRL", "offset": "0x60"}, {"name": "CC2_CCV", "offset": "0x64"}, {"name": "CC2_TIME", "offset": "0x68"}, {"name": "CC2_DATE", "offset": "0x6c"}, {"name": "RET0_REG", "offset": "0x104"}, {"name": "RET1_REG", "offset": "0x108"}, {"name": "RET2_REG", "offset": "0x10c"}, {"name": "RET3_REG", "offset": "0x110"}, {"name": "RET4_REG", "offset": "0x114"}, {"name": "RET5_REG", "offset": "0x118"}, {"name": "RET6_REG", "offset": "0x11c"}, {"name": "RET7_REG", "offset": "0x120"}, {"name": "RET8_REG", "offset": "0x124"}, {"name": "RET9_REG", "offset": "0x128"}, {"name": "RET10_REG", "offset": "0x12c"}, {"name": "RET11_REG", "offset": "0x130"}, {"name": "RET12_REG", "offset": "0x134"}, {"name": "RET13_REG", "offset": "0x138"}, {"name": "RET14_REG", "offset": "0x13c"}, {"name": "RET15_REG", "offset": "0x140"}, {"name": "RET16_REG", "offset": "0x144"}, {"name": "RET17_REG", "offset": "0x148"}, {"name": "RET18_REG", "offset": "0x14c"}, {"name": "RET19_REG", "offset": "0x150"}, {"name": "RET20_REG", "offset": "0x154"}, {"name": "RET21_REG", "offset": "0x158"}, {"name": "RET22_REG", "offset": "0x15c"}, {"name": "RET23_REG", "offset": "0x160"}, {"name": "RET24_REG", "offset": "0x164"}, {"name": "RET25_REG", "offset": "0x168"}, {"name": "RET26_REG", "offset": "0x16c"}, {"name": "RET27_REG", "offset": "0x170"}, {"name": "RET28_REG", "offset": "0x174"}, {"name": "RET29_REG", "offset": "0x178"}, {"name": "RET30_REG", "offset": "0x17c"}, {"name": "RET31_REG", "offset": "0x180"}]}, {"name": "WDOG0", "start": "0x40052000", "end": "0x400523ff", "size": "0x400", "comment": "", "registers": [{"name": "CTRL", "offset": "0x0"}, {"name": "CMD", "offset": "0x4"}, {"name": "SYNCBUSY", "offset": "0x8"}, {"name": "PCH0_PRSCTRL", "offset": "0xc"}, {"name": "PCH1_PRSCTRL", "offset": "0x10"}, {"name": "IF", "offset": "0x1c"}, {"name": "IFS", "offset": "0x20"}, {"name": "IFC", "offset": "0x24"}, {"name": "IEN", "offset": "0x28"}]}], "vector_table": [{"name": "StackPointer_Value", "value": -1, "addr": "0x0", "comment": "Stack pointer initial value"}, {"name": "Reset", "value": -1, "addr": "0x4", "comment": "Priority: -3"}, {"name": "NMI", "value": -1, "addr": "0x8", "comment": "Priority: -2"}, {"name": "HardFault", "value": -1, "addr": "0xc", "comment": "Priority: -1"}, {"name": "SVCall", "value": -1, "addr": "0x2c", "comment": "Priority: 3"}, {"name": "PendSV", "value": -1, "addr": "0x38", "comment": "Priority: 5"}, {"name": "SysTick", "value": -1, "addr": "0x3c", "comment": "Priority: 6"}, {"name": "EMU", "value": 0, "comment": "", "addr": "0x40"}, {"name": "WDOG0", "value": 2, "comment": "", "addr": "0x48"}, {"name": "LDMA", "value": 8, "comment": "", "addr": "0x60"}, {"name": "GPIO_EVEN", "value": 9, "comment": "", "addr": "0x64"}, {"name": "TIMER0", "value": 10, "comment": "", "addr": "0x68"}, {"name": "USART0_RX", "value": 11, "comment": "", "addr": "0x6c"}, {"name": "USART0_TX", "value": 12, "comment": "", "addr": "0x70"}, {"name": "ACMP0", "value": 13, "comment": "", "addr": "0x74"}, {"name": "ACMP0", "value": 13, "comment": "", "addr": "0x74"}, {"name": "ADC0", "value": 14, "comment": "", "addr": "0x78"}, {"name": "IDAC0", "value": 15, "comment": "", "addr": "0x7c"}, {"name": "I2C0", "value": 16, "comment": "", "addr": "0x80"}, {"name": "GPIO_ODD", "value": 17, "comment": "", "addr": "0x84"}, {"name": "TIMER1", "value": 18, "comment": "", "addr": "0x88"}, {"name": "USART1_RX", "value": 19, "comment": "", "addr": "0x8c"}, {"name": "USART1_TX", "value": 20, "comment": "", "addr": "0x90"}, {"name": "LEUART0", "value": 21, "comment": "", "addr": "0x94"}, {"name": "PCNT0", "value": 22, "comment": "", "addr": "0x98"}, {"name": "CMU", "value": 23, "comment": "", "addr": "0x9c"}, {"name": "MSC", "value": 24, "comment": "", "addr": "0xa0"}, {"name": "CRYPTO", "value": 25, "comment": "", "addr": "0xa4"}, {"name": "LETIMER0", "value": 26, "comment": "", "addr": "0xa8"}, {"name": "RTCC", "value": 29, "comment": "", "addr": "0xb4"}, {"name": "CRYOTIMER", "value": 31, "comment": "", "addr": "0xbc"}, {"name": "FPUEH", "value": 33, "comment": "", "addr": "0xc4"}]}