{"brand": "NXP", "family": "LPC12", "name": "LPC122x", "bits": 32, "mode": 1, "segments": [{"name": "SRAM", "start": "0x10000000", "end": "0x10001fff", "size": "0x2000", "type": "DATA"}], "peripherals": [{"name": "I2C", "start": "0x40000000", "end": "0x40000ffe", "size": "0xfff", "comment": "", "registers": [{"name": "CONSET", "offset": "0x0"}, {"name": "STAT", "offset": "0x4"}, {"name": "DAT", "offset": "0x8"}, {"name": "ADR0", "offset": "0xc"}, {"name": "SCLH", "offset": "0x10"}, {"name": "SCLL", "offset": "0x14"}, {"name": "CONCLR", "offset": "0x18"}, {"name": "MMCTRL", "offset": "0x1c"}, {"name": "DATA_BUFFER", "offset": "0x2c"}, {"name": "ADR1", "offset": "0x20", "size": "0x0"}, {"name": "ADR2", "offset": "0x24", "size": "0x0"}, {"name": "ADR3", "offset": "0x28", "size": "0x0"}, {"name": "MASK0", "offset": "0x30", "size": "0x0"}, {"name": "MASK1", "offset": "0x34", "size": "0x0"}, {"name": "MASK2", "offset": "0x38", "size": "0x0"}, {"name": "MASK3", "offset": "0x3c", "size": "0x0"}]}, {"name": "WWDT", "start": "0x40004000", "end": "0x40004ffe", "size": "0xfff", "comment": "", "registers": [{"name": "MOD", "offset": "0x0"}, {"name": "TC", "offset": "0x4"}, {"name": "FEED", "offset": "0x8"}, {"name": "TV", "offset": "0xc"}, {"name": "CLKSEL", "offset": "0x10"}, {"name": "WARNINT", "offset": "0x14"}, {"name": "WINDOW", "offset": "0x18"}]}, {"name": "UART0", "start": "0x40008000", "end": "0x40008ffe", "size": "0xfff", "comment": "", "registers": [{"name": "RBR", "offset": "0x0"}, {"name": "THR", "offset": "0x0"}, {"name": "DLL", "offset": "0x0"}, {"name": "DLM", "offset": "0x4"}, {"name": "IER", "offset": "0x4"}, {"name": "IIR", "offset": "0x8"}, {"name": "FCR", "offset": "0x8"}, {"name": "LCR", "offset": "0xc"}, {"name": "MCR", "offset": "0x10"}, {"name": "LSR", "offset": "0x14"}, {"name": "MSR", "offset": "0x18"}, {"name": "SCR", "offset": "0x1c"}, {"name": "ACR", "offset": "0x20"}, {"name": "FDR", "offset": "0x28"}, {"name": "TER", "offset": "0x30"}, {"name": "RS485CTRL", "offset": "0x4c"}, {"name": "RS485ADRMATCH", "offset": "0x50"}, {"name": "RS485DLY", "offset": "0x54"}, {"name": "FIFOLVL", "offset": "0x58"}]}, {"name": "UART1", "start": "0x4000c000", "end": "0x4000cffe", "size": "0xfff", "comment": "", "registers": [{"name": "RBR", "offset": "0x0"}, {"name": "THR", "offset": "0x0"}, {"name": "DLL", "offset": "0x0"}, {"name": "DLM", "offset": "0x4"}, {"name": "IER", "offset": "0x4"}, {"name": "IIR", "offset": "0x8"}, {"name": "FCR", "offset": "0x8"}, {"name": "LCR", "offset": "0xc"}, {"name": "LSR", "offset": "0x14"}, {"name": "SCR", "offset": "0x1c"}, {"name": "ACR", "offset": "0x20"}, {"name": "ICR", "offset": "0x24"}, {"name": "FDR", "offset": "0x28"}, {"name": "TER", "offset": "0x30"}, {"name": "FIFOLVL", "offset": "0x58"}]}, {"name": "CT16B0", "start": "0x40010000", "end": "0x40010ffe", "size": "0xfff", "comment": "", "registers": [{"name": "IR", "offset": "0x0"}, {"name": "TCR", "offset": "0x4"}, {"name": "TC", "offset": "0x8"}, {"name": "PR", "offset": "0xc"}, {"name": "PC", "offset": "0x10"}, {"name": "MCR", "offset": "0x14"}, {"name": "CCR", "offset": "0x28"}, {"name": "EMR", "offset": "0x3c"}, {"name": "CTCR", "offset": "0x70"}, {"name": "PWMC", "offset": "0x74"}, {"name": "MR0", "offset": "0x18", "size": "0x0"}, {"name": "MR1", "offset": "0x1c", "size": "0x0"}, {"name": "MR2", "offset": "0x20", "size": "0x0"}, {"name": "MR3", "offset": "0x24", "size": "0x0"}, {"name": "CR0", "offset": "0x2c", "size": "0x0"}, {"name": "CR1", "offset": "0x30", "size": "0x0"}, {"name": "CR2", "offset": "0x34", "size": "0x0"}, {"name": "CR3", "offset": "0x38", "size": "0x0"}]}, {"name": "CT16B1", "start": "0x40014000", "end": "0x40014ffe", "size": "0xfff", "comment": "", "registers": [{"name": "IR", "offset": "0x0"}, {"name": "TCR", "offset": "0x4"}, {"name": "TC", "offset": "0x8"}, {"name": "PR", "offset": "0xc"}, {"name": "PC", "offset": "0x10"}, {"name": "MCR", "offset": "0x14"}, {"name": "CCR", "offset": "0x28"}, {"name": "EMR", "offset": "0x3c"}, {"name": "CTCR", "offset": "0x70"}, {"name": "PWMC", "offset": "0x74"}, {"name": "MR0", "offset": "0x18", "size": "0x0"}, {"name": "MR1", "offset": "0x1c", "size": "0x0"}, {"name": "MR2", "offset": "0x20", "size": "0x0"}, {"name": "MR3", "offset": "0x24", "size": "0x0"}, {"name": "CR0", "offset": "0x2c", "size": "0x0"}, {"name": "CR1", "offset": "0x30", "size": "0x0"}, {"name": "CR2", "offset": "0x34", "size": "0x0"}, {"name": "CR3", "offset": "0x38", "size": "0x0"}]}, {"name": "CT32B0", "start": "0x40018000", "end": "0x40018ffe", "size": "0xfff", "comment": "", "registers": [{"name": "IR", "offset": "0x0"}, {"name": "TCR", "offset": "0x4"}, {"name": "TC", "offset": "0x8"}, {"name": "PR", "offset": "0xc"}, {"name": "PC", "offset": "0x10"}, {"name": "MCR", "offset": "0x14"}, {"name": "CCR", "offset": "0x28"}, {"name": "EMR", "offset": "0x3c"}, {"name": "CTCR", "offset": "0x70"}, {"name": "PWMC", "offset": "0x74"}, {"name": "MR0", "offset": "0x18", "size": "0x0"}, {"name": "MR1", "offset": "0x1c", "size": "0x0"}, {"name": "MR2", "offset": "0x20", "size": "0x0"}, {"name": "MR3", "offset": "0x24", "size": "0x0"}, {"name": "CR0", "offset": "0x2c", "size": "0x0"}, {"name": "CR1", "offset": "0x30", "size": "0x0"}, {"name": "CR2", "offset": "0x34", "size": "0x0"}, {"name": "CR3", "offset": "0x38", "size": "0x0"}]}, {"name": "CT32B1", "start": "0x4001c000", "end": "0x4001cffe", "size": "0xfff", "comment": "", "registers": [{"name": "IR", "offset": "0x0"}, {"name": "TCR", "offset": "0x4"}, {"name": "TC", "offset": "0x8"}, {"name": "PR", "offset": "0xc"}, {"name": "PC", "offset": "0x10"}, {"name": "MCR", "offset": "0x14"}, {"name": "CCR", "offset": "0x28"}, {"name": "EMR", "offset": "0x3c"}, {"name": "CTCR", "offset": "0x70"}, {"name": "PWMC", "offset": "0x74"}, {"name": "MR0", "offset": "0x18", "size": "0x0"}, {"name": "MR1", "offset": "0x1c", "size": "0x0"}, {"name": "MR2", "offset": "0x20", "size": "0x0"}, {"name": "MR3", "offset": "0x24", "size": "0x0"}, {"name": "CR0", "offset": "0x2c", "size": "0x0"}, {"name": "CR1", "offset": "0x30", "size": "0x0"}, {"name": "CR2", "offset": "0x34", "size": "0x0"}, {"name": "CR3", "offset": "0x38", "size": "0x0"}]}, {"name": "ADC", "start": "0x40020000", "end": "0x40020ffe", "size": "0xfff", "comment": "", "registers": [{"name": "CR", "offset": "0x0"}, {"name": "GDR", "offset": "0x4"}, {"name": "INTEN", "offset": "0xc"}, {"name": "STAT", "offset": "0x30"}, {"name": "TRM", "offset": "0x34"}, {"name": "DR0", "offset": "0x10", "size": "0x0"}, {"name": "DR1", "offset": "0x14", "size": "0x0"}, {"name": "DR2", "offset": "0x18", "size": "0x0"}, {"name": "DR3", "offset": "0x1c", "size": "0x0"}, {"name": "DR4", "offset": "0x20", "size": "0x0"}, {"name": "DR5", "offset": "0x24", "size": "0x0"}, {"name": "DR6", "offset": "0x28", "size": "0x0"}, {"name": "DR7", "offset": "0x2c", "size": "0x0"}]}, {"name": "PMU", "start": "0x40038000", "end": "0x40038ffe", "size": "0xfff", "comment": "", "registers": [{"name": "PCON", "offset": "0x0"}, {"name": "SYSCFG", "offset": "0x14"}, {"name": "GPREG0", "offset": "0x4", "size": "0x0"}, {"name": "GPREG1", "offset": "0x8", "size": "0x0"}, {"name": "GPREG2", "offset": "0xc", "size": "0x0"}, {"name": "GPREG3", "offset": "0x10", "size": "0x0"}]}, {"name": "SSP", "start": "0x40040000", "end": "0x40040ffe", "size": "0xfff", "comment": "", "registers": [{"name": "CR0", "offset": "0x0"}, {"name": "CR1", "offset": "0x4"}, {"name": "DR", "offset": "0x8"}, {"name": "SR", "offset": "0xc"}, {"name": "CPSR", "offset": "0x10"}, {"name": "IMSC", "offset": "0x14"}, {"name": "RIS", "offset": "0x18"}, {"name": "MIS", "offset": "0x1c"}, {"name": "ICR", "offset": "0x20"}, {"name": "DMACR", "offset": "0x24"}]}, {"name": "IOCON", "start": "0x40044000", "end": "0x40044ffe", "size": "0xfff", "comment": "", "registers": [{"name": "PIO0_19", "offset": "0x8"}, {"name": "PIO0_20", "offset": "0xc"}, {"name": "PIO0_21", "offset": "0x10"}, {"name": "PIO0_22", "offset": "0x14"}, {"name": "PIO0_23", "offset": "0x18"}, {"name": "PIO0_24", "offset": "0x1c"}, {"name": "SWDIO_PIO0_25", "offset": "0x20"}, {"name": "SWCLK_PIO0_26", "offset": "0x24"}, {"name": "PIO0_27", "offset": "0x28"}, {"name": "PIO2_12", "offset": "0x2c"}, {"name": "PIO2_13", "offset": "0x30"}, {"name": "PIO2_14", "offset": "0x34"}, {"name": "PIO2_15", "offset": "0x38"}, {"name": "PIO0_28", "offset": "0x3c"}, {"name": "PIO0_29", "offset": "0x40"}, {"name": "PIO0_0", "offset": "0x44"}, {"name": "PIO0_1", "offset": "0x48"}, {"name": "PIO0_2", "offset": "0x4c"}, {"name": "PIO0_3", "offset": "0x54"}, {"name": "PIO0_4", "offset": "0x58"}, {"name": "PIO0_5", "offset": "0x5c"}, {"name": "PIO0_6", "offset": "0x60"}, {"name": "PIO0_7", "offset": "0x64"}, {"name": "PIO0_8", "offset": "0x68"}, {"name": "PIO0_9", "offset": "0x6c"}, {"name": "PIO2_0", "offset": "0x70"}, {"name": "PIO2_1", "offset": "0x74"}, {"name": "PIO2_2", "offset": "0x78"}, {"name": "PIO2_3", "offset": "0x7c"}, {"name": "PIO2_4", "offset": "0x80"}, {"name": "PIO2_5", "offset": "0x84"}, {"name": "PIO2_6", "offset": "0x88"}, {"name": "PIO2_7", "offset": "0x8c"}, {"name": "PIO0_10", "offset": "0x90"}, {"name": "PIO0_11", "offset": "0x94"}, {"name": "PIO0_12", "offset": "0x98"}, {"name": "RESET_PIO0_13", "offset": "0x9c"}, {"name": "PIO0_14", "offset": "0xa0"}, {"name": "PIO0_15", "offset": "0xa4"}, {"name": "PIO0_16", "offset": "0xa8"}, {"name": "PIO0_17", "offset": "0xac"}, {"name": "PIO0_18", "offset": "0xb0"}, {"name": "R_PIO0_30", "offset": "0xb4"}, {"name": "R_PIO0_31", "offset": "0xb8"}, {"name": "R_PIO1_0", "offset": "0xbc"}, {"name": "R_PIO1_1", "offset": "0xc0"}, {"name": "PIO1_2", "offset": "0xc4"}, {"name": "PIO1_3", "offset": "0xc8"}, {"name": "PIO1_4", "offset": "0xcc"}, {"name": "PIO1_5", "offset": "0xd0"}, {"name": "PIO1_6", "offset": "0xd4"}, {"name": "PIO2_8", "offset": "0xe0"}, {"name": "PIO2_9", "offset": "0xe4"}, {"name": "PIO2_10", "offset": "0xe8"}, {"name": "PIO2_11", "offset": "0xec"}]}, {"name": "SYSCON", "start": "0x40048000", "end": "0x40048ffe", "size": "0xfff", "comment": "", "registers": [{"name": "SYSMEMREMAP", "offset": "0x0"}, {"name": "PRESETCTRL", "offset": "0x4"}, {"name": "SYSPLLCTRL", "offset": "0x8"}, {"name": "SYSPLLSTAT", "offset": "0xc"}, {"name": "SYSOSCCTRL", "offset": "0x20"}, {"name": "WDTOSCCTRL", "offset": "0x24"}, {"name": "IRCCTRL", "offset": "0x28"}, {"name": "SYSRESSTAT", "offset": "0x30"}, {"name": "SYSPLLCLKSEL", "offset": "0x40"}, {"name": "SYSPLLCLKUEN", "offset": "0x44"}, {"name": "MAINCLKSEL", "offset": "0x70"}, {"name": "MAINCLKUEN", "offset": "0x74"}, {"name": "SYSAHBCLKDIV", "offset": "0x78"}, {"name": "SYSAHBCLKCTRL", "offset": "0x80"}, {"name": "SSPCLKDIV", "offset": "0x94"}, {"name": "UART0CLKDIV", "offset": "0x98"}, {"name": "UART1CLKDIV", "offset": "0x9c"}, {"name": "RTCCLKDIV", "offset": "0xa0"}, {"name": "CLKOUTCLKSEL", "offset": "0xe0"}, {"name": "CLKOUTUEN", "offset": "0xe4"}, {"name": "CLKOUTDIV", "offset": "0xe8"}, {"name": "PIOPORCAP0", "offset": "0x100"}, {"name": "PIOPORCAP1", "offset": "0x104"}, {"name": "IOCONFIGCLKDIV6", "offset": "0x134"}, {"name": "IOCONFIGCLKDIV5", "offset": "0x138"}, {"name": "IOCONFIGCLKDIV4", "offset": "0x13c"}, {"name": "IOCONFIGCLKDIV3", "offset": "0x140"}, {"name": "IOCONFIGCLKDIV2", "offset": "0x144"}, {"name": "IOCONFIGCLKDIV1", "offset": "0x148"}, {"name": "IOCONFIGCLKDIV0", "offset": "0x14c"}, {"name": "BODCTRL", "offset": "0x150"}, {"name": "SYSTCKCAL", "offset": "0x154"}, {"name": "AHBPRIO", "offset": "0x158"}, {"name": "IRQLATENCY", "offset": "0x170"}, {"name": "INTNMI", "offset": "0x174"}, {"name": "STARTAPRP0", "offset": "0x200"}, {"name": "STARTERP0", "offset": "0x204"}, {"name": "STARTRSRP0CLR", "offset": "0x208"}, {"name": "STARTSRP0", "offset": "0x20c"}, {"name": "STARTAPRP1", "offset": "0x210"}, {"name": "STARTERP1", "offset": "0x214"}, {"name": "STARTRSRP1CLR", "offset": "0x218"}, {"name": "STARTSRP1", "offset": "0x21c"}, {"name": "PDSLEEPCFG", "offset": "0x230"}, {"name": "PDAWAKECFG", "offset": "0x234"}, {"name": "PDRUNCFG", "offset": "0x238"}, {"name": "DEVICE_ID", "offset": "0x3f4"}]}, {"name": "MICRO_DMA", "start": "0x4004c000", "end": "0x4004cffe", "size": "0xfff", "comment": "", "registers": [{"name": "DMA_STATUS", "offset": "0x0"}, {"name": "DMA_CFG", "offset": "0x4"}, {"name": "CTRL_BASE_PTR", "offset": "0x8"}, {"name": "ATL_CTRL_BASE_PTR", "offset": "0xc"}, {"name": "DMA_WAITONREQ_STATUS", "offset": "0x10"}, {"name": "CHNL_SW_REQUEST", "offset": "0x14"}, {"name": "CHNL_USEBURST_SET", "offset": "0x18"}, {"name": "CHNL_USEBURST_CLR", "offset": "0x1c"}, {"name": "CHNL_REQ_MASK_SET", "offset": "0x20"}, {"name": "CHNL_REQ_MASK_CLR", "offset": "0x24"}, {"name": "CHNL_ENABLE_SET", "offset": "0x28"}, {"name": "CHNL_ENABLE_CLR", "offset": "0x2c"}, {"name": "CHNL_PRI_ALT_SET", "offset": "0x30"}, {"name": "CHNL_PRI_ALT_CLR", "offset": "0x34"}, {"name": "CHNL_PRIORITY_SET", "offset": "0x38"}, {"name": "CHNL_PRIORITY_CLR", "offset": "0x3c"}, {"name": "ERR_CLR", "offset": "0x4c"}, {"name": "CHNL_IRQ_STATUS", "offset": "0x80"}, {"name": "IRQ_ERR_ENABLE", "offset": "0x84"}, {"name": "CHNL_IRQ_ENABLE", "offset": "0x88"}]}, {"name": "RTC", "start": "0x40050000", "end": "0x40050ffe", "size": "0xfff", "comment": "", "registers": [{"name": "DR", "offset": "0x0"}, {"name": "MR", "offset": "0x4"}, {"name": "LR", "offset": "0x8"}, {"name": "CR", "offset": "0xc"}, {"name": "ICSC", "offset": "0x10"}, {"name": "RIS", "offset": "0x14"}, {"name": "MIS", "offset": "0x18"}, {"name": "ICR", "offset": "0x1c"}]}, {"name": "ACOMP", "start": "0x40054000", "end": "0x40054ffe", "size": "0xfff", "comment": "", "registers": [{"name": "CMP", "offset": "0x0"}, {"name": "VLAD", "offset": "0x4"}]}, {"name": "GPIO0", "start": "0x50000000", "end": "0x5000fffe", "size": "0xffff", "comment": "", "registers": [{"name": "MASK", "offset": "0x0"}, {"name": "PIN", "offset": "0x4"}, {"name": "OUT", "offset": "0x8"}, {"name": "SET", "offset": "0xc"}, {"name": "CLR", "offset": "0x10"}, {"name": "NOT", "offset": "0x14"}, {"name": "DIR", "offset": "0x20"}, {"name": "IS", "offset": "0x24"}, {"name": "IBE", "offset": "0x28"}, {"name": "IEV", "offset": "0x2c"}, {"name": "IE", "offset": "0x30"}, {"name": "RIS", "offset": "0x34"}, {"name": "MIS", "offset": "0x38"}, {"name": "IC", "offset": "0x3c"}]}, {"name": "GPIO1", "start": "0x50010000", "end": "0x5001fffe", "size": "0xffff", "comment": "", "registers": [{"name": "MASK", "offset": "0x0"}, {"name": "PIN", "offset": "0x4"}, {"name": "OUT", "offset": "0x8"}, {"name": "SET", "offset": "0xc"}, {"name": "CLR", "offset": "0x10"}, {"name": "NOT", "offset": "0x14"}, {"name": "DIR", "offset": "0x20"}, {"name": "IS", "offset": "0x24"}, {"name": "IBE", "offset": "0x28"}, {"name": "IEV", "offset": "0x2c"}, {"name": "IE", "offset": "0x30"}, {"name": "RIS", "offset": "0x34"}, {"name": "MIS", "offset": "0x38"}, {"name": "IC", "offset": "0x3c"}]}, {"name": "GPIO2", "start": "0x50020000", "end": "0x5002fffe", "size": "0xffff", "comment": "", "registers": [{"name": "MASK", "offset": "0x0"}, {"name": "PIN", "offset": "0x4"}, {"name": "OUT", "offset": "0x8"}, {"name": "SET", "offset": "0xc"}, {"name": "CLR", "offset": "0x10"}, {"name": "NOT", "offset": "0x14"}, {"name": "DIR", "offset": "0x20"}, {"name": "IS", "offset": "0x24"}, {"name": "IBE", "offset": "0x28"}, {"name": "IEV", "offset": "0x2c"}, {"name": "IE", "offset": "0x30"}, {"name": "RIS", "offset": "0x34"}, {"name": "MIS", "offset": "0x38"}, {"name": "IC", "offset": "0x3c"}]}, {"name": "FLASHCTRL", "start": "0x50060000", "end": "0x50060ffe", "size": "0xfff", "comment": "", "registers": [{"name": "FLASHCFG", "offset": "0x28"}]}, {"name": "CRC", "start": "0x50070000", "end": "0x5007fffe", "size": "0xffff", "comment": "", "registers": [{"name": "MODE", "offset": "0x0"}, {"name": "SEED", "offset": "0x4"}, {"name": "SUM", "offset": "0x8"}, {"name": "WR_DATA", "offset": "0x8"}]}], "vector_table": [{"name": "StackPointer_Value", "value": -1, "addr": "0x0", "comment": "Stack pointer initial value"}, {"name": "Reset", "value": -1, "addr": "0x4", "comment": "Priority: -3"}, {"name": "NMI", "value": -1, "addr": "0x8", "comment": "Priority: -2"}, {"name": "HardFault", "value": -1, "addr": "0xc", "comment": "Priority: -1"}, {"name": "SVCall", "value": -1, "addr": "0x2c", "comment": "Priority: 3"}, {"name": "PendSV", "value": -1, "addr": "0x38", "comment": "Priority: 5"}, {"name": "SysTick", "value": -1, "addr": "0x3c", "comment": "Priority: 6"}, {"name": "START_PIO0_0", "value": 0, "comment": "", "addr": "0x40"}, {"name": "START_PIO0_1", "value": 1, "comment": "", "addr": "0x44"}, {"name": "START_PIO0_2", "value": 2, "comment": "", "addr": "0x48"}, {"name": "START_PIO0_3", "value": 3, "comment": "", "addr": "0x4c"}, {"name": "START_PIO0_4", "value": 4, "comment": "", "addr": "0x50"}, {"name": "START_PIO0_5", "value": 5, "comment": "", "addr": "0x54"}, {"name": "START_PIO0_6", "value": 6, "comment": "", "addr": "0x58"}, {"name": "START_PIO0_7", "value": 7, "comment": "", "addr": "0x5c"}, {"name": "START_PIO0_8", "value": 8, "comment": "", "addr": "0x60"}, {"name": "START_PIO0_9", "value": 9, "comment": "", "addr": "0x64"}, {"name": "START_PIO0_10", "value": 10, "comment": "", "addr": "0x68"}, {"name": "START_PIO0_11", "value": 11, "comment": "", "addr": "0x6c"}, {"name": "I2C", "value": 12, "comment": "", "addr": "0x70"}, {"name": "CT16B0", "value": 13, "comment": "", "addr": "0x74"}, {"name": "CT16B1", "value": 14, "comment": "", "addr": "0x78"}, {"name": "CT32B0", "value": 15, "comment": "", "addr": "0x7c"}, {"name": "CT32B1", "value": 16, "comment": "", "addr": "0x80"}, {"name": "SSP", "value": 17, "comment": "", "addr": "0x84"}, {"name": "UART0", "value": 18, "comment": "", "addr": "0x88"}, {"name": "UART1", "value": 19, "comment": "", "addr": "0x8c"}, {"name": "ACOMP", "value": 20, "comment": "", "addr": "0x90"}, {"name": "ADC", "value": 21, "comment": "", "addr": "0x94"}, {"name": "WDT", "value": 22, "comment": "", "addr": "0x98"}, {"name": "BOD", "value": 23, "comment": "", "addr": "0x9c"}, {"name": "PIO0", "value": 25, "comment": "", "addr": "0xa4"}, {"name": "PIO1", "value": 26, "comment": "", "addr": "0xa8"}, {"name": "PIO2", "value": 27, "comment": "", "addr": "0xac"}, {"name": "DMA", "value": 29, "comment": "", "addr": "0xb4"}, {"name": "RTC", "value": 30, "comment": "", "addr": "0xb8"}]}