{"brand": "NXP", "family": "LPC17", "name": "LPC176x5x", "bits": 32, "mode": 1, "segments": [{"name": "SRAM", "start": "0x10000000", "end": "0x10007fff", "size": "0x8000", "type": "DATA"}, {"name": "AHB_SRAM", "start": "0x2007c000", "end": "0x20084fff", "size": "0x8000", "type": "DATA"}], "peripherals": [{"name": "WDT", "start": "0x40000000", "end": "0x40000ffe", "size": "0xfff", "comment": "", "registers": [{"name": "MOD", "offset": "0x0"}, {"name": "TC", "offset": "0x4"}, {"name": "FEED", "offset": "0x8"}, {"name": "TV", "offset": "0xc"}, {"name": "CLKSEL", "offset": "0x10"}]}, {"name": "TIMER0", "start": "0x40004000", "end": "0x40004ffe", "size": "0xfff", "comment": "", "registers": [{"name": "IR", "offset": "0x0"}, {"name": "TCR", "offset": "0x4"}, {"name": "TC", "offset": "0x8"}, {"name": "PR", "offset": "0xc"}, {"name": "PC", "offset": "0x10"}, {"name": "MCR", "offset": "0x14"}, {"name": "CCR", "offset": "0x28"}, {"name": "EMR", "offset": "0x3c"}, {"name": "CTCR", "offset": "0x70"}, {"name": "MR[0]", "offset": "0x18", "size": "0x0"}, {"name": "MR[1]", "offset": "0x1c", "size": "0x0"}, {"name": "MR[2]", "offset": "0x20", "size": "0x0"}, {"name": "MR[3]", "offset": "0x24", "size": "0x0"}, {"name": "CR[0]", "offset": "0x2c", "size": "0x0"}, {"name": "CR[1]", "offset": "0x30", "size": "0x0"}]}, {"name": "TIMER1", "start": "0x40008000", "end": "0x40008ffe", "size": "0xfff", "comment": "", "registers": [{"name": "IR", "offset": "0x0"}, {"name": "TCR", "offset": "0x4"}, {"name": "TC", "offset": "0x8"}, {"name": "PR", "offset": "0xc"}, {"name": "PC", "offset": "0x10"}, {"name": "MCR", "offset": "0x14"}, {"name": "CCR", "offset": "0x28"}, {"name": "EMR", "offset": "0x3c"}, {"name": "CTCR", "offset": "0x70"}, {"name": "MR[0]", "offset": "0x18", "size": "0x0"}, {"name": "MR[1]", "offset": "0x1c", "size": "0x0"}, {"name": "MR[2]", "offset": "0x20", "size": "0x0"}, {"name": "MR[3]", "offset": "0x24", "size": "0x0"}, {"name": "CR[0]", "offset": "0x2c", "size": "0x0"}, {"name": "CR[1]", "offset": "0x30", "size": "0x0"}]}, {"name": "UART0", "start": "0x4000c000", "end": "0x4000cffe", "size": "0xfff", "comment": "", "registers": [{"name": "RBR", "offset": "0x0"}, {"name": "THR", "offset": "0x0"}, {"name": "DLL", "offset": "0x0"}, {"name": "DLM", "offset": "0x4"}, {"name": "IER", "offset": "0x4"}, {"name": "IIR", "offset": "0x8"}, {"name": "FCR", "offset": "0x8"}, {"name": "LCR", "offset": "0xc"}, {"name": "LSR", "offset": "0x14"}, {"name": "SCR", "offset": "0x1c"}, {"name": "ACR", "offset": "0x20"}, {"name": "FDR", "offset": "0x28"}, {"name": "TER", "offset": "0x30"}, {"name": "RS485CTRL", "offset": "0x4c"}, {"name": "RS485ADRMATCH", "offset": "0x50"}, {"name": "RS485DLY", "offset": "0x54"}]}, {"name": "UART1", "start": "0x40010000", "end": "0x40010ffe", "size": "0xfff", "comment": "", "registers": [{"name": "RBR", "offset": "0x0"}, {"name": "THR", "offset": "0x0"}, {"name": "DLL", "offset": "0x0"}, {"name": "DLM", "offset": "0x4"}, {"name": "IER", "offset": "0x4"}, {"name": "IIR", "offset": "0x8"}, {"name": "FCR", "offset": "0x8"}, {"name": "LCR", "offset": "0xc"}, {"name": "MCR", "offset": "0x10"}, {"name": "LSR", "offset": "0x14"}, {"name": "MSR", "offset": "0x18"}, {"name": "SCR", "offset": "0x1c"}, {"name": "ACR", "offset": "0x20"}, {"name": "FDR", "offset": "0x28"}, {"name": "TER", "offset": "0x30"}, {"name": "RS485CTRL", "offset": "0x4c"}, {"name": "RS485ADRMATCH", "offset": "0x50"}, {"name": "RS485DLY", "offset": "0x54"}]}, {"name": "PWM1", "start": "0x40018000", "end": "0x40018ffe", "size": "0xfff", "comment": "", "registers": [{"name": "IR", "offset": "0x0"}, {"name": "TCR", "offset": "0x4"}, {"name": "TC", "offset": "0x8"}, {"name": "PR", "offset": "0xc"}, {"name": "PC", "offset": "0x10"}, {"name": "MCR", "offset": "0x14"}, {"name": "CCR", "offset": "0x28"}, {"name": "PCR", "offset": "0x4c"}, {"name": "LER", "offset": "0x50"}, {"name": "CTCR", "offset": "0x70"}, {"name": "MR0", "offset": "0x18", "size": "0x0"}, {"name": "MR1", "offset": "0x1c", "size": "0x0"}, {"name": "MR2", "offset": "0x20", "size": "0x0"}, {"name": "MR3", "offset": "0x24", "size": "0x0"}, {"name": "CR[0]", "offset": "0x2c", "size": "0x0"}, {"name": "CR[1]", "offset": "0x30", "size": "0x0"}, {"name": "MR4", "offset": "0x40", "size": "0x0"}, {"name": "MR5", "offset": "0x44", "size": "0x0"}, {"name": "MR6", "offset": "0x48", "size": "0x0"}]}, {"name": "I2C0", "start": "0x4001c000", "end": "0x4001cffe", "size": "0xfff", "comment": "", "registers": [{"name": "CONSET", "offset": "0x0"}, {"name": "STAT", "offset": "0x4"}, {"name": "DAT", "offset": "0x8"}, {"name": "ADR0", "offset": "0xc"}, {"name": "SCLH", "offset": "0x10"}, {"name": "SCLL", "offset": "0x14"}, {"name": "CONCLR", "offset": "0x18"}, {"name": "MMCTRL", "offset": "0x1c"}, {"name": "DATA_BUFFER", "offset": "0x2c"}, {"name": "ADR1", "offset": "0x20", "size": "0x0"}, {"name": "ADR2", "offset": "0x24", "size": "0x0"}, {"name": "ADR3", "offset": "0x28", "size": "0x0"}, {"name": "MASK[0]", "offset": "0x30", "size": "0x0"}, {"name": "MASK[1]", "offset": "0x34", "size": "0x0"}, {"name": "MASK[2]", "offset": "0x38", "size": "0x0"}, {"name": "MASK[3]", "offset": "0x3c", "size": "0x0"}]}, {"name": "SPI", "start": "0x40020000", "end": "0x40020ffe", "size": "0xfff", "comment": "", "registers": [{"name": "CR", "offset": "0x0"}, {"name": "SR", "offset": "0x4"}, {"name": "DR", "offset": "0x8"}, {"name": "CCR", "offset": "0xc"}, {"name": "INT", "offset": "0x1c"}]}, {"name": "RTC", "start": "0x40024000", "end": "0x40024ffe", "size": "0xfff", "comment": "", "registers": [{"name": "ILR", "offset": "0x0"}, {"name": "CCR", "offset": "0x8"}, {"name": "CIIR", "offset": "0xc"}, {"name": "AMR", "offset": "0x10"}, {"name": "CTIME0", "offset": "0x14"}, {"name": "CTIME1", "offset": "0x18"}, {"name": "CTIME2", "offset": "0x1c"}, {"name": "SEC", "offset": "0x20"}, {"name": "MIN", "offset": "0x24"}, {"name": "HRS", "offset": "0x28"}, {"name": "DOM", "offset": "0x2c"}, {"name": "DOW", "offset": "0x30"}, {"name": "DOY", "offset": "0x34"}, {"name": "MONTH", "offset": "0x38"}, {"name": "YEAR", "offset": "0x3c"}, {"name": "CALIBRATION", "offset": "0x40"}, {"name": "RTC_AUX", "offset": "0x5c"}, {"name": "RTC_AUXEN", "offset": "0x58"}, {"name": "ASEC", "offset": "0x60"}, {"name": "AMIN", "offset": "0x64"}, {"name": "AHRS", "offset": "0x68"}, {"name": "ADOM", "offset": "0x6c"}, {"name": "ADOW", "offset": "0x70"}, {"name": "ADOY", "offset": "0x74"}, {"name": "AMON", "offset": "0x78"}, {"name": "AYRS", "offset": "0x7c"}, {"name": "GPREG0", "offset": "0x44", "size": "0x0"}, {"name": "GPREG1", "offset": "0x48", "size": "0x0"}, {"name": "GPREG2", "offset": "0x4c", "size": "0x0"}, {"name": "GPREG3", "offset": "0x50", "size": "0x0"}, {"name": "GPREG4", "offset": "0x54", "size": "0x0"}]}, {"name": "GPIOINT", "start": "0x40028080", "end": "0x4002907e", "size": "0xfff", "comment": "", "registers": [{"name": "STATUS", "offset": "0x0"}, {"name": "STATR0", "offset": "0x4"}, {"name": "STATF0", "offset": "0x8"}, {"name": "CLR0", "offset": "0xc"}, {"name": "ENR0", "offset": "0x10"}, {"name": "ENF0", "offset": "0x14"}, {"name": "STATR2", "offset": "0x24"}, {"name": "STATF2", "offset": "0x28"}, {"name": "CLR2", "offset": "0x2c"}, {"name": "ENR2", "offset": "0x30"}, {"name": "ENF2", "offset": "0x34"}]}, {"name": "PINCONNECT", "start": "0x4002c000", "end": "0x4002cffe", "size": "0xfff", "comment": "", "registers": [{"name": "PINSEL0", "offset": "0x0"}, {"name": "PINSEL1", "offset": "0x4"}, {"name": "PINSEL2", "offset": "0x8"}, {"name": "PINSEL3", "offset": "0xc"}, {"name": "PINSEL4", "offset": "0x10"}, {"name": "PINSEL7", "offset": "0x1c"}, {"name": "PINSEL9", "offset": "0x24"}, {"name": "PINSEL10", "offset": "0x28"}, {"name": "PINMODE0", "offset": "0x40"}, {"name": "PINMODE1", "offset": "0x44"}, {"name": "PINMODE2", "offset": "0x48"}, {"name": "PINMODE3", "offset": "0x4c"}, {"name": "PINMODE4", "offset": "0x50"}, {"name": "PINMODE7", "offset": "0x5c"}, {"name": "PINMODE9", "offset": "0x64"}, {"name": "PINMODE_OD0", "offset": "0x68"}, {"name": "PINMODE_OD1", "offset": "0x6c"}, {"name": "PINMODE_OD2", "offset": "0x70"}, {"name": "PINMODE_OD3", "offset": "0x74"}, {"name": "PINMODE_OD4", "offset": "0x78"}, {"name": "I2CPADCFG", "offset": "0x7c"}]}, {"name": "SSP1", "start": "0x40030000", "end": "0x40030ffe", "size": "0xfff", "comment": "", "registers": [{"name": "CR0", "offset": "0x0"}, {"name": "CR1", "offset": "0x4"}, {"name": "DR", "offset": "0x8"}, {"name": "SR", "offset": "0xc"}, {"name": "CPSR", "offset": "0x10"}, {"name": "IMSC", "offset": "0x14"}, {"name": "RIS", "offset": "0x18"}, {"name": "MIS", "offset": "0x1c"}, {"name": "ICR", "offset": "0x20"}, {"name": "DMACR", "offset": "0x24"}]}, {"name": "ADC", "start": "0x40034000", "end": "0x40034ffe", "size": "0xfff", "comment": "", "registers": [{"name": "CR", "offset": "0x0"}, {"name": "GDR", "offset": "0x4"}, {"name": "INTEN", "offset": "0xc"}, {"name": "STAT", "offset": "0x30"}, {"name": "TRM", "offset": "0x34"}, {"name": "DR[0]", "offset": "0x10", "size": "0x0"}, {"name": "DR[1]", "offset": "0x14", "size": "0x0"}, {"name": "DR[2]", "offset": "0x18", "size": "0x0"}, {"name": "DR[3]", "offset": "0x1c", "size": "0x0"}, {"name": "DR[4]", "offset": "0x20", "size": "0x0"}, {"name": "DR[5]", "offset": "0x24", "size": "0x0"}, {"name": "DR[6]", "offset": "0x28", "size": "0x0"}, {"name": "DR[7]", "offset": "0x2c", "size": "0x0"}]}, {"name": "CANAFRAM", "start": "0x40038000", "end": "0x40038ffe", "size": "0xfff", "comment": "", "registers": [{"name": "MASK[0]", "offset": "0x0", "size": "0x0"}, {"name": "MASK[1]", "offset": "0x4", "size": "0x0"}, {"name": "MASK[2]", "offset": "0x8", "size": "0x0"}, {"name": "MASK[3]", "offset": "0xc", "size": "0x0"}, {"name": "MASK[4]", "offset": "0x10", "size": "0x0"}, {"name": "MASK[5]", "offset": "0x14", "size": "0x0"}, {"name": "MASK[6]", "offset": "0x18", "size": "0x0"}, {"name": "MASK[7]", "offset": "0x1c", "size": "0x0"}, {"name": "MASK[8]", "offset": "0x20", "size": "0x0"}, {"name": "MASK[9]", "offset": "0x24", "size": "0x0"}, {"name": "MASK[10]", "offset": "0x28", "size": "0x0"}, {"name": "MASK[11]", "offset": "0x2c", "size": "0x0"}, {"name": "MASK[12]", "offset": "0x30", "size": "0x0"}, {"name": "MASK[13]", "offset": "0x34", "size": "0x0"}, {"name": "MASK[14]", "offset": "0x38", "size": "0x0"}, {"name": "MASK[15]", "offset": "0x3c", "size": "0x0"}, {"name": "MASK[16]", "offset": "0x40", "size": "0x0"}, {"name": "MASK[17]", "offset": "0x44", "size": "0x0"}, {"name": "MASK[18]", "offset": "0x48", "size": "0x0"}, {"name": "MASK[19]", "offset": "0x4c", "size": "0x0"}, {"name": "MASK[20]", "offset": "0x50", "size": "0x0"}, {"name": "MASK[21]", "offset": "0x54", "size": "0x0"}, {"name": "MASK[22]", "offset": "0x58", "size": "0x0"}, {"name": "MASK[23]", "offset": "0x5c", "size": "0x0"}, {"name": "MASK[24]", "offset": "0x60", "size": "0x0"}, {"name": "MASK[25]", "offset": "0x64", "size": "0x0"}, {"name": "MASK[26]", "offset": "0x68", "size": "0x0"}, {"name": "MASK[27]", "offset": "0x6c", "size": "0x0"}, {"name": "MASK[28]", "offset": "0x70", "size": "0x0"}, {"name": "MASK[29]", "offset": "0x74", "size": "0x0"}, {"name": "MASK[30]", "offset": "0x78", "size": "0x0"}, {"name": "MASK[31]", "offset": "0x7c", "size": "0x0"}, {"name": "MASK[32]", "offset": "0x80", "size": "0x0"}, {"name": "MASK[33]", "offset": "0x84", "size": "0x0"}, {"name": "MASK[34]", "offset": "0x88", "size": "0x0"}, {"name": "MASK[35]", "offset": "0x8c", "size": "0x0"}, {"name": "MASK[36]", "offset": "0x90", "size": "0x0"}, {"name": "MASK[37]", "offset": "0x94", "size": "0x0"}, {"name": "MASK[38]", "offset": "0x98", "size": "0x0"}, {"name": "MASK[39]", "offset": "0x9c", "size": "0x0"}, {"name": "MASK[40]", "offset": "0xa0", "size": "0x0"}, {"name": "MASK[41]", "offset": "0xa4", "size": "0x0"}, {"name": "MASK[42]", "offset": "0xa8", "size": "0x0"}, {"name": "MASK[43]", "offset": "0xac", "size": "0x0"}, {"name": "MASK[44]", "offset": "0xb0", "size": "0x0"}, {"name": "MASK[45]", "offset": "0xb4", "size": "0x0"}, {"name": "MASK[46]", "offset": "0xb8", "size": "0x0"}, {"name": "MASK[47]", "offset": "0xbc", "size": "0x0"}, {"name": "MASK[48]", "offset": "0xc0", "size": "0x0"}, {"name": "MASK[49]", "offset": "0xc4", "size": "0x0"}, {"name": "MASK[50]", "offset": "0xc8", "size": "0x0"}, {"name": "MASK[51]", "offset": "0xcc", "size": "0x0"}, {"name": "MASK[52]", "offset": "0xd0", "size": "0x0"}, {"name": "MASK[53]", "offset": "0xd4", "size": "0x0"}, {"name": "MASK[54]", "offset": "0xd8", "size": "0x0"}, {"name": "MASK[55]", "offset": "0xdc", "size": "0x0"}, {"name": "MASK[56]", "offset": "0xe0", "size": "0x0"}, {"name": "MASK[57]", "offset": "0xe4", "size": "0x0"}, {"name": "MASK[58]", "offset": "0xe8", "size": "0x0"}, {"name": "MASK[59]", "offset": "0xec", "size": "0x0"}, {"name": "MASK[60]", "offset": "0xf0", "size": "0x0"}, {"name": "MASK[61]", "offset": "0xf4", "size": "0x0"}, {"name": "MASK[62]", "offset": "0xf8", "size": "0x0"}, {"name": "MASK[63]", "offset": "0xfc", "size": "0x0"}, {"name": "MASK[64]", "offset": "0x100", "size": "0x0"}, {"name": "MASK[65]", "offset": "0x104", "size": "0x0"}, {"name": "MASK[66]", "offset": "0x108", "size": "0x0"}, {"name": "MASK[67]", "offset": "0x10c", "size": "0x0"}, {"name": "MASK[68]", "offset": "0x110", "size": "0x0"}, {"name": "MASK[69]", "offset": "0x114", "size": "0x0"}, {"name": "MASK[70]", "offset": "0x118", "size": "0x0"}, {"name": "MASK[71]", "offset": "0x11c", "size": "0x0"}, {"name": "MASK[72]", "offset": "0x120", "size": "0x0"}, {"name": "MASK[73]", "offset": "0x124", "size": "0x0"}, {"name": "MASK[74]", "offset": "0x128", "size": "0x0"}, {"name": "MASK[75]", "offset": "0x12c", "size": "0x0"}, {"name": "MASK[76]", "offset": "0x130", "size": "0x0"}, {"name": "MASK[77]", "offset": "0x134", "size": "0x0"}, {"name": "MASK[78]", "offset": "0x138", "size": "0x0"}, {"name": "MASK[79]", "offset": "0x13c", "size": "0x0"}, {"name": "MASK[80]", "offset": "0x140", "size": "0x0"}, {"name": "MASK[81]", "offset": "0x144", "size": "0x0"}, {"name": "MASK[82]", "offset": "0x148", "size": "0x0"}, {"name": "MASK[83]", "offset": "0x14c", "size": "0x0"}, {"name": "MASK[84]", "offset": "0x150", "size": "0x0"}, {"name": "MASK[85]", "offset": "0x154", "size": "0x0"}, {"name": "MASK[86]", "offset": "0x158", "size": "0x0"}, {"name": "MASK[87]", "offset": "0x15c", "size": "0x0"}, {"name": "MASK[88]", "offset": "0x160", "size": "0x0"}, {"name": "MASK[89]", "offset": "0x164", "size": "0x0"}, {"name": "MASK[90]", "offset": "0x168", "size": "0x0"}, {"name": "MASK[91]", "offset": "0x16c", "size": "0x0"}, {"name": "MASK[92]", "offset": "0x170", "size": "0x0"}, {"name": "MASK[93]", "offset": "0x174", "size": "0x0"}, {"name": "MASK[94]", "offset": "0x178", "size": "0x0"}, {"name": "MASK[95]", "offset": "0x17c", "size": "0x0"}, {"name": "MASK[96]", "offset": "0x180", "size": "0x0"}, {"name": "MASK[97]", "offset": "0x184", "size": "0x0"}, {"name": "MASK[98]", "offset": "0x188", "size": "0x0"}, {"name": "MASK[99]", "offset": "0x18c", "size": "0x0"}, {"name": "MASK[100]", "offset": "0x190", "size": "0x0"}, {"name": "MASK[101]", "offset": "0x194", "size": "0x0"}, {"name": "MASK[102]", "offset": "0x198", "size": "0x0"}, {"name": "MASK[103]", "offset": "0x19c", "size": "0x0"}, {"name": "MASK[104]", "offset": "0x1a0", "size": "0x0"}, {"name": "MASK[105]", "offset": "0x1a4", "size": "0x0"}, {"name": "MASK[106]", "offset": "0x1a8", "size": "0x0"}, {"name": "MASK[107]", "offset": "0x1ac", "size": "0x0"}, {"name": "MASK[108]", "offset": "0x1b0", "size": "0x0"}, {"name": "MASK[109]", "offset": "0x1b4", "size": "0x0"}, {"name": "MASK[110]", "offset": "0x1b8", "size": "0x0"}, {"name": "MASK[111]", "offset": "0x1bc", "size": "0x0"}, {"name": "MASK[112]", "offset": "0x1c0", "size": "0x0"}, {"name": "MASK[113]", "offset": "0x1c4", "size": "0x0"}, {"name": "MASK[114]", "offset": "0x1c8", "size": "0x0"}, {"name": "MASK[115]", "offset": "0x1cc", "size": "0x0"}, {"name": "MASK[116]", "offset": "0x1d0", "size": "0x0"}, {"name": "MASK[117]", "offset": "0x1d4", "size": "0x0"}, {"name": "MASK[118]", "offset": "0x1d8", "size": "0x0"}, {"name": "MASK[119]", "offset": "0x1dc", "size": "0x0"}, {"name": "MASK[120]", "offset": "0x1e0", "size": "0x0"}, {"name": "MASK[121]", "offset": "0x1e4", "size": "0x0"}, {"name": "MASK[122]", "offset": "0x1e8", "size": "0x0"}, {"name": "MASK[123]", "offset": "0x1ec", "size": "0x0"}, {"name": "MASK[124]", "offset": "0x1f0", "size": "0x0"}, {"name": "MASK[125]", "offset": "0x1f4", "size": "0x0"}, {"name": "MASK[126]", "offset": "0x1f8", "size": "0x0"}, {"name": "MASK[127]", "offset": "0x1fc", "size": "0x0"}, {"name": "MASK[128]", "offset": "0x200", "size": "0x0"}, {"name": "MASK[129]", "offset": "0x204", "size": "0x0"}, {"name": "MASK[130]", "offset": "0x208", "size": "0x0"}, {"name": "MASK[131]", "offset": "0x20c", "size": "0x0"}, {"name": "MASK[132]", "offset": "0x210", "size": "0x0"}, {"name": "MASK[133]", "offset": "0x214", "size": "0x0"}, {"name": "MASK[134]", "offset": "0x218", "size": "0x0"}, {"name": "MASK[135]", "offset": "0x21c", "size": "0x0"}, {"name": "MASK[136]", "offset": "0x220", "size": "0x0"}, {"name": "MASK[137]", "offset": "0x224", "size": "0x0"}, {"name": "MASK[138]", "offset": "0x228", "size": "0x0"}, {"name": "MASK[139]", "offset": "0x22c", "size": "0x0"}, {"name": "MASK[140]", "offset": "0x230", "size": "0x0"}, {"name": "MASK[141]", "offset": "0x234", "size": "0x0"}, {"name": "MASK[142]", "offset": "0x238", "size": "0x0"}, {"name": "MASK[143]", "offset": "0x23c", "size": "0x0"}, {"name": "MASK[144]", "offset": "0x240", "size": "0x0"}, {"name": "MASK[145]", "offset": "0x244", "size": "0x0"}, {"name": "MASK[146]", "offset": "0x248", "size": "0x0"}, {"name": "MASK[147]", "offset": "0x24c", "size": "0x0"}, {"name": "MASK[148]", "offset": "0x250", "size": "0x0"}, {"name": "MASK[149]", "offset": "0x254", "size": "0x0"}, {"name": "MASK[150]", "offset": "0x258", "size": "0x0"}, {"name": "MASK[151]", "offset": "0x25c", "size": "0x0"}, {"name": "MASK[152]", "offset": "0x260", "size": "0x0"}, {"name": "MASK[153]", "offset": "0x264", "size": "0x0"}, {"name": "MASK[154]", "offset": "0x268", "size": "0x0"}, {"name": "MASK[155]", "offset": "0x26c", "size": "0x0"}, {"name": "MASK[156]", "offset": "0x270", "size": "0x0"}, {"name": "MASK[157]", "offset": "0x274", "size": "0x0"}, {"name": "MASK[158]", "offset": "0x278", "size": "0x0"}, {"name": "MASK[159]", "offset": "0x27c", "size": "0x0"}, {"name": "MASK[160]", "offset": "0x280", "size": "0x0"}, {"name": "MASK[161]", "offset": "0x284", "size": "0x0"}, {"name": "MASK[162]", "offset": "0x288", "size": "0x0"}, {"name": "MASK[163]", "offset": "0x28c", "size": "0x0"}, {"name": "MASK[164]", "offset": "0x290", "size": "0x0"}, {"name": "MASK[165]", "offset": "0x294", "size": "0x0"}, {"name": "MASK[166]", "offset": "0x298", "size": "0x0"}, {"name": "MASK[167]", "offset": "0x29c", "size": "0x0"}, {"name": "MASK[168]", "offset": "0x2a0", "size": "0x0"}, {"name": "MASK[169]", "offset": "0x2a4", "size": "0x0"}, {"name": "MASK[170]", "offset": "0x2a8", "size": "0x0"}, {"name": "MASK[171]", "offset": "0x2ac", "size": "0x0"}, {"name": "MASK[172]", "offset": "0x2b0", "size": "0x0"}, {"name": "MASK[173]", "offset": "0x2b4", "size": "0x0"}, {"name": "MASK[174]", "offset": "0x2b8", "size": "0x0"}, {"name": "MASK[175]", "offset": "0x2bc", "size": "0x0"}, {"name": "MASK[176]", "offset": "0x2c0", "size": "0x0"}, {"name": "MASK[177]", "offset": "0x2c4", "size": "0x0"}, {"name": "MASK[178]", "offset": "0x2c8", "size": "0x0"}, {"name": "MASK[179]", "offset": "0x2cc", "size": "0x0"}, {"name": "MASK[180]", "offset": "0x2d0", "size": "0x0"}, {"name": "MASK[181]", "offset": "0x2d4", "size": "0x0"}, {"name": "MASK[182]", "offset": "0x2d8", "size": "0x0"}, {"name": "MASK[183]", "offset": "0x2dc", "size": "0x0"}, {"name": "MASK[184]", "offset": "0x2e0", "size": "0x0"}, {"name": "MASK[185]", "offset": "0x2e4", "size": "0x0"}, {"name": "MASK[186]", "offset": "0x2e8", "size": "0x0"}, {"name": "MASK[187]", "offset": "0x2ec", "size": "0x0"}, {"name": "MASK[188]", "offset": "0x2f0", "size": "0x0"}, {"name": "MASK[189]", "offset": "0x2f4", "size": "0x0"}, {"name": "MASK[190]", "offset": "0x2f8", "size": "0x0"}, {"name": "MASK[191]", "offset": "0x2fc", "size": "0x0"}, {"name": "MASK[192]", "offset": "0x300", "size": "0x0"}, {"name": "MASK[193]", "offset": "0x304", "size": "0x0"}, {"name": "MASK[194]", "offset": "0x308", "size": "0x0"}, {"name": "MASK[195]", "offset": "0x30c", "size": "0x0"}, {"name": "MASK[196]", "offset": "0x310", "size": "0x0"}, {"name": "MASK[197]", "offset": "0x314", "size": "0x0"}, {"name": "MASK[198]", "offset": "0x318", "size": "0x0"}, {"name": "MASK[199]", "offset": "0x31c", "size": "0x0"}, {"name": "MASK[200]", "offset": "0x320", "size": "0x0"}, {"name": "MASK[201]", "offset": "0x324", "size": "0x0"}, {"name": "MASK[202]", "offset": "0x328", "size": "0x0"}, {"name": "MASK[203]", "offset": "0x32c", "size": "0x0"}, {"name": "MASK[204]", "offset": "0x330", "size": "0x0"}, {"name": "MASK[205]", "offset": "0x334", "size": "0x0"}, {"name": "MASK[206]", "offset": "0x338", "size": "0x0"}, {"name": "MASK[207]", "offset": "0x33c", "size": "0x0"}, {"name": "MASK[208]", "offset": "0x340", "size": "0x0"}, {"name": "MASK[209]", "offset": "0x344", "size": "0x0"}, {"name": "MASK[210]", "offset": "0x348", "size": "0x0"}, {"name": "MASK[211]", "offset": "0x34c", "size": "0x0"}, {"name": "MASK[212]", "offset": "0x350", "size": "0x0"}, {"name": "MASK[213]", "offset": "0x354", "size": "0x0"}, {"name": "MASK[214]", "offset": "0x358", "size": "0x0"}, {"name": "MASK[215]", "offset": "0x35c", "size": "0x0"}, {"name": "MASK[216]", "offset": "0x360", "size": "0x0"}, {"name": "MASK[217]", "offset": "0x364", "size": "0x0"}, {"name": "MASK[218]", "offset": "0x368", "size": "0x0"}, {"name": "MASK[219]", "offset": "0x36c", "size": "0x0"}, {"name": "MASK[220]", "offset": "0x370", "size": "0x0"}, {"name": "MASK[221]", "offset": "0x374", "size": "0x0"}, {"name": "MASK[222]", "offset": "0x378", "size": "0x0"}, {"name": "MASK[223]", "offset": "0x37c", "size": "0x0"}, {"name": "MASK[224]", "offset": "0x380", "size": "0x0"}, {"name": "MASK[225]", "offset": "0x384", "size": "0x0"}, {"name": "MASK[226]", "offset": "0x388", "size": "0x0"}, {"name": "MASK[227]", "offset": "0x38c", "size": "0x0"}, {"name": "MASK[228]", "offset": "0x390", "size": "0x0"}, {"name": "MASK[229]", "offset": "0x394", "size": "0x0"}, {"name": "MASK[230]", "offset": "0x398", "size": "0x0"}, {"name": "MASK[231]", "offset": "0x39c", "size": "0x0"}, {"name": "MASK[232]", "offset": "0x3a0", "size": "0x0"}, {"name": "MASK[233]", "offset": "0x3a4", "size": "0x0"}, {"name": "MASK[234]", "offset": "0x3a8", "size": "0x0"}, {"name": "MASK[235]", "offset": "0x3ac", "size": "0x0"}, {"name": "MASK[236]", "offset": "0x3b0", "size": "0x0"}, {"name": "MASK[237]", "offset": "0x3b4", "size": "0x0"}, {"name": "MASK[238]", "offset": "0x3b8", "size": "0x0"}, {"name": "MASK[239]", "offset": "0x3bc", "size": "0x0"}, {"name": "MASK[240]", "offset": "0x3c0", "size": "0x0"}, {"name": "MASK[241]", "offset": "0x3c4", "size": "0x0"}, {"name": "MASK[242]", "offset": "0x3c8", "size": "0x0"}, {"name": "MASK[243]", "offset": "0x3cc", "size": "0x0"}, {"name": "MASK[244]", "offset": "0x3d0", "size": "0x0"}, {"name": "MASK[245]", "offset": "0x3d4", "size": "0x0"}, {"name": "MASK[246]", "offset": "0x3d8", "size": "0x0"}, {"name": "MASK[247]", "offset": "0x3dc", "size": "0x0"}, {"name": "MASK[248]", "offset": "0x3e0", "size": "0x0"}, {"name": "MASK[249]", "offset": "0x3e4", "size": "0x0"}, {"name": "MASK[250]", "offset": "0x3e8", "size": "0x0"}, {"name": "MASK[251]", "offset": "0x3ec", "size": "0x0"}, {"name": "MASK[252]", "offset": "0x3f0", "size": "0x0"}, {"name": "MASK[253]", "offset": "0x3f4", "size": "0x0"}, {"name": "MASK[254]", "offset": "0x3f8", "size": "0x0"}, {"name": "MASK[255]", "offset": "0x3fc", "size": "0x0"}, {"name": "MASK[256]", "offset": "0x400", "size": "0x0"}, {"name": "MASK[257]", "offset": "0x404", "size": "0x0"}, {"name": "MASK[258]", "offset": "0x408", "size": "0x0"}, {"name": "MASK[259]", "offset": "0x40c", "size": "0x0"}, {"name": "MASK[260]", "offset": "0x410", "size": "0x0"}, {"name": "MASK[261]", "offset": "0x414", "size": "0x0"}, {"name": "MASK[262]", "offset": "0x418", "size": "0x0"}, {"name": "MASK[263]", "offset": "0x41c", "size": "0x0"}, {"name": "MASK[264]", "offset": "0x420", "size": "0x0"}, {"name": "MASK[265]", "offset": "0x424", "size": "0x0"}, {"name": "MASK[266]", "offset": "0x428", "size": "0x0"}, {"name": "MASK[267]", "offset": "0x42c", "size": "0x0"}, {"name": "MASK[268]", "offset": "0x430", "size": "0x0"}, {"name": "MASK[269]", "offset": "0x434", "size": "0x0"}, {"name": "MASK[270]", "offset": "0x438", "size": "0x0"}, {"name": "MASK[271]", "offset": "0x43c", "size": "0x0"}, {"name": "MASK[272]", "offset": "0x440", "size": "0x0"}, {"name": "MASK[273]", "offset": "0x444", "size": "0x0"}, {"name": "MASK[274]", "offset": "0x448", "size": "0x0"}, {"name": "MASK[275]", "offset": "0x44c", "size": "0x0"}, {"name": "MASK[276]", "offset": "0x450", "size": "0x0"}, {"name": "MASK[277]", "offset": "0x454", "size": "0x0"}, {"name": "MASK[278]", "offset": "0x458", "size": "0x0"}, {"name": "MASK[279]", "offset": "0x45c", "size": "0x0"}, {"name": "MASK[280]", "offset": "0x460", "size": "0x0"}, {"name": "MASK[281]", "offset": "0x464", "size": "0x0"}, {"name": "MASK[282]", "offset": "0x468", "size": "0x0"}, {"name": "MASK[283]", "offset": "0x46c", "size": "0x0"}, {"name": "MASK[284]", "offset": "0x470", "size": "0x0"}, {"name": "MASK[285]", "offset": "0x474", "size": "0x0"}, {"name": "MASK[286]", "offset": "0x478", "size": "0x0"}, {"name": "MASK[287]", "offset": "0x47c", "size": "0x0"}, {"name": "MASK[288]", "offset": "0x480", "size": "0x0"}, {"name": "MASK[289]", "offset": "0x484", "size": "0x0"}, {"name": "MASK[290]", "offset": "0x488", "size": "0x0"}, {"name": "MASK[291]", "offset": "0x48c", "size": "0x0"}, {"name": "MASK[292]", "offset": "0x490", "size": "0x0"}, {"name": "MASK[293]", "offset": "0x494", "size": "0x0"}, {"name": "MASK[294]", "offset": "0x498", "size": "0x0"}, {"name": "MASK[295]", "offset": "0x49c", "size": "0x0"}, {"name": "MASK[296]", "offset": "0x4a0", "size": "0x0"}, {"name": "MASK[297]", "offset": "0x4a4", "size": "0x0"}, {"name": "MASK[298]", "offset": "0x4a8", "size": "0x0"}, {"name": "MASK[299]", "offset": "0x4ac", "size": "0x0"}, {"name": "MASK[300]", "offset": "0x4b0", "size": "0x0"}, {"name": "MASK[301]", "offset": "0x4b4", "size": "0x0"}, {"name": "MASK[302]", "offset": "0x4b8", "size": "0x0"}, {"name": "MASK[303]", "offset": "0x4bc", "size": "0x0"}, {"name": "MASK[304]", "offset": "0x4c0", "size": "0x0"}, {"name": "MASK[305]", "offset": "0x4c4", "size": "0x0"}, {"name": "MASK[306]", "offset": "0x4c8", "size": "0x0"}, {"name": "MASK[307]", "offset": "0x4cc", "size": "0x0"}, {"name": "MASK[308]", "offset": "0x4d0", "size": "0x0"}, {"name": "MASK[309]", "offset": "0x4d4", "size": "0x0"}, {"name": "MASK[310]", "offset": "0x4d8", "size": "0x0"}, {"name": "MASK[311]", "offset": "0x4dc", "size": "0x0"}, {"name": "MASK[312]", "offset": "0x4e0", "size": "0x0"}, {"name": "MASK[313]", "offset": "0x4e4", "size": "0x0"}, {"name": "MASK[314]", "offset": "0x4e8", "size": "0x0"}, {"name": "MASK[315]", "offset": "0x4ec", "size": "0x0"}, {"name": "MASK[316]", "offset": "0x4f0", "size": "0x0"}, {"name": "MASK[317]", "offset": "0x4f4", "size": "0x0"}, {"name": "MASK[318]", "offset": "0x4f8", "size": "0x0"}, {"name": "MASK[319]", "offset": "0x4fc", "size": "0x0"}, {"name": "MASK[320]", "offset": "0x500", "size": "0x0"}, {"name": "MASK[321]", "offset": "0x504", "size": "0x0"}, {"name": "MASK[322]", "offset": "0x508", "size": "0x0"}, {"name": "MASK[323]", "offset": "0x50c", "size": "0x0"}, {"name": "MASK[324]", "offset": "0x510", "size": "0x0"}, {"name": "MASK[325]", "offset": "0x514", "size": "0x0"}, {"name": "MASK[326]", "offset": "0x518", "size": "0x0"}, {"name": "MASK[327]", "offset": "0x51c", "size": "0x0"}, {"name": "MASK[328]", "offset": "0x520", "size": "0x0"}, {"name": "MASK[329]", "offset": "0x524", "size": "0x0"}, {"name": "MASK[330]", "offset": "0x528", "size": "0x0"}, {"name": "MASK[331]", "offset": "0x52c", "size": "0x0"}, {"name": "MASK[332]", "offset": "0x530", "size": "0x0"}, {"name": "MASK[333]", "offset": "0x534", "size": "0x0"}, {"name": "MASK[334]", "offset": "0x538", "size": "0x0"}, {"name": "MASK[335]", "offset": "0x53c", "size": "0x0"}, {"name": "MASK[336]", "offset": "0x540", "size": "0x0"}, {"name": "MASK[337]", "offset": "0x544", "size": "0x0"}, {"name": "MASK[338]", "offset": "0x548", "size": "0x0"}, {"name": "MASK[339]", "offset": "0x54c", "size": "0x0"}, {"name": "MASK[340]", "offset": "0x550", "size": "0x0"}, {"name": "MASK[341]", "offset": "0x554", "size": "0x0"}, {"name": "MASK[342]", "offset": "0x558", "size": "0x0"}, {"name": "MASK[343]", "offset": "0x55c", "size": "0x0"}, {"name": "MASK[344]", "offset": "0x560", "size": "0x0"}, {"name": "MASK[345]", "offset": "0x564", "size": "0x0"}, {"name": "MASK[346]", "offset": "0x568", "size": "0x0"}, {"name": "MASK[347]", "offset": "0x56c", "size": "0x0"}, {"name": "MASK[348]", "offset": "0x570", "size": "0x0"}, {"name": "MASK[349]", "offset": "0x574", "size": "0x0"}, {"name": "MASK[350]", "offset": "0x578", "size": "0x0"}, {"name": "MASK[351]", "offset": "0x57c", "size": "0x0"}, {"name": "MASK[352]", "offset": "0x580", "size": "0x0"}, {"name": "MASK[353]", "offset": "0x584", "size": "0x0"}, {"name": "MASK[354]", "offset": "0x588", "size": "0x0"}, {"name": "MASK[355]", "offset": "0x58c", "size": "0x0"}, {"name": "MASK[356]", "offset": "0x590", "size": "0x0"}, {"name": "MASK[357]", "offset": "0x594", "size": "0x0"}, {"name": "MASK[358]", "offset": "0x598", "size": "0x0"}, {"name": "MASK[359]", "offset": "0x59c", "size": "0x0"}, {"name": "MASK[360]", "offset": "0x5a0", "size": "0x0"}, {"name": "MASK[361]", "offset": "0x5a4", "size": "0x0"}, {"name": "MASK[362]", "offset": "0x5a8", "size": "0x0"}, {"name": "MASK[363]", "offset": "0x5ac", "size": "0x0"}, {"name": "MASK[364]", "offset": "0x5b0", "size": "0x0"}, {"name": "MASK[365]", "offset": "0x5b4", "size": "0x0"}, {"name": "MASK[366]", "offset": "0x5b8", "size": "0x0"}, {"name": "MASK[367]", "offset": "0x5bc", "size": "0x0"}, {"name": "MASK[368]", "offset": "0x5c0", "size": "0x0"}, {"name": "MASK[369]", "offset": "0x5c4", "size": "0x0"}, {"name": "MASK[370]", "offset": "0x5c8", "size": "0x0"}, {"name": "MASK[371]", "offset": "0x5cc", "size": "0x0"}, {"name": "MASK[372]", "offset": "0x5d0", "size": "0x0"}, {"name": "MASK[373]", "offset": "0x5d4", "size": "0x0"}, {"name": "MASK[374]", "offset": "0x5d8", "size": "0x0"}, {"name": "MASK[375]", "offset": "0x5dc", "size": "0x0"}, {"name": "MASK[376]", "offset": "0x5e0", "size": "0x0"}, {"name": "MASK[377]", "offset": "0x5e4", "size": "0x0"}, {"name": "MASK[378]", "offset": "0x5e8", "size": "0x0"}, {"name": "MASK[379]", "offset": "0x5ec", "size": "0x0"}, {"name": "MASK[380]", "offset": "0x5f0", "size": "0x0"}, {"name": "MASK[381]", "offset": "0x5f4", "size": "0x0"}, {"name": "MASK[382]", "offset": "0x5f8", "size": "0x0"}, {"name": "MASK[383]", "offset": "0x5fc", "size": "0x0"}, {"name": "MASK[384]", "offset": "0x600", "size": "0x0"}, {"name": "MASK[385]", "offset": "0x604", "size": "0x0"}, {"name": "MASK[386]", "offset": "0x608", "size": "0x0"}, {"name": "MASK[387]", "offset": "0x60c", "size": "0x0"}, {"name": "MASK[388]", "offset": "0x610", "size": "0x0"}, {"name": "MASK[389]", "offset": "0x614", "size": "0x0"}, {"name": "MASK[390]", "offset": "0x618", "size": "0x0"}, {"name": "MASK[391]", "offset": "0x61c", "size": "0x0"}, {"name": "MASK[392]", "offset": "0x620", "size": "0x0"}, {"name": "MASK[393]", "offset": "0x624", "size": "0x0"}, {"name": "MASK[394]", "offset": "0x628", "size": "0x0"}, {"name": "MASK[395]", "offset": "0x62c", "size": "0x0"}, {"name": "MASK[396]", "offset": "0x630", "size": "0x0"}, {"name": "MASK[397]", "offset": "0x634", "size": "0x0"}, {"name": "MASK[398]", "offset": "0x638", "size": "0x0"}, {"name": "MASK[399]", "offset": "0x63c", "size": "0x0"}, {"name": "MASK[400]", "offset": "0x640", "size": "0x0"}, {"name": "MASK[401]", "offset": "0x644", "size": "0x0"}, {"name": "MASK[402]", "offset": "0x648", "size": "0x0"}, {"name": "MASK[403]", "offset": "0x64c", "size": "0x0"}, {"name": "MASK[404]", "offset": "0x650", "size": "0x0"}, {"name": "MASK[405]", "offset": "0x654", "size": "0x0"}, {"name": "MASK[406]", "offset": "0x658", "size": "0x0"}, {"name": "MASK[407]", "offset": "0x65c", "size": "0x0"}, {"name": "MASK[408]", "offset": "0x660", "size": "0x0"}, {"name": "MASK[409]", "offset": "0x664", "size": "0x0"}, {"name": "MASK[410]", "offset": "0x668", "size": "0x0"}, {"name": "MASK[411]", "offset": "0x66c", "size": "0x0"}, {"name": "MASK[412]", "offset": "0x670", "size": "0x0"}, {"name": "MASK[413]", "offset": "0x674", "size": "0x0"}, {"name": "MASK[414]", "offset": "0x678", "size": "0x0"}, {"name": "MASK[415]", "offset": "0x67c", "size": "0x0"}, {"name": "MASK[416]", "offset": "0x680", "size": "0x0"}, {"name": "MASK[417]", "offset": "0x684", "size": "0x0"}, {"name": "MASK[418]", "offset": "0x688", "size": "0x0"}, {"name": "MASK[419]", "offset": "0x68c", "size": "0x0"}, {"name": "MASK[420]", "offset": "0x690", "size": "0x0"}, {"name": "MASK[421]", "offset": "0x694", "size": "0x0"}, {"name": "MASK[422]", "offset": "0x698", "size": "0x0"}, {"name": "MASK[423]", "offset": "0x69c", "size": "0x0"}, {"name": "MASK[424]", "offset": "0x6a0", "size": "0x0"}, {"name": "MASK[425]", "offset": "0x6a4", "size": "0x0"}, {"name": "MASK[426]", "offset": "0x6a8", "size": "0x0"}, {"name": "MASK[427]", "offset": "0x6ac", "size": "0x0"}, {"name": "MASK[428]", "offset": "0x6b0", "size": "0x0"}, {"name": "MASK[429]", "offset": "0x6b4", "size": "0x0"}, {"name": "MASK[430]", "offset": "0x6b8", "size": "0x0"}, {"name": "MASK[431]", "offset": "0x6bc", "size": "0x0"}, {"name": "MASK[432]", "offset": "0x6c0", "size": "0x0"}, {"name": "MASK[433]", "offset": "0x6c4", "size": "0x0"}, {"name": "MASK[434]", "offset": "0x6c8", "size": "0x0"}, {"name": "MASK[435]", "offset": "0x6cc", "size": "0x0"}, {"name": "MASK[436]", "offset": "0x6d0", "size": "0x0"}, {"name": "MASK[437]", "offset": "0x6d4", "size": "0x0"}, {"name": "MASK[438]", "offset": "0x6d8", "size": "0x0"}, {"name": "MASK[439]", "offset": "0x6dc", "size": "0x0"}, {"name": "MASK[440]", "offset": "0x6e0", "size": "0x0"}, {"name": "MASK[441]", "offset": "0x6e4", "size": "0x0"}, {"name": "MASK[442]", "offset": "0x6e8", "size": "0x0"}, {"name": "MASK[443]", "offset": "0x6ec", "size": "0x0"}, {"name": "MASK[444]", "offset": "0x6f0", "size": "0x0"}, {"name": "MASK[445]", "offset": "0x6f4", "size": "0x0"}, {"name": "MASK[446]", "offset": "0x6f8", "size": "0x0"}, {"name": "MASK[447]", "offset": "0x6fc", "size": "0x0"}, {"name": "MASK[448]", "offset": "0x700", "size": "0x0"}, {"name": "MASK[449]", "offset": "0x704", "size": "0x0"}, {"name": "MASK[450]", "offset": "0x708", "size": "0x0"}, {"name": "MASK[451]", "offset": "0x70c", "size": "0x0"}, {"name": "MASK[452]", "offset": "0x710", "size": "0x0"}, {"name": "MASK[453]", "offset": "0x714", "size": "0x0"}, {"name": "MASK[454]", "offset": "0x718", "size": "0x0"}, {"name": "MASK[455]", "offset": "0x71c", "size": "0x0"}, {"name": "MASK[456]", "offset": "0x720", "size": "0x0"}, {"name": "MASK[457]", "offset": "0x724", "size": "0x0"}, {"name": "MASK[458]", "offset": "0x728", "size": "0x0"}, {"name": "MASK[459]", "offset": "0x72c", "size": "0x0"}, {"name": "MASK[460]", "offset": "0x730", "size": "0x0"}, {"name": "MASK[461]", "offset": "0x734", "size": "0x0"}, {"name": "MASK[462]", "offset": "0x738", "size": "0x0"}, {"name": "MASK[463]", "offset": "0x73c", "size": "0x0"}, {"name": "MASK[464]", "offset": "0x740", "size": "0x0"}, {"name": "MASK[465]", "offset": "0x744", "size": "0x0"}, {"name": "MASK[466]", "offset": "0x748", "size": "0x0"}, {"name": "MASK[467]", "offset": "0x74c", "size": "0x0"}, {"name": "MASK[468]", "offset": "0x750", "size": "0x0"}, {"name": "MASK[469]", "offset": "0x754", "size": "0x0"}, {"name": "MASK[470]", "offset": "0x758", "size": "0x0"}, {"name": "MASK[471]", "offset": "0x75c", "size": "0x0"}, {"name": "MASK[472]", "offset": "0x760", "size": "0x0"}, {"name": "MASK[473]", "offset": "0x764", "size": "0x0"}, {"name": "MASK[474]", "offset": "0x768", "size": "0x0"}, {"name": "MASK[475]", "offset": "0x76c", "size": "0x0"}, {"name": "MASK[476]", "offset": "0x770", "size": "0x0"}, {"name": "MASK[477]", "offset": "0x774", "size": "0x0"}, {"name": "MASK[478]", "offset": "0x778", "size": "0x0"}, {"name": "MASK[479]", "offset": "0x77c", "size": "0x0"}, {"name": "MASK[480]", "offset": "0x780", "size": "0x0"}, {"name": "MASK[481]", "offset": "0x784", "size": "0x0"}, {"name": "MASK[482]", "offset": "0x788", "size": "0x0"}, {"name": "MASK[483]", "offset": "0x78c", "size": "0x0"}, {"name": "MASK[484]", "offset": "0x790", "size": "0x0"}, {"name": "MASK[485]", "offset": "0x794", "size": "0x0"}, {"name": "MASK[486]", "offset": "0x798", "size": "0x0"}, {"name": "MASK[487]", "offset": "0x79c", "size": "0x0"}, {"name": "MASK[488]", "offset": "0x7a0", "size": "0x0"}, {"name": "MASK[489]", "offset": "0x7a4", "size": "0x0"}, {"name": "MASK[490]", "offset": "0x7a8", "size": "0x0"}, {"name": "MASK[491]", "offset": "0x7ac", "size": "0x0"}, {"name": "MASK[492]", "offset": "0x7b0", "size": "0x0"}, {"name": "MASK[493]", "offset": "0x7b4", "size": "0x0"}, {"name": "MASK[494]", "offset": "0x7b8", "size": "0x0"}, {"name": "MASK[495]", "offset": "0x7bc", "size": "0x0"}, {"name": "MASK[496]", "offset": "0x7c0", "size": "0x0"}, {"name": "MASK[497]", "offset": "0x7c4", "size": "0x0"}, {"name": "MASK[498]", "offset": "0x7c8", "size": "0x0"}, {"name": "MASK[499]", "offset": "0x7cc", "size": "0x0"}, {"name": "MASK[500]", "offset": "0x7d0", "size": "0x0"}, {"name": "MASK[501]", "offset": "0x7d4", "size": "0x0"}, {"name": "MASK[502]", "offset": "0x7d8", "size": "0x0"}, {"name": "MASK[503]", "offset": "0x7dc", "size": "0x0"}, {"name": "MASK[504]", "offset": "0x7e0", "size": "0x0"}, {"name": "MASK[505]", "offset": "0x7e4", "size": "0x0"}, {"name": "MASK[506]", "offset": "0x7e8", "size": "0x0"}, {"name": "MASK[507]", "offset": "0x7ec", "size": "0x0"}, {"name": "MASK[508]", "offset": "0x7f0", "size": "0x0"}, {"name": "MASK[509]", "offset": "0x7f4", "size": "0x0"}, {"name": "MASK[510]", "offset": "0x7f8", "size": "0x0"}, {"name": "MASK[511]", "offset": "0x7fc", "size": "0x0"}]}, {"name": "CANAF", "start": "0x4003c000", "end": "0x4003cffe", "size": "0xfff", "comment": "", "registers": [{"name": "AFMR", "offset": "0x0"}, {"name": "SFF_SA", "offset": "0x4"}, {"name": "SFF_GRP_SA", "offset": "0x8"}, {"name": "EFF_SA", "offset": "0xc"}, {"name": "EFF_GRP_SA", "offset": "0x10"}, {"name": "ENDOFTABLE", "offset": "0x14"}, {"name": "LUTERRAD", "offset": "0x18"}, {"name": "LUTERR", "offset": "0x1c"}, {"name": "FCANIE", "offset": "0x20"}, {"name": "FCANIC0", "offset": "0x24"}, {"name": "FCANIC1", "offset": "0x28"}]}, {"name": "CCAN", "start": "0x40040000", "end": "0x40040ffe", "size": "0xfff", "comment": "", "registers": [{"name": "TXSR", "offset": "0x0"}, {"name": "RXSR", "offset": "0x4"}, {"name": "MSR", "offset": "0x8"}]}, {"name": "CAN1", "start": "0x40044000", "end": "0x40044ffe", "size": "0xfff", "comment": "", "registers": [{"name": "MOD", "offset": "0x0"}, {"name": "CMR", "offset": "0x4"}, {"name": "GSR", "offset": "0x8"}, {"name": "ICR", "offset": "0xc"}, {"name": "IER", "offset": "0x10"}, {"name": "BTR", "offset": "0x14"}, {"name": "EWL", "offset": "0x18"}, {"name": "SR", "offset": "0x1c"}, {"name": "RFS", "offset": "0x20"}, {"name": "RID", "offset": "0x24"}, {"name": "RDA", "offset": "0x28"}, {"name": "RDB", "offset": "0x2c"}, {"name": "TFI1", "offset": "0x30", "size": "0x0"}, {"name": "TFI2", "offset": "0x40", "size": "0x0"}, {"name": "TFI3", "offset": "0x50", "size": "0x0"}, {"name": "TID1", "offset": "0x34", "size": "0x0"}, {"name": "TID2", "offset": "0x44", "size": "0x0"}, {"name": "TID3", "offset": "0x54", "size": "0x0"}, {"name": "TDA1", "offset": "0x38", "size": "0x0"}, {"name": "TDA2", "offset": "0x48", "size": "0x0"}, {"name": "TDA3", "offset": "0x58", "size": "0x0"}, {"name": "TDB1", "offset": "0x3c", "size": "0x0"}, {"name": "TDB2", "offset": "0x4c", "size": "0x0"}, {"name": "TDB3", "offset": "0x5c", "size": "0x0"}]}, {"name": "CAN2", "start": "0x40048000", "end": "0x40048ffe", "size": "0xfff", "comment": "", "registers": [{"name": "MOD", "offset": "0x0"}, {"name": "CMR", "offset": "0x4"}, {"name": "GSR", "offset": "0x8"}, {"name": "ICR", "offset": "0xc"}, {"name": "IER", "offset": "0x10"}, {"name": "BTR", "offset": "0x14"}, {"name": "EWL", "offset": "0x18"}, {"name": "SR", "offset": "0x1c"}, {"name": "RFS", "offset": "0x20"}, {"name": "RID", "offset": "0x24"}, {"name": "RDA", "offset": "0x28"}, {"name": "RDB", "offset": "0x2c"}, {"name": "TFI1", "offset": "0x30", "size": "0x0"}, {"name": "TFI2", "offset": "0x40", "size": "0x0"}, {"name": "TFI3", "offset": "0x50", "size": "0x0"}, {"name": "TID1", "offset": "0x34", "size": "0x0"}, {"name": "TID2", "offset": "0x44", "size": "0x0"}, {"name": "TID3", "offset": "0x54", "size": "0x0"}, {"name": "TDA1", "offset": "0x38", "size": "0x0"}, {"name": "TDA2", "offset": "0x48", "size": "0x0"}, {"name": "TDA3", "offset": "0x58", "size": "0x0"}, {"name": "TDB1", "offset": "0x3c", "size": "0x0"}, {"name": "TDB2", "offset": "0x4c", "size": "0x0"}, {"name": "TDB3", "offset": "0x5c", "size": "0x0"}]}, {"name": "I2C1", "start": "0x4005c000", "end": "0x4005cffe", "size": "0xfff", "comment": "", "registers": [{"name": "CONSET", "offset": "0x0"}, {"name": "STAT", "offset": "0x4"}, {"name": "DAT", "offset": "0x8"}, {"name": "ADR0", "offset": "0xc"}, {"name": "SCLH", "offset": "0x10"}, {"name": "SCLL", "offset": "0x14"}, {"name": "CONCLR", "offset": "0x18"}, {"name": "MMCTRL", "offset": "0x1c"}, {"name": "DATA_BUFFER", "offset": "0x2c"}, {"name": "ADR1", "offset": "0x20", "size": "0x0"}, {"name": "ADR2", "offset": "0x24", "size": "0x0"}, {"name": "ADR3", "offset": "0x28", "size": "0x0"}, {"name": "MASK[0]", "offset": "0x30", "size": "0x0"}, {"name": "MASK[1]", "offset": "0x34", "size": "0x0"}, {"name": "MASK[2]", "offset": "0x38", "size": "0x0"}, {"name": "MASK[3]", "offset": "0x3c", "size": "0x0"}]}, {"name": "SSP0", "start": "0x40088000", "end": "0x40088ffe", "size": "0xfff", "comment": "", "registers": [{"name": "CR0", "offset": "0x0"}, {"name": "CR1", "offset": "0x4"}, {"name": "DR", "offset": "0x8"}, {"name": "SR", "offset": "0xc"}, {"name": "CPSR", "offset": "0x10"}, {"name": "IMSC", "offset": "0x14"}, {"name": "RIS", "offset": "0x18"}, {"name": "MIS", "offset": "0x1c"}, {"name": "ICR", "offset": "0x20"}, {"name": "DMACR", "offset": "0x24"}]}, {"name": "DAC", "start": "0x4008c000", "end": "0x4008cffe", "size": "0xfff", "comment": "", "registers": [{"name": "CR", "offset": "0x0"}, {"name": "CTRL", "offset": "0x4"}, {"name": "CNTVAL", "offset": "0x8"}]}, {"name": "TIMER2", "start": "0x40090000", "end": "0x40090ffe", "size": "0xfff", "comment": "", "registers": [{"name": "IR", "offset": "0x0"}, {"name": "TCR", "offset": "0x4"}, {"name": "TC", "offset": "0x8"}, {"name": "PR", "offset": "0xc"}, {"name": "PC", "offset": "0x10"}, {"name": "MCR", "offset": "0x14"}, {"name": "CCR", "offset": "0x28"}, {"name": "EMR", "offset": "0x3c"}, {"name": "CTCR", "offset": "0x70"}, {"name": "MR[0]", "offset": "0x18", "size": "0x0"}, {"name": "MR[1]", "offset": "0x1c", "size": "0x0"}, {"name": "MR[2]", "offset": "0x20", "size": "0x0"}, {"name": "MR[3]", "offset": "0x24", "size": "0x0"}, {"name": "CR[0]", "offset": "0x2c", "size": "0x0"}, {"name": "CR[1]", "offset": "0x30", "size": "0x0"}]}, {"name": "TIMER3", "start": "0x40094000", "end": "0x40094ffe", "size": "0xfff", "comment": "", "registers": [{"name": "IR", "offset": "0x0"}, {"name": "TCR", "offset": "0x4"}, {"name": "TC", "offset": "0x8"}, {"name": "PR", "offset": "0xc"}, {"name": "PC", "offset": "0x10"}, {"name": "MCR", "offset": "0x14"}, {"name": "CCR", "offset": "0x28"}, {"name": "EMR", "offset": "0x3c"}, {"name": "CTCR", "offset": "0x70"}, {"name": "MR[0]", "offset": "0x18", "size": "0x0"}, {"name": "MR[1]", "offset": "0x1c", "size": "0x0"}, {"name": "MR[2]", "offset": "0x20", "size": "0x0"}, {"name": "MR[3]", "offset": "0x24", "size": "0x0"}, {"name": "CR[0]", "offset": "0x2c", "size": "0x0"}, {"name": "CR[1]", "offset": "0x30", "size": "0x0"}]}, {"name": "UART2", "start": "0x40098000", "end": "0x40098ffe", "size": "0xfff", "comment": "", "registers": [{"name": "RBR", "offset": "0x0"}, {"name": "THR", "offset": "0x0"}, {"name": "DLL", "offset": "0x0"}, {"name": "DLM", "offset": "0x4"}, {"name": "IER", "offset": "0x4"}, {"name": "IIR", "offset": "0x8"}, {"name": "FCR", "offset": "0x8"}, {"name": "LCR", "offset": "0xc"}, {"name": "LSR", "offset": "0x14"}, {"name": "SCR", "offset": "0x1c"}, {"name": "ACR", "offset": "0x20"}, {"name": "FDR", "offset": "0x28"}, {"name": "TER", "offset": "0x30"}, {"name": "RS485CTRL", "offset": "0x4c"}, {"name": "RS485ADRMATCH", "offset": "0x50"}, {"name": "RS485DLY", "offset": "0x54"}]}, {"name": "UART3", "start": "0x4009c000", "end": "0x4009cffe", "size": "0xfff", "comment": "", "registers": [{"name": "RBR", "offset": "0x0"}, {"name": "THR", "offset": "0x0"}, {"name": "DLL", "offset": "0x0"}, {"name": "DLM", "offset": "0x4"}, {"name": "IER", "offset": "0x4"}, {"name": "IIR", "offset": "0x8"}, {"name": "FCR", "offset": "0x8"}, {"name": "LCR", "offset": "0xc"}, {"name": "LSR", "offset": "0x14"}, {"name": "SCR", "offset": "0x1c"}, {"name": "ACR", "offset": "0x20"}, {"name": "FDR", "offset": "0x28"}, {"name": "TER", "offset": "0x30"}, {"name": "RS485CTRL", "offset": "0x4c"}, {"name": "RS485ADRMATCH", "offset": "0x50"}, {"name": "RS485DLY", "offset": "0x54"}]}, {"name": "I2C2", "start": "0x400a0000", "end": "0x400a0ffe", "size": "0xfff", "comment": "", "registers": [{"name": "CONSET", "offset": "0x0"}, {"name": "STAT", "offset": "0x4"}, {"name": "DAT", "offset": "0x8"}, {"name": "ADR0", "offset": "0xc"}, {"name": "SCLH", "offset": "0x10"}, {"name": "SCLL", "offset": "0x14"}, {"name": "CONCLR", "offset": "0x18"}, {"name": "MMCTRL", "offset": "0x1c"}, {"name": "DATA_BUFFER", "offset": "0x2c"}, {"name": "ADR1", "offset": "0x20", "size": "0x0"}, {"name": "ADR2", "offset": "0x24", "size": "0x0"}, {"name": "ADR3", "offset": "0x28", "size": "0x0"}, {"name": "MASK[0]", "offset": "0x30", "size": "0x0"}, {"name": "MASK[1]", "offset": "0x34", "size": "0x0"}, {"name": "MASK[2]", "offset": "0x38", "size": "0x0"}, {"name": "MASK[3]", "offset": "0x3c", "size": "0x0"}]}, {"name": "I2S", "start": "0x400a8000", "end": "0x400a8ffe", "size": "0xfff", "comment": "", "registers": [{"name": "DAO", "offset": "0x0"}, {"name": "DAI", "offset": "0x4"}, {"name": "TXFIFO", "offset": "0x8"}, {"name": "RXFIFO", "offset": "0xc"}, {"name": "STATE", "offset": "0x10"}, {"name": "DMA1", "offset": "0x14"}, {"name": "DMA2", "offset": "0x18"}, {"name": "IRQ", "offset": "0x1c"}, {"name": "TXRATE", "offset": "0x20"}, {"name": "RXRATE", "offset": "0x24"}, {"name": "TXBITRATE", "offset": "0x28"}, {"name": "RXBITRATE", "offset": "0x2c"}, {"name": "TXMODE", "offset": "0x30"}, {"name": "RXMODE", "offset": "0x34"}]}, {"name": "RITIMER", "start": "0x400b0000", "end": "0x400b0ffe", "size": "0xfff", "comment": "", "registers": [{"name": "COMPVAL", "offset": "0x0"}, {"name": "MASK", "offset": "0x4"}, {"name": "CTRL", "offset": "0x8"}, {"name": "COUNTER", "offset": "0xc"}]}, {"name": "MCPWM", "start": "0x400b8000", "end": "0x400b8ffe", "size": "0xfff", "comment": "", "registers": [{"name": "CON", "offset": "0x0"}, {"name": "CON_SET", "offset": "0x4"}, {"name": "CON_CLR", "offset": "0x8"}, {"name": "CAPCON", "offset": "0xc"}, {"name": "CAPCON_SET", "offset": "0x10"}, {"name": "CAPCON_CLR", "offset": "0x14"}, {"name": "DT", "offset": "0x3c"}, {"name": "CP", "offset": "0x40"}, {"name": "INTEN", "offset": "0x50"}, {"name": "INTEN_SET", "offset": "0x54"}, {"name": "INTEN_CLR", "offset": "0x58"}, {"name": "INTF", "offset": "0x68"}, {"name": "INTF_SET", "offset": "0x6c"}, {"name": "INTF_CLR", "offset": "0x70"}, {"name": "CNTCON", "offset": "0x5c"}, {"name": "CNTCON_SET", "offset": "0x60"}, {"name": "CNTCON_CLR", "offset": "0x64"}, {"name": "CAP_CLR", "offset": "0x74"}, {"name": "TC[0]", "offset": "0x18", "size": "0x0"}, {"name": "TC[1]", "offset": "0x1c", "size": "0x0"}, {"name": "TC[2]", "offset": "0x20", "size": "0x0"}, {"name": "LIM[0]", "offset": "0x24", "size": "0x0"}, {"name": "LIM[1]", "offset": "0x28", "size": "0x0"}, {"name": "LIM[2]", "offset": "0x2c", "size": "0x0"}, {"name": "MAT[0]", "offset": "0x30", "size": "0x0"}, {"name": "MAT[1]", "offset": "0x34", "size": "0x0"}, {"name": "MAT[2]", "offset": "0x38", "size": "0x0"}, {"name": "CAP[0]", "offset": "0x44", "size": "0x0"}, {"name": "CAP[1]", "offset": "0x48", "size": "0x0"}, {"name": "CAP[2]", "offset": "0x4c", "size": "0x0"}]}, {"name": "QEI", "start": "0x400bc000", "end": "0x400bcffe", "size": "0xfff", "comment": "", "registers": [{"name": "CON", "offset": "0x0"}, {"name": "CONF", "offset": "0x8"}, {"name": "STAT", "offset": "0x4"}, {"name": "POS", "offset": "0xc"}, {"name": "MAXPOS", "offset": "0x10"}, {"name": "CMPOS0", "offset": "0x14"}, {"name": "CMPOS1", "offset": "0x18"}, {"name": "CMPOS2", "offset": "0x1c"}, {"name": "INXCNT", "offset": "0x20"}, {"name": "INXCMP0", "offset": "0x24"}, {"name": "LOAD", "offset": "0x28"}, {"name": "TIME", "offset": "0x2c"}, {"name": "VEL", "offset": "0x30"}, {"name": "CAP", "offset": "0x34"}, {"name": "VELCOMP", "offset": "0x38"}, {"name": "FILTER", "offset": "0x3c"}, {"name": "INTSTAT", "offset": "0xfe0"}, {"name": "SET", "offset": "0xfec"}, {"name": "CLR", "offset": "0xfe8"}, {"name": "IE", "offset": "0xfe4"}, {"name": "IES", "offset": "0xfdc"}, {"name": "IEC", "offset": "0xfd8"}]}, {"name": "SYSCON", "start": "0x400fc000", "end": "0x400fcffe", "size": "0xfff", "comment": "", "registers": [{"name": "FLASHCFG", "offset": "0x0"}, {"name": "PLL0CON", "offset": "0x80"}, {"name": "PLL0CFG", "offset": "0x84"}, {"name": "PLL0STAT", "offset": "0x88"}, {"name": "PLL0FEED", "offset": "0x8c"}, {"name": "PLL1CON", "offset": "0xa0"}, {"name": "PLL1CFG", "offset": "0xa4"}, {"name": "PLL1STAT", "offset": "0xa8"}, {"name": "PLL1FEED", "offset": "0xac"}, {"name": "PCON", "offset": "0xc0"}, {"name": "PCONP", "offset": "0xc4"}, {"name": "CCLKCFG", "offset": "0x104"}, {"name": "USBCLKCFG", "offset": "0x108"}, {"name": "CLKSRCSEL", "offset": "0x10c"}, {"name": "CANSLEEPCLR", "offset": "0x110"}, {"name": "CANWAKEFLAGS", "offset": "0x114"}, {"name": "EXTINT", "offset": "0x140"}, {"name": "EXTMODE", "offset": "0x148"}, {"name": "EXTPOLAR", "offset": "0x14c"}, {"name": "RSID", "offset": "0x180"}, {"name": "SCS", "offset": "0x1a0"}, {"name": "PCLKSEL0", "offset": "0x1a8"}, {"name": "PCLKSEL1", "offset": "0x1ac"}, {"name": "USBINTST", "offset": "0x1c0"}, {"name": "DMACREQSEL", "offset": "0x1c4"}, {"name": "CLKOUTCFG", "offset": "0x1c8"}]}, {"name": "EMAC", "start": "0x50000000", "end": "0x50000ffe", "size": "0xfff", "comment": "", "registers": [{"name": "MAC1", "offset": "0x0"}, {"name": "MAC2", "offset": "0x4"}, {"name": "IPGT", "offset": "0x8"}, {"name": "IPGR", "offset": "0xc"}, {"name": "CLRT", "offset": "0x10"}, {"name": "MAXF", "offset": "0x14"}, {"name": "SUPP", "offset": "0x18"}, {"name": "TEST", "offset": "0x1c"}, {"name": "MCFG", "offset": "0x20"}, {"name": "MCMD", "offset": "0x24"}, {"name": "MADR", "offset": "0x28"}, {"name": "MWTD", "offset": "0x2c"}, {"name": "MRDD", "offset": "0x30"}, {"name": "MIND", "offset": "0x34"}, {"name": "SA0", "offset": "0x40"}, {"name": "SA1", "offset": "0x44"}, {"name": "SA2", "offset": "0x48"}, {"name": "COMMAND", "offset": "0x100"}, {"name": "STATUS", "offset": "0x104"}, {"name": "RXDESCRIPTOR", "offset": "0x108"}, {"name": "RXSTATUS", "offset": "0x10c"}, {"name": "RXDESCRIPTORNUMBER", "offset": "0x110"}, {"name": "RXPRODUCEINDEX", "offset": "0x114"}, {"name": "RXCONSUMEINDEX", "offset": "0x118"}, {"name": "TXDESCRIPTOR", "offset": "0x11c"}, {"name": "TXSTATUS", "offset": "0x120"}, {"name": "TXDESCRIPTORNUMBER", "offset": "0x124"}, {"name": "TXPRODUCEINDEX", "offset": "0x128"}, {"name": "TXCONSUMEINDEX", "offset": "0x12c"}, {"name": "TSV0", "offset": "0x158"}, {"name": "TSV1", "offset": "0x15c"}, {"name": "RSV", "offset": "0x160"}, {"name": "FLOWCONTROLCOUNTER", "offset": "0x170"}, {"name": "FLOWCONTROLSTATUS", "offset": "0x174"}, {"name": "RXFILTERCTRL", "offset": "0x200"}, {"name": "RXFILTERWOLSTATUS", "offset": "0x204"}, {"name": "RXFILTERWOLCLEAR", "offset": "0x208"}, {"name": "HASHFILTERL", "offset": "0x210"}, {"name": "HASHFILTERH", "offset": "0x214"}, {"name": "INTSTATUS", "offset": "0xfe0"}, {"name": "INTENABLE", "offset": "0xfe4"}, {"name": "INTCLEAR", "offset": "0xfe8"}, {"name": "INTSET", "offset": "0xfec"}, {"name": "POWERDOWN", "offset": "0xff4"}]}, {"name": "GPDMA", "start": "0x50004000", "end": "0x50004ffe", "size": "0xfff", "comment": "", "registers": [{"name": "INTSTAT", "offset": "0x0"}, {"name": "INTTCSTAT", "offset": "0x4"}, {"name": "INTTCCLEAR", "offset": "0x8"}, {"name": "INTERRSTAT", "offset": "0xc"}, {"name": "INTERRCLR", "offset": "0x10"}, {"name": "RAWINTTCSTAT", "offset": "0x14"}, {"name": "RAWINTERRSTAT", "offset": "0x18"}, {"name": "ENBLDCHNS", "offset": "0x1c"}, {"name": "SOFTBREQ", "offset": "0x20"}, {"name": "SOFTSREQ", "offset": "0x24"}, {"name": "SOFTLBREQ", "offset": "0x28"}, {"name": "SOFTLSREQ", "offset": "0x2c"}, {"name": "CONFIG", "offset": "0x30"}, {"name": "SYNC", "offset": "0x34"}, {"name": "SRCADDR0", "offset": "0x100", "size": "0x0"}, {"name": "SRCADDR1", "offset": "0x120", "size": "0x0"}, {"name": "SRCADDR2", "offset": "0x140", "size": "0x0"}, {"name": "SRCADDR3", "offset": "0x160", "size": "0x0"}, {"name": "SRCADDR4", "offset": "0x180", "size": "0x0"}, {"name": "SRCADDR5", "offset": "0x1a0", "size": "0x0"}, {"name": "SRCADDR6", "offset": "0x1c0", "size": "0x0"}, {"name": "SRCADDR7", "offset": "0x1e0", "size": "0x0"}, {"name": "DESTADDR0", "offset": "0x104", "size": "0x0"}, {"name": "DESTADDR1", "offset": "0x124", "size": "0x0"}, {"name": "DESTADDR2", "offset": "0x144", "size": "0x0"}, {"name": "DESTADDR3", "offset": "0x164", "size": "0x0"}, {"name": "DESTADDR4", "offset": "0x184", "size": "0x0"}, {"name": "DESTADDR5", "offset": "0x1a4", "size": "0x0"}, {"name": "DESTADDR6", "offset": "0x1c4", "size": "0x0"}, {"name": "DESTADDR7", "offset": "0x1e4", "size": "0x0"}, {"name": "LLI0", "offset": "0x108", "size": "0x0"}, {"name": "LLI1", "offset": "0x128", "size": "0x0"}, {"name": "LLI2", "offset": "0x148", "size": "0x0"}, {"name": "LLI3", "offset": "0x168", "size": "0x0"}, {"name": "LLI4", "offset": "0x188", "size": "0x0"}, {"name": "LLI5", "offset": "0x1a8", "size": "0x0"}, {"name": "LLI6", "offset": "0x1c8", "size": "0x0"}, {"name": "LLI7", "offset": "0x1e8", "size": "0x0"}, {"name": "CONTROL0", "offset": "0x10c", "size": "0x0"}, {"name": "CONTROL1", "offset": "0x12c", "size": "0x0"}, {"name": "CONTROL2", "offset": "0x14c", "size": "0x0"}, {"name": "CONTROL3", "offset": "0x16c", "size": "0x0"}, {"name": "CONTROL4", "offset": "0x18c", "size": "0x0"}, {"name": "CONTROL5", "offset": "0x1ac", "size": "0x0"}, {"name": "CONTROL6", "offset": "0x1cc", "size": "0x0"}, {"name": "CONTROL7", "offset": "0x1ec", "size": "0x0"}, {"name": "CONFIG0", "offset": "0x110", "size": "0x0"}, {"name": "CONFIG1", "offset": "0x130", "size": "0x0"}, {"name": "CONFIG2", "offset": "0x150", "size": "0x0"}, {"name": "CONFIG3", "offset": "0x170", "size": "0x0"}, {"name": "CONFIG4", "offset": "0x190", "size": "0x0"}, {"name": "CONFIG5", "offset": "0x1b0", "size": "0x0"}, {"name": "CONFIG6", "offset": "0x1d0", "size": "0x0"}, {"name": "CONFIG7", "offset": "0x1f0", "size": "0x0"}]}, {"name": "USB", "start": "0x5000c000", "end": "0x5000cffe", "size": "0xfff", "comment": "", "registers": [{"name": "INTST", "offset": "0x100"}, {"name": "INTEN", "offset": "0x104"}, {"name": "INTSET", "offset": "0x108"}, {"name": "INTCLR", "offset": "0x10c"}, {"name": "STCTRL", "offset": "0x110"}, {"name": "TMR", "offset": "0x114"}, {"name": "DEVINTST", "offset": "0x200"}, {"name": "DEVINTEN", "offset": "0x204"}, {"name": "DEVINTCLR", "offset": "0x208"}, {"name": "DEVINTSET", "offset": "0x20c"}, {"name": "CMDCODE", "offset": "0x210"}, {"name": "CMDDATA", "offset": "0x214"}, {"name": "RXDATA", "offset": "0x218"}, {"name": "TXDATA", "offset": "0x21c"}, {"name": "RXPLEN", "offset": "0xdc"}, {"name": "TXPLEN", "offset": "0x224"}, {"name": "CTRL", "offset": "0x228"}, {"name": "DEVINTPRI", "offset": "0x22c"}, {"name": "EPINTST", "offset": "0x230"}, {"name": "EPINTEN", "offset": "0x234"}, {"name": "EPINTCLR", "offset": "0x238"}, {"name": "EPINTSET", "offset": "0x23c"}, {"name": "EPINTPRI", "offset": "0x240"}, {"name": "REEP", "offset": "0x244"}, {"name": "EPIND", "offset": "0x248"}, {"name": "MAXPSIZE", "offset": "0x24c"}, {"name": "DMARST", "offset": "0x250"}, {"name": "DMARCLR", "offset": "0x254"}, {"name": "DMARSET", "offset": "0x258"}, {"name": "UDCAH", "offset": "0x280"}, {"name": "EPDMAST", "offset": "0x284"}, {"name": "EPDMAEN", "offset": "0x288"}, {"name": "EPDMADIS", "offset": "0x28c"}, {"name": "DMAINTST", "offset": "0x290"}, {"name": "DMAINTEN", "offset": "0x294"}, {"name": "EOTINTST", "offset": "0x2a0"}, {"name": "EOTINTCLR", "offset": "0x2a4"}, {"name": "EOTINTSET", "offset": "0x2a8"}, {"name": "NDDRINTST", "offset": "0x2ac"}, {"name": "NDDRINTCLR", "offset": "0x2b0"}, {"name": "NDDRINTSET", "offset": "0x2b4"}, {"name": "SYSERRINTST", "offset": "0x2b8"}, {"name": "SYSERRINTCLR", "offset": "0x2bc"}, {"name": "SYSERRINTSET", "offset": "0x2c0"}, {"name": "I2C_RX", "offset": "0x300"}, {"name": "I2C_WO", "offset": "0x300"}, {"name": "I2C_STS", "offset": "0x304"}, {"name": "I2C_CTL", "offset": "0x308"}, {"name": "I2C_CLKHI", "offset": "0x30c"}, {"name": "I2C_CLKLO", "offset": "0x310"}, {"name": "USBCLKCTRL", "offset": "0xff4"}, {"name": "OTGCLKCTRL", "offset": "0xff4"}, {"name": "USBCLKST", "offset": "0xff8"}, {"name": "OTGCLKST", "offset": "0xff8"}]}, {"name": "GPIO", "start": "0x2009c000", "end": "0x2009cffe", "size": "0xfff", "comment": "", "registers": [{"name": "DIR0", "offset": "0x0", "size": "0x0"}, {"name": "DIR1", "offset": "0x20", "size": "0x0"}, {"name": "DIR2", "offset": "0x40", "size": "0x0"}, {"name": "DIR3", "offset": "0x60", "size": "0x0"}, {"name": "DIR4", "offset": "0x80", "size": "0x0"}, {"name": "MASK0", "offset": "0x10", "size": "0x0"}, {"name": "MASK1", "offset": "0x30", "size": "0x0"}, {"name": "MASK2", "offset": "0x50", "size": "0x0"}, {"name": "MASK3", "offset": "0x70", "size": "0x0"}, {"name": "MASK4", "offset": "0x90", "size": "0x0"}, {"name": "PIN0", "offset": "0x14", "size": "0x0"}, {"name": "PIN1", "offset": "0x34", "size": "0x0"}, {"name": "PIN2", "offset": "0x54", "size": "0x0"}, {"name": "PIN3", "offset": "0x74", "size": "0x0"}, {"name": "PIN4", "offset": "0x94", "size": "0x0"}, {"name": "SET0", "offset": "0x18", "size": "0x0"}, {"name": "SET1", "offset": "0x38", "size": "0x0"}, {"name": "SET2", "offset": "0x58", "size": "0x0"}, {"name": "SET3", "offset": "0x78", "size": "0x0"}, {"name": "SET4", "offset": "0x98", "size": "0x0"}, {"name": "CLR0", "offset": "0x1c", "size": "0x0"}, {"name": "CLR1", "offset": "0x3c", "size": "0x0"}, {"name": "CLR2", "offset": "0x5c", "size": "0x0"}, {"name": "CLR3", "offset": "0x7c", "size": "0x0"}, {"name": "CLR4", "offset": "0x9c", "size": "0x0"}]}], "vector_table": [{"name": "StackPointer_Value", "value": -1, "addr": "0x0", "comment": "Stack pointer initial value"}, {"name": "Reset", "value": -1, "addr": "0x4", "comment": "Priority: -3"}, {"name": "NMI", "value": -1, "addr": "0x8", "comment": "Priority: -2"}, {"name": "HardFault", "value": -1, "addr": "0xc", "comment": "Priority: -1"}, {"name": "SVCall", "value": -1, "addr": "0x2c", "comment": "Priority: 3"}, {"name": "PendSV", "value": -1, "addr": "0x38", "comment": "Priority: 5"}, {"name": "SysTick", "value": -1, "addr": "0x3c", "comment": "Priority: 6"}, {"name": "WDT", "value": 0, "comment": "", "addr": "0x40"}, {"name": "TIMER0", "value": 1, "comment": "", "addr": "0x44"}, {"name": "TIMER1", "value": 2, "comment": "", "addr": "0x48"}, {"name": "TIMER2", "value": 3, "comment": "", "addr": "0x4c"}, {"name": "TIMER3", "value": 4, "comment": "", "addr": "0x50"}, {"name": "UART0", "value": 5, "comment": "", "addr": "0x54"}, {"name": "UART1", "value": 6, "comment": "", "addr": "0x58"}, {"name": "UART2", "value": 7, "comment": "", "addr": "0x5c"}, {"name": "UART3", "value": 8, "comment": "", "addr": "0x60"}, {"name": "PWM1", "value": 9, "comment": "", "addr": "0x64"}, {"name": "I2C0", "value": 10, "comment": "", "addr": "0x68"}, {"name": "I2C1", "value": 11, "comment": "", "addr": "0x6c"}, {"name": "I2C2", "value": 12, "comment": "", "addr": "0x70"}, {"name": "SPI", "value": 13, "comment": "", "addr": "0x74"}, {"name": "SSP0", "value": 14, "comment": "", "addr": "0x78"}, {"name": "SSP1", "value": 15, "comment": "", "addr": "0x7c"}, {"name": "PLL0", "value": 16, "comment": "", "addr": "0x80"}, {"name": "RTC", "value": 17, "comment": "", "addr": "0x84"}, {"name": "EINT0", "value": 18, "comment": "", "addr": "0x88"}, {"name": "EINT1", "value": 19, "comment": "", "addr": "0x8c"}, {"name": "EINT2", "value": 20, "comment": "", "addr": "0x90"}, {"name": "EINT3", "value": 21, "comment": "", "addr": "0x94"}, {"name": "ADC", "value": 22, "comment": "", "addr": "0x98"}, {"name": "BOD", "value": 23, "comment": "", "addr": "0x9c"}, {"name": "USB", "value": 24, "comment": "", "addr": "0xa0"}, {"name": "CAN", "value": 25, "comment": "", "addr": "0xa4"}, {"name": "CAN", "value": 25, "comment": "", "addr": "0xa4"}, {"name": "DMA", "value": 26, "comment": "", "addr": "0xa8"}, {"name": "I2S", "value": 27, "comment": "", "addr": "0xac"}, {"name": "ENET", "value": 28, "comment": "", "addr": "0xb0"}, {"name": "RIT", "value": 29, "comment": "", "addr": "0xb4"}, {"name": "MCPWM", "value": 30, "comment": "", "addr": "0xb8"}, {"name": "QEI", "value": 31, "comment": "", "addr": "0xbc"}, {"name": "PLL1", "value": 32, "comment": "", "addr": "0xc0"}, {"name": "USBActivity", "value": 33, "comment": "", "addr": "0xc4"}, {"name": "CANActivity", "value": 34, "comment": "", "addr": "0xc8"}]}