{"brand": "NXP", "family": "LPC15", "name": "LPC15xx", "bits": 32, "mode": 1, "segments": [{"name": "SRAM", "start": "0x20000000", "end": "0x20008fff", "size": "0x9000", "type": "DATA"}], "peripherals": [{"name": "GPIO_PORT", "start": "0x1c000000", "end": "0x1c03fffe", "size": "0x3ffff", "comment": "", "registers": [{"name": "B[0]", "offset": "0x0", "size": "0x8"}, {"name": "B[1]", "offset": "0x1", "size": "0x8"}, {"name": "B[2]", "offset": "0x2", "size": "0x8"}, {"name": "B[3]", "offset": "0x3", "size": "0x8"}, {"name": "B[4]", "offset": "0x4", "size": "0x8"}, {"name": "B[5]", "offset": "0x5", "size": "0x8"}, {"name": "B[6]", "offset": "0x6", "size": "0x8"}, {"name": "B[7]", "offset": "0x7", "size": "0x8"}, {"name": "B[8]", "offset": "0x8", "size": "0x8"}, {"name": "B[9]", "offset": "0x9", "size": "0x8"}, {"name": "B[10]", "offset": "0xa", "size": "0x8"}, {"name": "B[11]", "offset": "0xb", "size": "0x8"}, {"name": "B[12]", "offset": "0xc", "size": "0x8"}, {"name": "B[13]", "offset": "0xd", "size": "0x8"}, {"name": "B[14]", "offset": "0xe", "size": "0x8"}, {"name": "B[15]", "offset": "0xf", "size": "0x8"}, {"name": "B[16]", "offset": "0x10", "size": "0x8"}, {"name": "B[17]", "offset": "0x11", "size": "0x8"}, {"name": "B[18]", "offset": "0x12", "size": "0x8"}, {"name": "B[19]", "offset": "0x13", "size": "0x8"}, {"name": "B[20]", "offset": "0x14", "size": "0x8"}, {"name": "B[21]", "offset": "0x15", "size": "0x8"}, {"name": "B[22]", "offset": "0x16", "size": "0x8"}, {"name": "B[23]", "offset": "0x17", "size": "0x8"}, {"name": "B[24]", "offset": "0x18", "size": "0x8"}, {"name": "B[25]", "offset": "0x19", "size": "0x8"}, {"name": "B[26]", "offset": "0x1a", "size": "0x8"}, {"name": "B[27]", "offset": "0x1b", "size": "0x8"}, {"name": "B[28]", "offset": "0x1c", "size": "0x8"}, {"name": "B[29]", "offset": "0x1d", "size": "0x8"}, {"name": "B[30]", "offset": "0x1e", "size": "0x8"}, {"name": "B[31]", "offset": "0x1f", "size": "0x8"}, {"name": "B[32]", "offset": "0x20", "size": "0x8"}, {"name": "B[33]", "offset": "0x21", "size": "0x8"}, {"name": "B[34]", "offset": "0x22", "size": "0x8"}, {"name": "B[35]", "offset": "0x23", "size": "0x8"}, {"name": "B[36]", "offset": "0x24", "size": "0x8"}, {"name": "B[37]", "offset": "0x25", "size": "0x8"}, {"name": "B[38]", "offset": "0x26", "size": "0x8"}, {"name": "B[39]", "offset": "0x27", "size": "0x8"}, {"name": "B[40]", "offset": "0x28", "size": "0x8"}, {"name": "B[41]", "offset": "0x29", "size": "0x8"}, {"name": "B[42]", "offset": "0x2a", "size": "0x8"}, {"name": "B[43]", "offset": "0x2b", "size": "0x8"}, {"name": "B[44]", "offset": "0x2c", "size": "0x8"}, {"name": "B[45]", "offset": "0x2d", "size": "0x8"}, {"name": "B[46]", "offset": "0x2e", "size": "0x8"}, {"name": "B[47]", "offset": "0x2f", "size": "0x8"}, {"name": "B[48]", "offset": "0x30", "size": "0x8"}, {"name": "B[49]", "offset": "0x31", "size": "0x8"}, {"name": "B[50]", "offset": "0x32", "size": "0x8"}, {"name": "B[51]", "offset": "0x33", "size": "0x8"}, {"name": "B[52]", "offset": "0x34", "size": "0x8"}, {"name": "B[53]", "offset": "0x35", "size": "0x8"}, {"name": "B[54]", "offset": "0x36", "size": "0x8"}, {"name": "B[55]", "offset": "0x37", "size": "0x8"}, {"name": "B[56]", "offset": "0x38", "size": "0x8"}, {"name": "B[57]", "offset": "0x39", "size": "0x8"}, {"name": "B[58]", "offset": "0x3a", "size": "0x8"}, {"name": "B[59]", "offset": "0x3b", "size": "0x8"}, {"name": "B[60]", "offset": "0x3c", "size": "0x8"}, {"name": "B[61]", "offset": "0x3d", "size": "0x8"}, {"name": "B[62]", "offset": "0x3e", "size": "0x8"}, {"name": "B[63]", "offset": "0x3f", "size": "0x8"}, {"name": "B[64]", "offset": "0x40", "size": "0x8"}, {"name": "B[65]", "offset": "0x41", "size": "0x8"}, {"name": "B[66]", "offset": "0x42", "size": "0x8"}, {"name": "B[67]", "offset": "0x43", "size": "0x8"}, {"name": "B[68]", "offset": "0x44", "size": "0x8"}, {"name": "B[69]", "offset": "0x45", "size": "0x8"}, {"name": "B[70]", "offset": "0x46", "size": "0x8"}, {"name": "B[71]", "offset": "0x47", "size": "0x8"}, {"name": "B[72]", "offset": "0x48", "size": "0x8"}, {"name": "B[73]", "offset": "0x49", "size": "0x8"}, {"name": "B[74]", "offset": "0x4a", "size": "0x8"}, {"name": "B[75]", "offset": "0x4b", "size": "0x8"}, {"name": "W[0]", "offset": "0x1000", "size": "0x0"}, {"name": "W[1]", "offset": "0x1004", "size": "0x0"}, {"name": "W[2]", "offset": "0x1008", "size": "0x0"}, {"name": "W[3]", "offset": "0x100c", "size": "0x0"}, {"name": "W[4]", "offset": "0x1010", "size": "0x0"}, {"name": "W[5]", "offset": "0x1014", "size": "0x0"}, {"name": "W[6]", "offset": "0x1018", "size": "0x0"}, {"name": "W[7]", "offset": "0x101c", "size": "0x0"}, {"name": "W[8]", "offset": "0x1020", "size": "0x0"}, {"name": "W[9]", "offset": "0x1024", "size": "0x0"}, {"name": "W[10]", "offset": "0x1028", "size": "0x0"}, {"name": "W[11]", "offset": "0x102c", "size": "0x0"}, {"name": "W[12]", "offset": "0x1030", "size": "0x0"}, {"name": "W[13]", "offset": "0x1034", "size": "0x0"}, {"name": "W[14]", "offset": "0x1038", "size": "0x0"}, {"name": "W[15]", "offset": "0x103c", "size": "0x0"}, {"name": "W[16]", "offset": "0x1040", "size": "0x0"}, {"name": "W[17]", "offset": "0x1044", "size": "0x0"}, {"name": "W[18]", "offset": "0x1048", "size": "0x0"}, {"name": "W[19]", "offset": "0x104c", "size": "0x0"}, {"name": "W[20]", "offset": "0x1050", "size": "0x0"}, {"name": "W[21]", "offset": "0x1054", "size": "0x0"}, {"name": "W[22]", "offset": "0x1058", "size": "0x0"}, {"name": "W[23]", "offset": "0x105c", "size": "0x0"}, {"name": "W[24]", "offset": "0x1060", "size": "0x0"}, {"name": "W[25]", "offset": "0x1064", "size": "0x0"}, {"name": "W[26]", "offset": "0x1068", "size": "0x0"}, {"name": "W[27]", "offset": "0x106c", "size": "0x0"}, {"name": "W[28]", "offset": "0x1070", "size": "0x0"}, {"name": "W[29]", "offset": "0x1074", "size": "0x0"}, {"name": "W[30]", "offset": "0x1078", "size": "0x0"}, {"name": "W[31]", "offset": "0x107c", "size": "0x0"}, {"name": "W[32]", "offset": "0x1080", "size": "0x0"}, {"name": "W[33]", "offset": "0x1084", "size": "0x0"}, {"name": "W[34]", "offset": "0x1088", "size": "0x0"}, {"name": "W[35]", "offset": "0x108c", "size": "0x0"}, {"name": "W[36]", "offset": "0x1090", "size": "0x0"}, {"name": "W[37]", "offset": "0x1094", "size": "0x0"}, {"name": "W[38]", "offset": "0x1098", "size": "0x0"}, {"name": "W[39]", "offset": "0x109c", "size": "0x0"}, {"name": "W[40]", "offset": "0x10a0", "size": "0x0"}, {"name": "W[41]", "offset": "0x10a4", "size": "0x0"}, {"name": "W[42]", "offset": "0x10a8", "size": "0x0"}, {"name": "W[43]", "offset": "0x10ac", "size": "0x0"}, {"name": "W[44]", "offset": "0x10b0", "size": "0x0"}, {"name": "W[45]", "offset": "0x10b4", "size": "0x0"}, {"name": "W[46]", "offset": "0x10b8", "size": "0x0"}, {"name": "W[47]", "offset": "0x10bc", "size": "0x0"}, {"name": "W[48]", "offset": "0x10c0", "size": "0x0"}, {"name": "W[49]", "offset": "0x10c4", "size": "0x0"}, {"name": "W[50]", "offset": "0x10c8", "size": "0x0"}, {"name": "W[51]", "offset": "0x10cc", "size": "0x0"}, {"name": "W[52]", "offset": "0x10d0", "size": "0x0"}, {"name": "W[53]", "offset": "0x10d4", "size": "0x0"}, {"name": "W[54]", "offset": "0x10d8", "size": "0x0"}, {"name": "W[55]", "offset": "0x10dc", "size": "0x0"}, {"name": "W[56]", "offset": "0x10e0", "size": "0x0"}, {"name": "W[57]", "offset": "0x10e4", "size": "0x0"}, {"name": "W[58]", "offset": "0x10e8", "size": "0x0"}, {"name": "W[59]", "offset": "0x10ec", "size": "0x0"}, {"name": "W[60]", "offset": "0x10f0", "size": "0x0"}, {"name": "W[61]", "offset": "0x10f4", "size": "0x0"}, {"name": "W[62]", "offset": "0x10f8", "size": "0x0"}, {"name": "W[63]", "offset": "0x10fc", "size": "0x0"}, {"name": "W[64]", "offset": "0x1100", "size": "0x0"}, {"name": "W[65]", "offset": "0x1104", "size": "0x0"}, {"name": "W[66]", "offset": "0x1108", "size": "0x0"}, {"name": "W[67]", "offset": "0x110c", "size": "0x0"}, {"name": "W[68]", "offset": "0x1110", "size": "0x0"}, {"name": "W[69]", "offset": "0x1114", "size": "0x0"}, {"name": "W[70]", "offset": "0x1118", "size": "0x0"}, {"name": "W[71]", "offset": "0x111c", "size": "0x0"}, {"name": "W[72]", "offset": "0x1120", "size": "0x0"}, {"name": "W[73]", "offset": "0x1124", "size": "0x0"}, {"name": "W[74]", "offset": "0x1128", "size": "0x0"}, {"name": "W[75]", "offset": "0x112c", "size": "0x0"}, {"name": "DIR[0]", "offset": "0x2000", "size": "0x0"}, {"name": "DIR[1]", "offset": "0x2004", "size": "0x0"}, {"name": "DIR[2]", "offset": "0x2008", "size": "0x0"}, {"name": "MASK[0]", "offset": "0x2080", "size": "0x0"}, {"name": "MASK[1]", "offset": "0x2084", "size": "0x0"}, {"name": "MASK[2]", "offset": "0x2088", "size": "0x0"}, {"name": "PIN[0]", "offset": "0x2100", "size": "0x0"}, {"name": "PIN[1]", "offset": "0x2104", "size": "0x0"}, {"name": "PIN[2]", "offset": "0x2108", "size": "0x0"}, {"name": "MPIN[0]", "offset": "0x2180", "size": "0x0"}, {"name": "MPIN[1]", "offset": "0x2184", "size": "0x0"}, {"name": "MPIN[2]", "offset": "0x2188", "size": "0x0"}, {"name": "SET[0]", "offset": "0x2200", "size": "0x0"}, {"name": "SET[1]", "offset": "0x2204", "size": "0x0"}, {"name": "SET[2]", "offset": "0x2208", "size": "0x0"}, {"name": "CLR[0]", "offset": "0x2280", "size": "0x0"}, {"name": "CLR[1]", "offset": "0x2284", "size": "0x0"}, {"name": "CLR[2]", "offset": "0x2288", "size": "0x0"}, {"name": "NOT[0]", "offset": "0x2300", "size": "0x0"}, {"name": "NOT[1]", "offset": "0x2304", "size": "0x0"}, {"name": "NOT[2]", "offset": "0x2308", "size": "0x0"}]}, {"name": "DMA", "start": "0x1c004000", "end": "0x1c004ffe", "size": "0xfff", "comment": "", "registers": [{"name": "CTRL", "offset": "0x0"}, {"name": "INTSTAT", "offset": "0x4"}, {"name": "SRAMBASE", "offset": "0x8"}, {"name": "ENABLESET0", "offset": "0x20"}, {"name": "ENABLECLR0", "offset": "0x28"}, {"name": "ACTIVE0", "offset": "0x30"}, {"name": "BUSY0", "offset": "0x38"}, {"name": "ERRINT0", "offset": "0x40"}, {"name": "INTENSET0", "offset": "0x48"}, {"name": "INTENCLR0", "offset": "0x50"}, {"name": "INTA0", "offset": "0x58"}, {"name": "INTB0", "offset": "0x60"}, {"name": "SETVALID0", "offset": "0x68"}, {"name": "SETTRIG0", "offset": "0x70"}, {"name": "ABORT0", "offset": "0x78"}, {"name": "CFG0", "offset": "0x400", "size": "0x0"}, {"name": "CFG1", "offset": "0x410", "size": "0x0"}, {"name": "CFG2", "offset": "0x420", "size": "0x0"}, {"name": "CFG3", "offset": "0x430", "size": "0x0"}, {"name": "CFG4", "offset": "0x440", "size": "0x0"}, {"name": "CFG5", "offset": "0x450", "size": "0x0"}, {"name": "CFG6", "offset": "0x460", "size": "0x0"}, {"name": "CFG7", "offset": "0x470", "size": "0x0"}, {"name": "CFG8", "offset": "0x480", "size": "0x0"}, {"name": "CFG9", "offset": "0x490", "size": "0x0"}, {"name": "CFG10", "offset": "0x4a0", "size": "0x0"}, {"name": "CFG11", "offset": "0x4b0", "size": "0x0"}, {"name": "CFG12", "offset": "0x4c0", "size": "0x0"}, {"name": "CFG13", "offset": "0x4d0", "size": "0x0"}, {"name": "CFG14", "offset": "0x4e0", "size": "0x0"}, {"name": "CFG15", "offset": "0x4f0", "size": "0x0"}, {"name": "CFG16", "offset": "0x500", "size": "0x0"}, {"name": "CFG17", "offset": "0x510", "size": "0x0"}, {"name": "CTLSTAT0", "offset": "0x404", "size": "0x0"}, {"name": "CTLSTAT1", "offset": "0x414", "size": "0x0"}, {"name": "CTLSTAT2", "offset": "0x424", "size": "0x0"}, {"name": "CTLSTAT3", "offset": "0x434", "size": "0x0"}, {"name": "CTLSTAT4", "offset": "0x444", "size": "0x0"}, {"name": "CTLSTAT5", "offset": "0x454", "size": "0x0"}, {"name": "CTLSTAT6", "offset": "0x464", "size": "0x0"}, {"name": "CTLSTAT7", "offset": "0x474", "size": "0x0"}, {"name": "CTLSTAT8", "offset": "0x484", "size": "0x0"}, {"name": "CTLSTAT9", "offset": "0x494", "size": "0x0"}, {"name": "CTLSTAT10", "offset": "0x4a4", "size": "0x0"}, {"name": "CTLSTAT11", "offset": "0x4b4", "size": "0x0"}, {"name": "CTLSTAT12", "offset": "0x4c4", "size": "0x0"}, {"name": "CTLSTAT13", "offset": "0x4d4", "size": "0x0"}, {"name": "CTLSTAT14", "offset": "0x4e4", "size": "0x0"}, {"name": "CTLSTAT15", "offset": "0x4f4", "size": "0x0"}, {"name": "CTLSTAT16", "offset": "0x504", "size": "0x0"}, {"name": "CTLSTAT17", "offset": "0x514", "size": "0x0"}, {"name": "XFERCFG0", "offset": "0x408", "size": "0x0"}, {"name": "XFERCFG1", "offset": "0x418", "size": "0x0"}, {"name": "XFERCFG2", "offset": "0x428", "size": "0x0"}, {"name": "XFERCFG3", "offset": "0x438", "size": "0x0"}, {"name": "XFERCFG4", "offset": "0x448", "size": "0x0"}, {"name": "XFERCFG5", "offset": "0x458", "size": "0x0"}, {"name": "XFERCFG6", "offset": "0x468", "size": "0x0"}, {"name": "XFERCFG7", "offset": "0x478", "size": "0x0"}, {"name": "XFERCFG8", "offset": "0x488", "size": "0x0"}, {"name": "XFERCFG9", "offset": "0x498", "size": "0x0"}, {"name": "XFERCFG10", "offset": "0x4a8", "size": "0x0"}, {"name": "XFERCFG11", "offset": "0x4b8", "size": "0x0"}, {"name": "XFERCFG12", "offset": "0x4c8", "size": "0x0"}, {"name": "XFERCFG13", "offset": "0x4d8", "size": "0x0"}, {"name": "XFERCFG14", "offset": "0x4e8", "size": "0x0"}, {"name": "XFERCFG15", "offset": "0x4f8", "size": "0x0"}, {"name": "XFERCFG16", "offset": "0x508", "size": "0x0"}, {"name": "XFERCFG17", "offset": "0x518", "size": "0x0"}]}, {"name": "USB", "start": "0x1c00c000", "end": "0x1c00cffe", "size": "0xfff", "comment": "", "registers": [{"name": "DEVCMDSTAT", "offset": "0x0"}, {"name": "INFO", "offset": "0x4"}, {"name": "EPLISTSTART", "offset": "0x8"}, {"name": "DATABUFSTART", "offset": "0xc"}, {"name": "LPM", "offset": "0x10"}, {"name": "EPSKIP", "offset": "0x14"}, {"name": "EPINUSE", "offset": "0x18"}, {"name": "EPBUFCFG", "offset": "0x1c"}, {"name": "INTSTAT", "offset": "0x20"}, {"name": "INTEN", "offset": "0x24"}, {"name": "INTSETSTAT", "offset": "0x28"}, {"name": "INTROUTING", "offset": "0x2c"}, {"name": "EPTOGGLE", "offset": "0x34"}]}, {"name": "CRC", "start": "0x1c010000", "end": "0x1c010ffe", "size": "0xfff", "comment": "", "registers": [{"name": "MODE", "offset": "0x0"}, {"name": "SEED", "offset": "0x4"}, {"name": "SUM", "offset": "0x8"}, {"name": "WR_DATA", "offset": "0x8"}]}, {"name": "SCT0", "start": "0x1c018000", "end": "0x1c018ffe", "size": "0xfff", "comment": "", "registers": [{"name": "CONFIG", "offset": "0x0"}, {"name": "CTRL", "offset": "0x4"}, {"name": "LIMIT", "offset": "0x8"}, {"name": "HALT", "offset": "0xc"}, {"name": "STOP", "offset": "0x10"}, {"name": "START", "offset": "0x14"}, {"name": "DITHER", "offset": "0x18"}, {"name": "COUNT", "offset": "0x40"}, {"name": "STATE", "offset": "0x44"}, {"name": "INPUT", "offset": "0x48"}, {"name": "REGMODE", "offset": "0x4c"}, {"name": "OUTPUT", "offset": "0x50"}, {"name": "OUTPUTDIRCTRL", "offset": "0x54"}, {"name": "RES", "offset": "0x58"}, {"name": "DMAREQ0", "offset": "0x5c"}, {"name": "DMAREQ1", "offset": "0x60"}, {"name": "EVEN", "offset": "0xf0"}, {"name": "EVFLAG", "offset": "0xf4"}, {"name": "CONEN", "offset": "0xf8"}, {"name": "CONFLAG", "offset": "0xfc"}, {"name": "MATCH0", "offset": "0x100", "size": "0x0"}, {"name": "MATCH1", "offset": "0x104", "size": "0x0"}, {"name": "MATCH2", "offset": "0x108", "size": "0x0"}, {"name": "MATCH3", "offset": "0x10c", "size": "0x0"}, {"name": "MATCH4", "offset": "0x110", "size": "0x0"}, {"name": "MATCH5", "offset": "0x114", "size": "0x0"}, {"name": "MATCH6", "offset": "0x118", "size": "0x0"}, {"name": "MATCH7", "offset": "0x11c", "size": "0x0"}, {"name": "MATCH8", "offset": "0x120", "size": "0x0"}, {"name": "MATCH9", "offset": "0x124", "size": "0x0"}, {"name": "MATCH10", "offset": "0x128", "size": "0x0"}, {"name": "MATCH11", "offset": "0x12c", "size": "0x0"}, {"name": "MATCH12", "offset": "0x130", "size": "0x0"}, {"name": "MATCH13", "offset": "0x134", "size": "0x0"}, {"name": "MATCH14", "offset": "0x138", "size": "0x0"}, {"name": "MATCH15", "offset": "0x13c", "size": "0x0"}, {"name": "FRACMAT0", "offset": "0x140", "size": "0x0"}, {"name": "FRACMAT1", "offset": "0x144", "size": "0x0"}, {"name": "FRACMAT2", "offset": "0x148", "size": "0x0"}, {"name": "FRACMAT3", "offset": "0x14c", "size": "0x0"}, {"name": "FRACMAT4", "offset": "0x150", "size": "0x0"}, {"name": "FRACMAT5", "offset": "0x154", "size": "0x0"}, {"name": "CAP0", "offset": "0x100", "size": "0x0"}, {"name": "CAP1", "offset": "0x104", "size": "0x0"}, {"name": "CAP2", "offset": "0x108", "size": "0x0"}, {"name": "CAP3", "offset": "0x10c", "size": "0x0"}, {"name": "CAP4", "offset": "0x110", "size": "0x0"}, {"name": "CAP5", "offset": "0x114", "size": "0x0"}, {"name": "CAP6", "offset": "0x118", "size": "0x0"}, {"name": "CAP7", "offset": "0x11c", "size": "0x0"}, {"name": "CAP8", "offset": "0x120", "size": "0x0"}, {"name": "CAP9", "offset": "0x124", "size": "0x0"}, {"name": "CAP10", "offset": "0x128", "size": "0x0"}, {"name": "CAP11", "offset": "0x12c", "size": "0x0"}, {"name": "CAP12", "offset": "0x130", "size": "0x0"}, {"name": "CAP13", "offset": "0x134", "size": "0x0"}, {"name": "CAP14", "offset": "0x138", "size": "0x0"}, {"name": "CAP15", "offset": "0x13c", "size": "0x0"}, {"name": "MATCHREL0", "offset": "0x200", "size": "0x0"}, {"name": "MATCHREL1", "offset": "0x204", "size": "0x0"}, {"name": "MATCHREL2", "offset": "0x208", "size": "0x0"}, {"name": "MATCHREL3", "offset": "0x20c", "size": "0x0"}, {"name": "MATCHREL4", "offset": "0x210", "size": "0x0"}, {"name": "MATCHREL5", "offset": "0x214", "size": "0x0"}, {"name": "MATCHREL6", "offset": "0x218", "size": "0x0"}, {"name": "MATCHREL7", "offset": "0x21c", "size": "0x0"}, {"name": "MATCHREL8", "offset": "0x220", "size": "0x0"}, {"name": "MATCHREL9", "offset": "0x224", "size": "0x0"}, {"name": "MATCHREL10", "offset": "0x228", "size": "0x0"}, {"name": "MATCHREL11", "offset": "0x22c", "size": "0x0"}, {"name": "MATCHREL12", "offset": "0x230", "size": "0x0"}, {"name": "MATCHREL13", "offset": "0x234", "size": "0x0"}, {"name": "MATCHREL14", "offset": "0x238", "size": "0x0"}, {"name": "MATCHREL15", "offset": "0x23c", "size": "0x0"}, {"name": "FRACMATREL0", "offset": "0x240", "size": "0x0"}, {"name": "FRACMATREL1", "offset": "0x244", "size": "0x0"}, {"name": "FRACMATREL2", "offset": "0x248", "size": "0x0"}, {"name": "FRACMATREL3", "offset": "0x24c", "size": "0x0"}, {"name": "FRACMATREL4", "offset": "0x250", "size": "0x0"}, {"name": "FRACMATREL5", "offset": "0x254", "size": "0x0"}, {"name": "CAPCTRL0", "offset": "0x200", "size": "0x0"}, {"name": "CAPCTRL1", "offset": "0x204", "size": "0x0"}, {"name": "CAPCTRL2", "offset": "0x208", "size": "0x0"}, {"name": "CAPCTRL3", "offset": "0x20c", "size": "0x0"}, {"name": "CAPCTRL4", "offset": "0x210", "size": "0x0"}, {"name": "CAPCTRL5", "offset": "0x214", "size": "0x0"}, {"name": "CAPCTRL6", "offset": "0x218", "size": "0x0"}, {"name": "CAPCTRL7", "offset": "0x21c", "size": "0x0"}, {"name": "CAPCTRL8", "offset": "0x220", "size": "0x0"}, {"name": "CAPCTRL9", "offset": "0x224", "size": "0x0"}, {"name": "CAPCTRL10", "offset": "0x228", "size": "0x0"}, {"name": "CAPCTRL11", "offset": "0x22c", "size": "0x0"}, {"name": "CAPCTRL12", "offset": "0x230", "size": "0x0"}, {"name": "CAPCTRL13", "offset": "0x234", "size": "0x0"}, {"name": "CAPCTRL14", "offset": "0x238", "size": "0x0"}, {"name": "CAPCTRL15", "offset": "0x23c", "size": "0x0"}, {"name": "EV0_STATE", "offset": "0x300", "size": "0x0"}, {"name": "EV1_STATE", "offset": "0x308", "size": "0x0"}, {"name": "EV2_STATE", "offset": "0x310", "size": "0x0"}, {"name": "EV3_STATE", "offset": "0x318", "size": "0x0"}, {"name": "EV4_STATE", "offset": "0x320", "size": "0x0"}, {"name": "EV5_STATE", "offset": "0x328", "size": "0x0"}, {"name": "EV6_STATE", "offset": "0x330", "size": "0x0"}, {"name": "EV7_STATE", "offset": "0x338", "size": "0x0"}, {"name": "EV8_STATE", "offset": "0x340", "size": "0x0"}, {"name": "EV9_STATE", "offset": "0x348", "size": "0x0"}, {"name": "EV10_STATE", "offset": "0x350", "size": "0x0"}, {"name": "EV11_STATE", "offset": "0x358", "size": "0x0"}, {"name": "EV12_STATE", "offset": "0x360", "size": "0x0"}, {"name": "EV13_STATE", "offset": "0x368", "size": "0x0"}, {"name": "EV14_STATE", "offset": "0x370", "size": "0x0"}, {"name": "EV15_STATE", "offset": "0x378", "size": "0x0"}, {"name": "EV0_CTRL", "offset": "0x304", "size": "0x0"}, {"name": "EV1_CTRL", "offset": "0x30c", "size": "0x0"}, {"name": "EV2_CTRL", "offset": "0x314", "size": "0x0"}, {"name": "EV3_CTRL", "offset": "0x31c", "size": "0x0"}, {"name": "EV4_CTRL", "offset": "0x324", "size": "0x0"}, {"name": "EV5_CTRL", "offset": "0x32c", "size": "0x0"}, {"name": "EV6_CTRL", "offset": "0x334", "size": "0x0"}, {"name": "EV7_CTRL", "offset": "0x33c", "size": "0x0"}, {"name": "EV8_CTRL", "offset": "0x344", "size": "0x0"}, {"name": "EV9_CTRL", "offset": "0x34c", "size": "0x0"}, {"name": "EV10_CTRL", "offset": "0x354", "size": "0x0"}, {"name": "EV11_CTRL", "offset": "0x35c", "size": "0x0"}, {"name": "EV12_CTRL", "offset": "0x364", "size": "0x0"}, {"name": "EV13_CTRL", "offset": "0x36c", "size": "0x0"}, {"name": "EV14_CTRL", "offset": "0x374", "size": "0x0"}, {"name": "EV15_CTRL", "offset": "0x37c", "size": "0x0"}, {"name": "OUT0_SET", "offset": "0x500", "size": "0x0"}, {"name": "OUT1_SET", "offset": "0x508", "size": "0x0"}, {"name": "OUT2_SET", "offset": "0x510", "size": "0x0"}, {"name": "OUT3_SET", "offset": "0x518", "size": "0x0"}, {"name": "OUT4_SET", "offset": "0x520", "size": "0x0"}, {"name": "OUT5_SET", "offset": "0x528", "size": "0x0"}, {"name": "OUT6_SET", "offset": "0x530", "size": "0x0"}, {"name": "OUT7_SET", "offset": "0x538", "size": "0x0"}, {"name": "OUT8_SET", "offset": "0x540", "size": "0x0"}, {"name": "OUT9_SET", "offset": "0x548", "size": "0x0"}, {"name": "OUT0_CLR", "offset": "0x504", "size": "0x0"}, {"name": "OUT1_CLR", "offset": "0x50c", "size": "0x0"}, {"name": "OUT2_CLR", "offset": "0x514", "size": "0x0"}, {"name": "OUT3_CLR", "offset": "0x51c", "size": "0x0"}, {"name": "OUT4_CLR", "offset": "0x524", "size": "0x0"}, {"name": "OUT5_CLR", "offset": "0x52c", "size": "0x0"}, {"name": "OUT6_CLR", "offset": "0x534", "size": "0x0"}, {"name": "OUT7_CLR", "offset": "0x53c", "size": "0x0"}, {"name": "OUT8_CLR", "offset": "0x544", "size": "0x0"}, {"name": "OUT9_CLR", "offset": "0x54c", "size": "0x0"}]}, {"name": "SCT1", "start": "0x1c01c000", "end": "0x1c01cffe", "size": "0xfff", "comment": "", "registers": [{"name": "CONFIG", "offset": "0x0"}, {"name": "CTRL", "offset": "0x4"}, {"name": "LIMIT", "offset": "0x8"}, {"name": "HALT", "offset": "0xc"}, {"name": "STOP", "offset": "0x10"}, {"name": "START", "offset": "0x14"}, {"name": "DITHER", "offset": "0x18"}, {"name": "COUNT", "offset": "0x40"}, {"name": "STATE", "offset": "0x44"}, {"name": "INPUT", "offset": "0x48"}, {"name": "REGMODE", "offset": "0x4c"}, {"name": "OUTPUT", "offset": "0x50"}, {"name": "OUTPUTDIRCTRL", "offset": "0x54"}, {"name": "RES", "offset": "0x58"}, {"name": "DMAREQ0", "offset": "0x5c"}, {"name": "DMAREQ1", "offset": "0x60"}, {"name": "EVEN", "offset": "0xf0"}, {"name": "EVFLAG", "offset": "0xf4"}, {"name": "CONEN", "offset": "0xf8"}, {"name": "CONFLAG", "offset": "0xfc"}, {"name": "MATCH0", "offset": "0x100", "size": "0x0"}, {"name": "MATCH1", "offset": "0x104", "size": "0x0"}, {"name": "MATCH2", "offset": "0x108", "size": "0x0"}, {"name": "MATCH3", "offset": "0x10c", "size": "0x0"}, {"name": "MATCH4", "offset": "0x110", "size": "0x0"}, {"name": "MATCH5", "offset": "0x114", "size": "0x0"}, {"name": "MATCH6", "offset": "0x118", "size": "0x0"}, {"name": "MATCH7", "offset": "0x11c", "size": "0x0"}, {"name": "MATCH8", "offset": "0x120", "size": "0x0"}, {"name": "MATCH9", "offset": "0x124", "size": "0x0"}, {"name": "MATCH10", "offset": "0x128", "size": "0x0"}, {"name": "MATCH11", "offset": "0x12c", "size": "0x0"}, {"name": "MATCH12", "offset": "0x130", "size": "0x0"}, {"name": "MATCH13", "offset": "0x134", "size": "0x0"}, {"name": "MATCH14", "offset": "0x138", "size": "0x0"}, {"name": "MATCH15", "offset": "0x13c", "size": "0x0"}, {"name": "FRACMAT0", "offset": "0x140", "size": "0x0"}, {"name": "FRACMAT1", "offset": "0x144", "size": "0x0"}, {"name": "FRACMAT2", "offset": "0x148", "size": "0x0"}, {"name": "FRACMAT3", "offset": "0x14c", "size": "0x0"}, {"name": "FRACMAT4", "offset": "0x150", "size": "0x0"}, {"name": "FRACMAT5", "offset": "0x154", "size": "0x0"}, {"name": "CAP0", "offset": "0x100", "size": "0x0"}, {"name": "CAP1", "offset": "0x104", "size": "0x0"}, {"name": "CAP2", "offset": "0x108", "size": "0x0"}, {"name": "CAP3", "offset": "0x10c", "size": "0x0"}, {"name": "CAP4", "offset": "0x110", "size": "0x0"}, {"name": "CAP5", "offset": "0x114", "size": "0x0"}, {"name": "CAP6", "offset": "0x118", "size": "0x0"}, {"name": "CAP7", "offset": "0x11c", "size": "0x0"}, {"name": "CAP8", "offset": "0x120", "size": "0x0"}, {"name": "CAP9", "offset": "0x124", "size": "0x0"}, {"name": "CAP10", "offset": "0x128", "size": "0x0"}, {"name": "CAP11", "offset": "0x12c", "size": "0x0"}, {"name": "CAP12", "offset": "0x130", "size": "0x0"}, {"name": "CAP13", "offset": "0x134", "size": "0x0"}, {"name": "CAP14", "offset": "0x138", "size": "0x0"}, {"name": "CAP15", "offset": "0x13c", "size": "0x0"}, {"name": "MATCHREL0", "offset": "0x200", "size": "0x0"}, {"name": "MATCHREL1", "offset": "0x204", "size": "0x0"}, {"name": "MATCHREL2", "offset": "0x208", "size": "0x0"}, {"name": "MATCHREL3", "offset": "0x20c", "size": "0x0"}, {"name": "MATCHREL4", "offset": "0x210", "size": "0x0"}, {"name": "MATCHREL5", "offset": "0x214", "size": "0x0"}, {"name": "MATCHREL6", "offset": "0x218", "size": "0x0"}, {"name": "MATCHREL7", "offset": "0x21c", "size": "0x0"}, {"name": "MATCHREL8", "offset": "0x220", "size": "0x0"}, {"name": "MATCHREL9", "offset": "0x224", "size": "0x0"}, {"name": "MATCHREL10", "offset": "0x228", "size": "0x0"}, {"name": "MATCHREL11", "offset": "0x22c", "size": "0x0"}, {"name": "MATCHREL12", "offset": "0x230", "size": "0x0"}, {"name": "MATCHREL13", "offset": "0x234", "size": "0x0"}, {"name": "MATCHREL14", "offset": "0x238", "size": "0x0"}, {"name": "MATCHREL15", "offset": "0x23c", "size": "0x0"}, {"name": "FRACMATREL0", "offset": "0x240", "size": "0x0"}, {"name": "FRACMATREL1", "offset": "0x244", "size": "0x0"}, {"name": "FRACMATREL2", "offset": "0x248", "size": "0x0"}, {"name": "FRACMATREL3", "offset": "0x24c", "size": "0x0"}, {"name": "FRACMATREL4", "offset": "0x250", "size": "0x0"}, {"name": "FRACMATREL5", "offset": "0x254", "size": "0x0"}, {"name": "CAPCTRL0", "offset": "0x200", "size": "0x0"}, {"name": "CAPCTRL1", "offset": "0x204", "size": "0x0"}, {"name": "CAPCTRL2", "offset": "0x208", "size": "0x0"}, {"name": "CAPCTRL3", "offset": "0x20c", "size": "0x0"}, {"name": "CAPCTRL4", "offset": "0x210", "size": "0x0"}, {"name": "CAPCTRL5", "offset": "0x214", "size": "0x0"}, {"name": "CAPCTRL6", "offset": "0x218", "size": "0x0"}, {"name": "CAPCTRL7", "offset": "0x21c", "size": "0x0"}, {"name": "CAPCTRL8", "offset": "0x220", "size": "0x0"}, {"name": "CAPCTRL9", "offset": "0x224", "size": "0x0"}, {"name": "CAPCTRL10", "offset": "0x228", "size": "0x0"}, {"name": "CAPCTRL11", "offset": "0x22c", "size": "0x0"}, {"name": "CAPCTRL12", "offset": "0x230", "size": "0x0"}, {"name": "CAPCTRL13", "offset": "0x234", "size": "0x0"}, {"name": "CAPCTRL14", "offset": "0x238", "size": "0x0"}, {"name": "CAPCTRL15", "offset": "0x23c", "size": "0x0"}, {"name": "EV0_STATE", "offset": "0x300", "size": "0x0"}, {"name": "EV1_STATE", "offset": "0x308", "size": "0x0"}, {"name": "EV2_STATE", "offset": "0x310", "size": "0x0"}, {"name": "EV3_STATE", "offset": "0x318", "size": "0x0"}, {"name": "EV4_STATE", "offset": "0x320", "size": "0x0"}, {"name": "EV5_STATE", "offset": "0x328", "size": "0x0"}, {"name": "EV6_STATE", "offset": "0x330", "size": "0x0"}, {"name": "EV7_STATE", "offset": "0x338", "size": "0x0"}, {"name": "EV8_STATE", "offset": "0x340", "size": "0x0"}, {"name": "EV9_STATE", "offset": "0x348", "size": "0x0"}, {"name": "EV10_STATE", "offset": "0x350", "size": "0x0"}, {"name": "EV11_STATE", "offset": "0x358", "size": "0x0"}, {"name": "EV12_STATE", "offset": "0x360", "size": "0x0"}, {"name": "EV13_STATE", "offset": "0x368", "size": "0x0"}, {"name": "EV14_STATE", "offset": "0x370", "size": "0x0"}, {"name": "EV15_STATE", "offset": "0x378", "size": "0x0"}, {"name": "EV0_CTRL", "offset": "0x304", "size": "0x0"}, {"name": "EV1_CTRL", "offset": "0x30c", "size": "0x0"}, {"name": "EV2_CTRL", "offset": "0x314", "size": "0x0"}, {"name": "EV3_CTRL", "offset": "0x31c", "size": "0x0"}, {"name": "EV4_CTRL", "offset": "0x324", "size": "0x0"}, {"name": "EV5_CTRL", "offset": "0x32c", "size": "0x0"}, {"name": "EV6_CTRL", "offset": "0x334", "size": "0x0"}, {"name": "EV7_CTRL", "offset": "0x33c", "size": "0x0"}, {"name": "EV8_CTRL", "offset": "0x344", "size": "0x0"}, {"name": "EV9_CTRL", "offset": "0x34c", "size": "0x0"}, {"name": "EV10_CTRL", "offset": "0x354", "size": "0x0"}, {"name": "EV11_CTRL", "offset": "0x35c", "size": "0x0"}, {"name": "EV12_CTRL", "offset": "0x364", "size": "0x0"}, {"name": "EV13_CTRL", "offset": "0x36c", "size": "0x0"}, {"name": "EV14_CTRL", "offset": "0x374", "size": "0x0"}, {"name": "EV15_CTRL", "offset": "0x37c", "size": "0x0"}, {"name": "OUT0_SET", "offset": "0x500", "size": "0x0"}, {"name": "OUT1_SET", "offset": "0x508", "size": "0x0"}, {"name": "OUT2_SET", "offset": "0x510", "size": "0x0"}, {"name": "OUT3_SET", "offset": "0x518", "size": "0x0"}, {"name": "OUT4_SET", "offset": "0x520", "size": "0x0"}, {"name": "OUT5_SET", "offset": "0x528", "size": "0x0"}, {"name": "OUT6_SET", "offset": "0x530", "size": "0x0"}, {"name": "OUT7_SET", "offset": "0x538", "size": "0x0"}, {"name": "OUT8_SET", "offset": "0x540", "size": "0x0"}, {"name": "OUT9_SET", "offset": "0x548", "size": "0x0"}, {"name": "OUT0_CLR", "offset": "0x504", "size": "0x0"}, {"name": "OUT1_CLR", "offset": "0x50c", "size": "0x0"}, {"name": "OUT2_CLR", "offset": "0x514", "size": "0x0"}, {"name": "OUT3_CLR", "offset": "0x51c", "size": "0x0"}, {"name": "OUT4_CLR", "offset": "0x524", "size": "0x0"}, {"name": "OUT5_CLR", "offset": "0x52c", "size": "0x0"}, {"name": "OUT6_CLR", "offset": "0x534", "size": "0x0"}, {"name": "OUT7_CLR", "offset": "0x53c", "size": "0x0"}, {"name": "OUT8_CLR", "offset": "0x544", "size": "0x0"}, {"name": "OUT9_CLR", "offset": "0x54c", "size": "0x0"}]}, {"name": "SCT2", "start": "0x1c020000", "end": "0x1c020ffe", "size": "0xfff", "comment": "", "registers": [{"name": "CONFIG", "offset": "0x0"}, {"name": "CTRL", "offset": "0x4"}, {"name": "LIMIT", "offset": "0x8"}, {"name": "HALT", "offset": "0xc"}, {"name": "STOP", "offset": "0x10"}, {"name": "START", "offset": "0x14"}, {"name": "COUNT", "offset": "0x40"}, {"name": "STATE", "offset": "0x44"}, {"name": "INPUT", "offset": "0x48"}, {"name": "REGMODE", "offset": "0x4c"}, {"name": "OUTPUT", "offset": "0x50"}, {"name": "OUTPUTDIRCTRL", "offset": "0x54"}, {"name": "RES", "offset": "0x58"}, {"name": "DMAREQ0", "offset": "0x5c"}, {"name": "DMAREQ1", "offset": "0x60"}, {"name": "EVEN", "offset": "0xf0"}, {"name": "EVFLAG", "offset": "0xf4"}, {"name": "CONEN", "offset": "0xf8"}, {"name": "CONFLAG", "offset": "0xfc"}, {"name": "MATCH0", "offset": "0x100", "size": "0x0"}, {"name": "MATCH1", "offset": "0x104", "size": "0x0"}, {"name": "MATCH2", "offset": "0x108", "size": "0x0"}, {"name": "MATCH3", "offset": "0x10c", "size": "0x0"}, {"name": "MATCH4", "offset": "0x110", "size": "0x0"}, {"name": "MATCH5", "offset": "0x114", "size": "0x0"}, {"name": "MATCH6", "offset": "0x118", "size": "0x0"}, {"name": "MATCH7", "offset": "0x11c", "size": "0x0"}, {"name": "CAP0", "offset": "0x100", "size": "0x0"}, {"name": "CAP1", "offset": "0x104", "size": "0x0"}, {"name": "CAP2", "offset": "0x108", "size": "0x0"}, {"name": "CAP3", "offset": "0x10c", "size": "0x0"}, {"name": "CAP4", "offset": "0x110", "size": "0x0"}, {"name": "CAP5", "offset": "0x114", "size": "0x0"}, {"name": "CAP6", "offset": "0x118", "size": "0x0"}, {"name": "CAP7", "offset": "0x11c", "size": "0x0"}, {"name": "MATCHREL0", "offset": "0x200", "size": "0x0"}, {"name": "MATCHREL1", "offset": "0x204", "size": "0x0"}, {"name": "MATCHREL2", "offset": "0x208", "size": "0x0"}, {"name": "MATCHREL3", "offset": "0x20c", "size": "0x0"}, {"name": "MATCHREL4", "offset": "0x210", "size": "0x0"}, {"name": "MATCHREL5", "offset": "0x214", "size": "0x0"}, {"name": "MATCHREL6", "offset": "0x218", "size": "0x0"}, {"name": "MATCHREL7", "offset": "0x21c", "size": "0x0"}, {"name": "CAPCTRL0", "offset": "0x200", "size": "0x0"}, {"name": "CAPCTRL1", "offset": "0x204", "size": "0x0"}, {"name": "CAPCTRL2", "offset": "0x208", "size": "0x0"}, {"name": "CAPCTRL3", "offset": "0x20c", "size": "0x0"}, {"name": "CAPCTRL4", "offset": "0x210", "size": "0x0"}, {"name": "CAPCTRL5", "offset": "0x214", "size": "0x0"}, {"name": "CAPCTRL6", "offset": "0x218", "size": "0x0"}, {"name": "CAPCTRL7", "offset": "0x21c", "size": "0x0"}, {"name": "EV0_STATE", "offset": "0x300", "size": "0x0"}, {"name": "EV1_STATE", "offset": "0x308", "size": "0x0"}, {"name": "EV2_STATE", "offset": "0x310", "size": "0x0"}, {"name": "EV3_STATE", "offset": "0x318", "size": "0x0"}, {"name": "EV4_STATE", "offset": "0x320", "size": "0x0"}, {"name": "EV5_STATE", "offset": "0x328", "size": "0x0"}, {"name": "EV6_STATE", "offset": "0x330", "size": "0x0"}, {"name": "EV7_STATE", "offset": "0x338", "size": "0x0"}, {"name": "EV8_STATE", "offset": "0x340", "size": "0x0"}, {"name": "EV9_STATE", "offset": "0x348", "size": "0x0"}, {"name": "EV0_CTRL", "offset": "0x304", "size": "0x0"}, {"name": "EV1_CTRL", "offset": "0x30c", "size": "0x0"}, {"name": "EV2_CTRL", "offset": "0x314", "size": "0x0"}, {"name": "EV3_CTRL", "offset": "0x31c", "size": "0x0"}, {"name": "EV4_CTRL", "offset": "0x324", "size": "0x0"}, {"name": "EV5_CTRL", "offset": "0x32c", "size": "0x0"}, {"name": "EV6_CTRL", "offset": "0x334", "size": "0x0"}, {"name": "EV7_CTRL", "offset": "0x33c", "size": "0x0"}, {"name": "EV8_CTRL", "offset": "0x344", "size": "0x0"}, {"name": "EV9_CTRL", "offset": "0x34c", "size": "0x0"}, {"name": "OUT0_SET", "offset": "0x500", "size": "0x0"}, {"name": "OUT1_SET", "offset": "0x508", "size": "0x0"}, {"name": "OUT2_SET", "offset": "0x510", "size": "0x0"}, {"name": "OUT3_SET", "offset": "0x518", "size": "0x0"}, {"name": "OUT4_SET", "offset": "0x520", "size": "0x0"}, {"name": "OUT5_SET", "offset": "0x528", "size": "0x0"}, {"name": "OUT0_CLR", "offset": "0x504", "size": "0x0"}, {"name": "OUT1_CLR", "offset": "0x50c", "size": "0x0"}, {"name": "OUT2_CLR", "offset": "0x514", "size": "0x0"}, {"name": "OUT3_CLR", "offset": "0x51c", "size": "0x0"}, {"name": "OUT4_CLR", "offset": "0x524", "size": "0x0"}, {"name": "OUT5_CLR", "offset": "0x52c", "size": "0x0"}]}, {"name": "SCT3", "start": "0x1c024000", "end": "0x1c024ffe", "size": "0xfff", "comment": "", "registers": [{"name": "CONFIG", "offset": "0x0"}, {"name": "CTRL", "offset": "0x4"}, {"name": "LIMIT", "offset": "0x8"}, {"name": "HALT", "offset": "0xc"}, {"name": "STOP", "offset": "0x10"}, {"name": "START", "offset": "0x14"}, {"name": "COUNT", "offset": "0x40"}, {"name": "STATE", "offset": "0x44"}, {"name": "INPUT", "offset": "0x48"}, {"name": "REGMODE", "offset": "0x4c"}, {"name": "OUTPUT", "offset": "0x50"}, {"name": "OUTPUTDIRCTRL", "offset": "0x54"}, {"name": "RES", "offset": "0x58"}, {"name": "DMAREQ0", "offset": "0x5c"}, {"name": "DMAREQ1", "offset": "0x60"}, {"name": "EVEN", "offset": "0xf0"}, {"name": "EVFLAG", "offset": "0xf4"}, {"name": "CONEN", "offset": "0xf8"}, {"name": "CONFLAG", "offset": "0xfc"}, {"name": "MATCH0", "offset": "0x100", "size": "0x0"}, {"name": "MATCH1", "offset": "0x104", "size": "0x0"}, {"name": "MATCH2", "offset": "0x108", "size": "0x0"}, {"name": "MATCH3", "offset": "0x10c", "size": "0x0"}, {"name": "MATCH4", "offset": "0x110", "size": "0x0"}, {"name": "MATCH5", "offset": "0x114", "size": "0x0"}, {"name": "MATCH6", "offset": "0x118", "size": "0x0"}, {"name": "MATCH7", "offset": "0x11c", "size": "0x0"}, {"name": "CAP0", "offset": "0x100", "size": "0x0"}, {"name": "CAP1", "offset": "0x104", "size": "0x0"}, {"name": "CAP2", "offset": "0x108", "size": "0x0"}, {"name": "CAP3", "offset": "0x10c", "size": "0x0"}, {"name": "CAP4", "offset": "0x110", "size": "0x0"}, {"name": "CAP5", "offset": "0x114", "size": "0x0"}, {"name": "CAP6", "offset": "0x118", "size": "0x0"}, {"name": "CAP7", "offset": "0x11c", "size": "0x0"}, {"name": "MATCHREL0", "offset": "0x200", "size": "0x0"}, {"name": "MATCHREL1", "offset": "0x204", "size": "0x0"}, {"name": "MATCHREL2", "offset": "0x208", "size": "0x0"}, {"name": "MATCHREL3", "offset": "0x20c", "size": "0x0"}, {"name": "MATCHREL4", "offset": "0x210", "size": "0x0"}, {"name": "MATCHREL5", "offset": "0x214", "size": "0x0"}, {"name": "MATCHREL6", "offset": "0x218", "size": "0x0"}, {"name": "MATCHREL7", "offset": "0x21c", "size": "0x0"}, {"name": "CAPCTRL0", "offset": "0x200", "size": "0x0"}, {"name": "CAPCTRL1", "offset": "0x204", "size": "0x0"}, {"name": "CAPCTRL2", "offset": "0x208", "size": "0x0"}, {"name": "CAPCTRL3", "offset": "0x20c", "size": "0x0"}, {"name": "CAPCTRL4", "offset": "0x210", "size": "0x0"}, {"name": "CAPCTRL5", "offset": "0x214", "size": "0x0"}, {"name": "CAPCTRL6", "offset": "0x218", "size": "0x0"}, {"name": "CAPCTRL7", "offset": "0x21c", "size": "0x0"}, {"name": "EV0_STATE", "offset": "0x300", "size": "0x0"}, {"name": "EV1_STATE", "offset": "0x308", "size": "0x0"}, {"name": "EV2_STATE", "offset": "0x310", "size": "0x0"}, {"name": "EV3_STATE", "offset": "0x318", "size": "0x0"}, {"name": "EV4_STATE", "offset": "0x320", "size": "0x0"}, {"name": "EV5_STATE", "offset": "0x328", "size": "0x0"}, {"name": "EV6_STATE", "offset": "0x330", "size": "0x0"}, {"name": "EV7_STATE", "offset": "0x338", "size": "0x0"}, {"name": "EV8_STATE", "offset": "0x340", "size": "0x0"}, {"name": "EV9_STATE", "offset": "0x348", "size": "0x0"}, {"name": "EV0_CTRL", "offset": "0x304", "size": "0x0"}, {"name": "EV1_CTRL", "offset": "0x30c", "size": "0x0"}, {"name": "EV2_CTRL", "offset": "0x314", "size": "0x0"}, {"name": "EV3_CTRL", "offset": "0x31c", "size": "0x0"}, {"name": "EV4_CTRL", "offset": "0x324", "size": "0x0"}, {"name": "EV5_CTRL", "offset": "0x32c", "size": "0x0"}, {"name": "EV6_CTRL", "offset": "0x334", "size": "0x0"}, {"name": "EV7_CTRL", "offset": "0x33c", "size": "0x0"}, {"name": "EV8_CTRL", "offset": "0x344", "size": "0x0"}, {"name": "EV9_CTRL", "offset": "0x34c", "size": "0x0"}, {"name": "OUT0_SET", "offset": "0x500", "size": "0x0"}, {"name": "OUT1_SET", "offset": "0x508", "size": "0x0"}, {"name": "OUT2_SET", "offset": "0x510", "size": "0x0"}, {"name": "OUT3_SET", "offset": "0x518", "size": "0x0"}, {"name": "OUT4_SET", "offset": "0x520", "size": "0x0"}, {"name": "OUT5_SET", "offset": "0x528", "size": "0x0"}, {"name": "OUT0_CLR", "offset": "0x504", "size": "0x0"}, {"name": "OUT1_CLR", "offset": "0x50c", "size": "0x0"}, {"name": "OUT2_CLR", "offset": "0x514", "size": "0x0"}, {"name": "OUT3_CLR", "offset": "0x51c", "size": "0x0"}, {"name": "OUT4_CLR", "offset": "0x524", "size": "0x0"}, {"name": "OUT5_CLR", "offset": "0x52c", "size": "0x0"}]}, {"name": "ADC0", "start": "0x40000000", "end": "0x40000ffe", "size": "0xfff", "comment": "", "registers": [{"name": "CTRL", "offset": "0x0"}, {"name": "INSEL", "offset": "0x4"}, {"name": "SEQA_CTRL", "offset": "0x8"}, {"name": "SEQB_CTRL", "offset": "0xc"}, {"name": "SEQA_GDAT", "offset": "0x10"}, {"name": "SEQB_GDAT", "offset": "0x14"}, {"name": "THR0_LOW", "offset": "0x50"}, {"name": "THR1_LOW", "offset": "0x54"}, {"name": "THR0_HIGH", "offset": "0x58"}, {"name": "THR1_HIGH", "offset": "0x5c"}, {"name": "CHAN_THRSEL", "offset": "0x60"}, {"name": "INTEN", "offset": "0x64"}, {"name": "FLAGS", "offset": "0x68"}, {"name": "TRM", "offset": "0x6c"}, {"name": "DAT[0]", "offset": "0x20", "size": "0x0"}, {"name": "DAT[1]", "offset": "0x24", "size": "0x0"}, {"name": "DAT[2]", "offset": "0x28", "size": "0x0"}, {"name": "DAT[3]", "offset": "0x2c", "size": "0x0"}, {"name": "DAT[4]", "offset": "0x30", "size": "0x0"}, {"name": "DAT[5]", "offset": "0x34", "size": "0x0"}, {"name": "DAT[6]", "offset": "0x38", "size": "0x0"}, {"name": "DAT[7]", "offset": "0x3c", "size": "0x0"}, {"name": "DAT[8]", "offset": "0x40", "size": "0x0"}, {"name": "DAT[9]", "offset": "0x44", "size": "0x0"}, {"name": "DAT[10]", "offset": "0x48", "size": "0x0"}, {"name": "DAT[11]", "offset": "0x4c", "size": "0x0"}]}, {"name": "DAC", "start": "0x40004000", "end": "0x40004ffe", "size": "0xfff", "comment": "", "registers": [{"name": "VAL", "offset": "0x0"}, {"name": "CTRL", "offset": "0x4"}, {"name": "CNTVAL", "offset": "0x8"}]}, {"name": "ACMP", "start": "0x40008000", "end": "0x40008ffe", "size": "0xfff", "comment": "", "registers": [{"name": "CTRL", "offset": "0x0"}, {"name": "CMP0", "offset": "0x4"}, {"name": "CMP1", "offset": "0xc"}, {"name": "CMP2", "offset": "0x14"}, {"name": "CMP3", "offset": "0x1c"}, {"name": "CMPFILTR0", "offset": "0x8", "size": "0x0"}, {"name": "CMPFILTR1", "offset": "0x10", "size": "0x0"}, {"name": "CMPFILTR2", "offset": "0x18", "size": "0x0"}, {"name": "CMPFILTR3", "offset": "0x20", "size": "0x0"}]}, {"name": "INMUX", "start": "0x40014000", "end": "0x40014ffe", "size": "0xfff", "comment": "", "registers": [{"name": "FREQMEAS_REF", "offset": "0x160"}, {"name": "FREQMEAS_TARGET", "offset": "0x164"}, {"name": "SCT0_INMUX[0]", "offset": "0x0", "size": "0x0"}, {"name": "SCT0_INMUX[1]", "offset": "0x4", "size": "0x0"}, {"name": "SCT0_INMUX[2]", "offset": "0x8", "size": "0x0"}, {"name": "SCT0_INMUX[3]", "offset": "0xc", "size": "0x0"}, {"name": "SCT0_INMUX[4]", "offset": "0x10", "size": "0x0"}, {"name": "SCT0_INMUX[5]", "offset": "0x14", "size": "0x0"}, {"name": "SCT0_INMUX[6]", "offset": "0x18", "size": "0x0"}, {"name": "SCT1_INMUX[0]", "offset": "0x20", "size": "0x0"}, {"name": "SCT1_INMUX[1]", "offset": "0x24", "size": "0x0"}, {"name": "SCT1_INMUX[2]", "offset": "0x28", "size": "0x0"}, {"name": "SCT1_INMUX[3]", "offset": "0x2c", "size": "0x0"}, {"name": "SCT1_INMUX[4]", "offset": "0x30", "size": "0x0"}, {"name": "SCT1_INMUX[5]", "offset": "0x34", "size": "0x0"}, {"name": "SCT1_INMUX[6]", "offset": "0x38", "size": "0x0"}, {"name": "SCT2_INMUX[0]", "offset": "0x40", "size": "0x0"}, {"name": "SCT2_INMUX[1]", "offset": "0x44", "size": "0x0"}, {"name": "SCT2_INMUX[2]", "offset": "0x48", "size": "0x0"}, {"name": "SCT3_INMUX[0]", "offset": "0x60", "size": "0x0"}, {"name": "SCT3_INMUX[1]", "offset": "0x64", "size": "0x0"}, {"name": "SCT3_INMUX[2]", "offset": "0x68", "size": "0x0"}, {"name": "PINTSEL[0]", "offset": "0xc0", "size": "0x0"}, {"name": "PINTSEL[1]", "offset": "0xc4", "size": "0x0"}, {"name": "PINTSEL[2]", "offset": "0xc8", "size": "0x0"}, {"name": "PINTSEL[3]", "offset": "0xcc", "size": "0x0"}, {"name": "PINTSEL[4]", "offset": "0xd0", "size": "0x0"}, {"name": "PINTSEL[5]", "offset": "0xd4", "size": "0x0"}, {"name": "PINTSEL[6]", "offset": "0xd8", "size": "0x0"}, {"name": "PINTSEL[7]", "offset": "0xdc", "size": "0x0"}, {"name": "DMA_ITRIG_INMUX[0]", "offset": "0xe0", "size": "0x0"}, {"name": "DMA_ITRIG_INMUX[1]", "offset": "0xe4", "size": "0x0"}, {"name": "DMA_ITRIG_INMUX[2]", "offset": "0xe8", "size": "0x0"}, {"name": "DMA_ITRIG_INMUX[3]", "offset": "0xec", "size": "0x0"}, {"name": "DMA_ITRIG_INMUX[4]", "offset": "0xf0", "size": "0x0"}, {"name": "DMA_ITRIG_INMUX[5]", "offset": "0xf4", "size": "0x0"}, {"name": "DMA_ITRIG_INMUX[6]", "offset": "0xf8", "size": "0x0"}, {"name": "DMA_ITRIG_INMUX[7]", "offset": "0xfc", "size": "0x0"}, {"name": "DMA_ITRIG_INMUX[8]", "offset": "0x100", "size": "0x0"}, {"name": "DMA_ITRIG_INMUX[9]", "offset": "0x104", "size": "0x0"}, {"name": "DMA_ITRIG_INMUX[10]", "offset": "0x108", "size": "0x0"}, {"name": "DMA_ITRIG_INMUX[11]", "offset": "0x10c", "size": "0x0"}, {"name": "DMA_ITRIG_INMUX[12]", "offset": "0x110", "size": "0x0"}, {"name": "DMA_ITRIG_INMUX[13]", "offset": "0x114", "size": "0x0"}, {"name": "DMA_ITRIG_INMUX[14]", "offset": "0x118", "size": "0x0"}, {"name": "DMA_ITRIG_INMUX[15]", "offset": "0x11c", "size": "0x0"}, {"name": "DMA_ITRIG_INMUX[16]", "offset": "0x120", "size": "0x0"}, {"name": "DMA_ITRIG_INMUX[17]", "offset": "0x124", "size": "0x0"}, {"name": "DMA_INMUX_INMUX[0]", "offset": "0x140", "size": "0x0"}, {"name": "DMA_INMUX_INMUX[1]", "offset": "0x144", "size": "0x0"}, {"name": "DMA_INMUX_INMUX[2]", "offset": "0x148", "size": "0x0"}, {"name": "DMA_INMUX_INMUX[3]", "offset": "0x14c", "size": "0x0"}]}, {"name": "RTC", "start": "0x40028000", "end": "0x40028ffe", "size": "0xfff", "comment": "", "registers": [{"name": "CTRL", "offset": "0x0"}, {"name": "MATCH", "offset": "0x4"}, {"name": "COUNT", "offset": "0x8"}, {"name": "WAKE", "offset": "0xc"}]}, {"name": "WWDT", "start": "0x4002c000", "end": "0x4002cffe", "size": "0xfff", "comment": "", "registers": [{"name": "MOD", "offset": "0x0"}, {"name": "TC", "offset": "0x4"}, {"name": "FEED", "offset": "0x8"}, {"name": "TV", "offset": "0xc"}, {"name": "WARNINT", "offset": "0x14"}, {"name": "WINDOW", "offset": "0x18"}]}, {"name": "SWM", "start": "0x40038000", "end": "0x40038ffe", "size": "0xfff", "comment": "", "registers": [{"name": "PINASSIGN0", "offset": "0x0"}, {"name": "PINASSIGN1", "offset": "0x4"}, {"name": "PINASSIGN2", "offset": "0x8"}, {"name": "PINASSIGN3", "offset": "0xc"}, {"name": "PINASSIGN4", "offset": "0x10"}, {"name": "PINASSIGN5", "offset": "0x14"}, {"name": "PINASSIGN6", "offset": "0x18"}, {"name": "PINASSIGN7", "offset": "0x1c"}, {"name": "PINASSIGN8", "offset": "0x20"}, {"name": "PINASSIGN9", "offset": "0x24"}, {"name": "PINASSIGN10", "offset": "0x28"}, {"name": "PINASSIGN11", "offset": "0x2c"}, {"name": "PINASSIGN12", "offset": "0x30"}, {"name": "PINASSIGN13", "offset": "0x34"}, {"name": "PINASSIGN14", "offset": "0x38"}, {"name": "PINASSIGN15", "offset": "0x3c"}, {"name": "PINENABLE0", "offset": "0x1c0"}, {"name": "PINENABLE1", "offset": "0x1c4"}]}, {"name": "PMU", "start": "0x4003c000", "end": "0x4003cffe", "size": "0xfff", "comment": "", "registers": [{"name": "PCON", "offset": "0x0"}, {"name": "DPDCTRL", "offset": "0x14"}, {"name": "GPREG0", "offset": "0x4", "size": "0x0"}, {"name": "GPREG1", "offset": "0x8", "size": "0x0"}, {"name": "GPREG2", "offset": "0xc", "size": "0x0"}, {"name": "GPREG3", "offset": "0x10", "size": "0x0"}]}, {"name": "USART0", "start": "0x40040000", "end": "0x40040ffe", "size": "0xfff", "comment": "", "registers": [{"name": "CFG", "offset": "0x0"}, {"name": "CTL", "offset": "0x4"}, {"name": "STAT", "offset": "0x8"}, {"name": "INTENSET", "offset": "0xc"}, {"name": "INTENCLR", "offset": "0x10"}, {"name": "RXDAT", "offset": "0x14"}, {"name": "RXDATSTAT", "offset": "0x18"}, {"name": "TXDAT", "offset": "0x1c"}, {"name": "BRG", "offset": "0x20"}, {"name": "INTSTAT", "offset": "0x24"}, {"name": "OSR", "offset": "0x28"}, {"name": "ADDR", "offset": "0x2c"}]}, {"name": "USART1", "start": "0x40044000", "end": "0x40044ffe", "size": "0xfff", "comment": "", "registers": [{"name": "CFG", "offset": "0x0"}, {"name": "CTL", "offset": "0x4"}, {"name": "STAT", "offset": "0x8"}, {"name": "INTENSET", "offset": "0xc"}, {"name": "INTENCLR", "offset": "0x10"}, {"name": "RXDAT", "offset": "0x14"}, {"name": "RXDATSTAT", "offset": "0x18"}, {"name": "TXDAT", "offset": "0x1c"}, {"name": "BRG", "offset": "0x20"}, {"name": "INTSTAT", "offset": "0x24"}, {"name": "OSR", "offset": "0x28"}, {"name": "ADDR", "offset": "0x2c"}]}, {"name": "SPI0", "start": "0x40048000", "end": "0x40048ffe", "size": "0xfff", "comment": "", "registers": [{"name": "CFG", "offset": "0x0"}, {"name": "DLY", "offset": "0x4"}, {"name": "STAT", "offset": "0x8"}, {"name": "INTENSET", "offset": "0xc"}, {"name": "INTENCLR", "offset": "0x10"}, {"name": "RXDAT", "offset": "0x14"}, {"name": "TXDATCTL", "offset": "0x18"}, {"name": "TXDAT", "offset": "0x1c"}, {"name": "TXCTL", "offset": "0x20"}, {"name": "DIV", "offset": "0x24"}, {"name": "INTSTAT", "offset": "0x28"}]}, {"name": "SPI1", "start": "0x4004c000", "end": "0x4004cffe", "size": "0xfff", "comment": "", "registers": [{"name": "CFG", "offset": "0x0"}, {"name": "DLY", "offset": "0x4"}, {"name": "STAT", "offset": "0x8"}, {"name": "INTENSET", "offset": "0xc"}, {"name": "INTENCLR", "offset": "0x10"}, {"name": "RXDAT", "offset": "0x14"}, {"name": "TXDATCTL", "offset": "0x18"}, {"name": "TXDAT", "offset": "0x1c"}, {"name": "TXCTL", "offset": "0x20"}, {"name": "DIV", "offset": "0x24"}, {"name": "INTSTAT", "offset": "0x28"}]}, {"name": "I2C0", "start": "0x40050000", "end": "0x40050ffe", "size": "0xfff", "comment": "", "registers": [{"name": "CFG", "offset": "0x0"}, {"name": "STAT", "offset": "0x4"}, {"name": "INTENSET", "offset": "0x8"}, {"name": "INTENCLR", "offset": "0xc"}, {"name": "TIMEOUT", "offset": "0x10"}, {"name": "CLKDIV", "offset": "0x14"}, {"name": "INTSTAT", "offset": "0x18"}, {"name": "MSTCTL", "offset": "0x20"}, {"name": "MSTTIME", "offset": "0x24"}, {"name": "MSTDAT", "offset": "0x28"}, {"name": "SLVCTL", "offset": "0x40"}, {"name": "SLVDAT", "offset": "0x44"}, {"name": "SLVQUAL0", "offset": "0x58"}, {"name": "MONRXDAT", "offset": "0x80"}, {"name": "SLVADR0", "offset": "0x48", "size": "0x0"}, {"name": "SLVADR1", "offset": "0x4c", "size": "0x0"}, {"name": "SLVADR2", "offset": "0x50", "size": "0x0"}, {"name": "SLVADR3", "offset": "0x54", "size": "0x0"}]}, {"name": "QEI", "start": "0x40058000", "end": "0x40058ffe", "size": "0xfff", "comment": "", "registers": [{"name": "CON", "offset": "0x0"}, {"name": "STAT", "offset": "0x4"}, {"name": "CONF", "offset": "0x8"}, {"name": "POS", "offset": "0xc"}, {"name": "MAXPOS", "offset": "0x10"}, {"name": "CMPOS0", "offset": "0x14"}, {"name": "CMPOS1", "offset": "0x18"}, {"name": "CMPOS2", "offset": "0x1c"}, {"name": "INXCNT", "offset": "0x20"}, {"name": "INXCMP0", "offset": "0x24"}, {"name": "LOAD", "offset": "0x28"}, {"name": "TIME", "offset": "0x2c"}, {"name": "VEL", "offset": "0x30"}, {"name": "CAP", "offset": "0x34"}, {"name": "VELCOMP", "offset": "0x38"}, {"name": "FILTERPHA", "offset": "0x3c"}, {"name": "FILTERPHB", "offset": "0x40"}, {"name": "FILTERINX", "offset": "0x44"}, {"name": "WINDOW", "offset": "0x48"}, {"name": "INXCMP1", "offset": "0x4c"}, {"name": "INXCMP2", "offset": "0x50"}, {"name": "IEC", "offset": "0xfd8"}, {"name": "IES", "offset": "0xfdc"}, {"name": "INTSTAT", "offset": "0xfe0"}, {"name": "IE", "offset": "0xfe4"}, {"name": "CLR", "offset": "0xfe8"}, {"name": "SET", "offset": "0xfec"}]}, {"name": "SYSCON", "start": "0x40074000", "end": "0x40074ffe", "size": "0xfff", "comment": "", "registers": [{"name": "SYSMEMREMAP", "offset": "0x0"}, {"name": "SYSTCKCAL", "offset": "0x14"}, {"name": "NMISRC", "offset": "0x1c"}, {"name": "SYSRSTSTAT", "offset": "0x40"}, {"name": "PRESETCTRL0", "offset": "0x44"}, {"name": "PRESETCTRL1", "offset": "0x48"}, {"name": "PIOPORCAP0", "offset": "0x4c"}, {"name": "PIOPORCAP1", "offset": "0x50"}, {"name": "PIOPORCAP2", "offset": "0x54"}, {"name": "MAINCLKSELA", "offset": "0x80"}, {"name": "MAINCLKSELB", "offset": "0x84"}, {"name": "USBCLKSEL", "offset": "0x88"}, {"name": "ADCASYNCCLKSEL", "offset": "0x8c"}, {"name": "CLKOUTSELA", "offset": "0x94"}, {"name": "CLKOUTSELB", "offset": "0x98"}, {"name": "SYSPLLCLKSEL", "offset": "0xa0"}, {"name": "USBPLLCLKSEL", "offset": "0xa4"}, {"name": "SCTPLLCLKSEL", "offset": "0xa8"}, {"name": "SYSAHBCLKDIV", "offset": "0xc0"}, {"name": "SYSAHBCLKCTRL0", "offset": "0xc4"}, {"name": "SYSAHBCLKCTRL1", "offset": "0xc8"}, {"name": "SYSTICKCLKDIV", "offset": "0xcc"}, {"name": "UARTCLKDIV", "offset": "0xd0"}, {"name": "IOCONCLKDIV", "offset": "0xd4"}, {"name": "TRACECLKDIV", "offset": "0xd8"}, {"name": "USBCLKDIV", "offset": "0xec"}, {"name": "ADCASYNCCLKDIV", "offset": "0xf0"}, {"name": "CLKOUTDIV", "offset": "0xf8"}, {"name": "FRGCTRL", "offset": "0x128"}, {"name": "USBCLKCTRL", "offset": "0x12c"}, {"name": "USBCLKST", "offset": "0x130"}, {"name": "BODCTRL", "offset": "0x180"}, {"name": "SYSOSCCTRL", "offset": "0x188"}, {"name": "RTCOSCCTRL", "offset": "0x190"}, {"name": "SYSPLLCTRL", "offset": "0x198"}, {"name": "SYSPLLSTAT", "offset": "0x19c"}, {"name": "USBPLLCTRL", "offset": "0x1a0"}, {"name": "USBPLLSTAT", "offset": "0x1a4"}, {"name": "SCTPLLCTRL", "offset": "0x1a8"}, {"name": "SCTPLLSTAT", "offset": "0x1ac"}, {"name": "PDAWAKECFG", "offset": "0x204"}, {"name": "PDRUNCFG", "offset": "0x208"}, {"name": "STARTERP0", "offset": "0x218"}, {"name": "STARTERP1", "offset": "0x21c"}]}, {"name": "ADC1", "start": "0x40080000", "end": "0x40080ffe", "size": "0xfff", "comment": "", "registers": [{"name": "CTRL", "offset": "0x0"}, {"name": "INSEL", "offset": "0x4"}, {"name": "SEQA_CTRL", "offset": "0x8"}, {"name": "SEQB_CTRL", "offset": "0xc"}, {"name": "SEQA_GDAT", "offset": "0x10"}, {"name": "SEQB_GDAT", "offset": "0x14"}, {"name": "THR0_LOW", "offset": "0x50"}, {"name": "THR1_LOW", "offset": "0x54"}, {"name": "THR0_HIGH", "offset": "0x58"}, {"name": "THR1_HIGH", "offset": "0x5c"}, {"name": "CHAN_THRSEL", "offset": "0x60"}, {"name": "INTEN", "offset": "0x64"}, {"name": "FLAGS", "offset": "0x68"}, {"name": "TRM", "offset": "0x6c"}, {"name": "DAT[0]", "offset": "0x20", "size": "0x0"}, {"name": "DAT[1]", "offset": "0x24", "size": "0x0"}, {"name": "DAT[2]", "offset": "0x28", "size": "0x0"}, {"name": "DAT[3]", "offset": "0x2c", "size": "0x0"}, {"name": "DAT[4]", "offset": "0x30", "size": "0x0"}, {"name": "DAT[5]", "offset": "0x34", "size": "0x0"}, {"name": "DAT[6]", "offset": "0x38", "size": "0x0"}, {"name": "DAT[7]", "offset": "0x3c", "size": "0x0"}, {"name": "DAT[8]", "offset": "0x40", "size": "0x0"}, {"name": "DAT[9]", "offset": "0x44", "size": "0x0"}, {"name": "DAT[10]", "offset": "0x48", "size": "0x0"}, {"name": "DAT[11]", "offset": "0x4c", "size": "0x0"}]}, {"name": "MRT", "start": "0x400a0000", "end": "0x400a0ffe", "size": "0xfff", "comment": "", "registers": [{"name": "IDLE_CH", "offset": "0xf4"}, {"name": "IRQ_FLAG", "offset": "0xf8"}, {"name": "INTVAL0", "offset": "0x0", "size": "0x0"}, {"name": "INTVAL1", "offset": "0x10", "size": "0x0"}, {"name": "INTVAL2", "offset": "0x20", "size": "0x0"}, {"name": "INTVAL3", "offset": "0x30", "size": "0x0"}, {"name": "TIMER0", "offset": "0x4", "size": "0x0"}, {"name": "TIMER1", "offset": "0x14", "size": "0x0"}, {"name": "TIMER2", "offset": "0x24", "size": "0x0"}, {"name": "TIMER3", "offset": "0x34", "size": "0x0"}, {"name": "CTRL0", "offset": "0x8", "size": "0x0"}, {"name": "CTRL1", "offset": "0x18", "size": "0x0"}, {"name": "CTRL2", "offset": "0x28", "size": "0x0"}, {"name": "CTRL3", "offset": "0x38", "size": "0x0"}, {"name": "STAT0", "offset": "0xc", "size": "0x0"}, {"name": "STAT1", "offset": "0x1c", "size": "0x0"}, {"name": "STAT2", "offset": "0x2c", "size": "0x0"}, {"name": "STAT3", "offset": "0x3c", "size": "0x0"}]}, {"name": "PINT", "start": "0x400a4000", "end": "0x400a4ffe", "size": "0xfff", "comment": "", "registers": [{"name": "ISEL", "offset": "0x0"}, {"name": "IENR", "offset": "0x4"}, {"name": "SIENR", "offset": "0x8"}, {"name": "CIENR", "offset": "0xc"}, {"name": "IENF", "offset": "0x10"}, {"name": "SIENF", "offset": "0x14"}, {"name": "CIENF", "offset": "0x18"}, {"name": "RISE", "offset": "0x1c"}, {"name": "FALL", "offset": "0x20"}, {"name": "IST", "offset": "0x24"}, {"name": "PMCTRL", "offset": "0x28"}, {"name": "PMSRC", "offset": "0x2c"}, {"name": "PMCFG", "offset": "0x30"}]}, {"name": "GINT0", "start": "0x400a8000", "end": "0x400a8ffe", "size": "0xfff", "comment": "", "registers": [{"name": "CTRL", "offset": "0x0"}, {"name": "PORT_POL[0]", "offset": "0x20", "size": "0x0"}, {"name": "PORT_POL[1]", "offset": "0x24", "size": "0x0"}, {"name": "PORT_POL[2]", "offset": "0x28", "size": "0x0"}, {"name": "PORT_ENA[0]", "offset": "0x40", "size": "0x0"}, {"name": "PORT_ENA[1]", "offset": "0x44", "size": "0x0"}, {"name": "PORT_ENA[2]", "offset": "0x48", "size": "0x0"}]}, {"name": "GINT1", "start": "0x400ac000", "end": "0x400acffe", "size": "0xfff", "comment": "", "registers": [{"name": "CTRL", "offset": "0x0"}, {"name": "PORT_POL[0]", "offset": "0x20", "size": "0x0"}, {"name": "PORT_POL[1]", "offset": "0x24", "size": "0x0"}, {"name": "PORT_POL[2]", "offset": "0x28", "size": "0x0"}, {"name": "PORT_ENA[0]", "offset": "0x40", "size": "0x0"}, {"name": "PORT_ENA[1]", "offset": "0x44", "size": "0x0"}, {"name": "PORT_ENA[2]", "offset": "0x48", "size": "0x0"}]}, {"name": "RIT", "start": "0x400b4000", "end": "0x400b4ffe", "size": "0xfff", "comment": "", "registers": [{"name": "COMPVAL", "offset": "0x0"}, {"name": "MASK", "offset": "0x4"}, {"name": "CTRL", "offset": "0x8"}, {"name": "COUNTER", "offset": "0xc"}, {"name": "COMPVAL_H", "offset": "0x10"}, {"name": "MASK_H", "offset": "0x14"}, {"name": "COUNTER_H", "offset": "0x1c"}]}, {"name": "SCTIPU", "start": "0x400b8000", "end": "0x400b8ffe", "size": "0xfff", "comment": "", "registers": [{"name": "SAMPLE_CTRL", "offset": "0x0"}, {"name": "ABORT_ENABLE0", "offset": "0x20", "size": "0x0"}, {"name": "ABORT_ENABLE1", "offset": "0x40", "size": "0x0"}, {"name": "ABORT_ENABLE2", "offset": "0x60", "size": "0x0"}, {"name": "ABORT_ENABLE3", "offset": "0x80", "size": "0x0"}, {"name": "ABORT_SOURCE0", "offset": "0x24", "size": "0x0"}, {"name": "ABORT_SOURCE1", "offset": "0x44", "size": "0x0"}, {"name": "ABORT_SOURCE2", "offset": "0x64", "size": "0x0"}, {"name": "ABORT_SOURCE3", "offset": "0x84", "size": "0x0"}]}, {"name": "FLASHCTRL", "start": "0x400bc000", "end": "0x400bcffe", "size": "0xfff", "comment": "", "registers": [{"name": "FMSSTART", "offset": "0x20"}, {"name": "FMSSTOP", "offset": "0x24"}, {"name": "FMSW0", "offset": "0x2c"}]}, {"name": "USART2", "start": "0x400c0000", "end": "0x400c0ffe", "size": "0xfff", "comment": "", "registers": [{"name": "CFG", "offset": "0x0"}, {"name": "CTL", "offset": "0x4"}, {"name": "STAT", "offset": "0x8"}, {"name": "INTENSET", "offset": "0xc"}, {"name": "INTENCLR", "offset": "0x10"}, {"name": "RXDAT", "offset": "0x14"}, {"name": "RXDATSTAT", "offset": "0x18"}, {"name": "TXDAT", "offset": "0x1c"}, {"name": "BRG", "offset": "0x20"}, {"name": "INTSTAT", "offset": "0x24"}, {"name": "OSR", "offset": "0x28"}, {"name": "ADDR", "offset": "0x2c"}]}, {"name": "C_CAN0", "start": "0x400f0000", "end": "0x400f0ffe", "size": "0xfff", "comment": "", "registers": [{"name": "CNTL", "offset": "0x0"}, {"name": "STAT", "offset": "0x4"}, {"name": "EC", "offset": "0x8"}, {"name": "BT", "offset": "0xc"}, {"name": "INT", "offset": "0x10"}, {"name": "TEST", "offset": "0x14"}, {"name": "BRPE", "offset": "0x18"}, {"name": "TXREQ1", "offset": "0x100"}, {"name": "TXREQ2", "offset": "0x104"}, {"name": "ND1", "offset": "0x120"}, {"name": "ND2", "offset": "0x124"}, {"name": "IR1", "offset": "0x140"}, {"name": "IR2", "offset": "0x144"}, {"name": "MSGV1", "offset": "0x160"}, {"name": "MSGV2", "offset": "0x164"}, {"name": "CLKDIV", "offset": "0x180"}, {"name": "IF1_CMDREQ", "offset": "0x20", "size": "0x0"}, {"name": "IF2_CMDREQ", "offset": "0x80", "size": "0x0"}, {"name": "IF1_CMDMSK_W", "offset": "0x24", "size": "0x0"}, {"name": "IF2_CMDMSK_W", "offset": "0x84", "size": "0x0"}, {"name": "IF1_CMDMSK_R", "offset": "0x24", "size": "0x0"}, {"name": "IF2_CMDMSK_R", "offset": "0x84", "size": "0x0"}, {"name": "IF1_MSK1", "offset": "0x28", "size": "0x0"}, {"name": "IF2_MSK1", "offset": "0x88", "size": "0x0"}, {"name": "IF1_MSK2", "offset": "0x2c", "size": "0x0"}, {"name": "IF2_MSK2", "offset": "0x8c", "size": "0x0"}, {"name": "IF1_ARB1", "offset": "0x30", "size": "0x0"}, {"name": "IF2_ARB1", "offset": "0x90", "size": "0x0"}, {"name": "IF1_ARB2", "offset": "0x34", "size": "0x0"}, {"name": "IF2_ARB2", "offset": "0x94", "size": "0x0"}, {"name": "IF1_MCTRL", "offset": "0x38", "size": "0x0"}, {"name": "IF2_MCTRL", "offset": "0x98", "size": "0x0"}, {"name": "IF1_DA1", "offset": "0x3c", "size": "0x0"}, {"name": "IF2_DA1", "offset": "0x9c", "size": "0x0"}, {"name": "IF1_DA2", "offset": "0x40", "size": "0x0"}, {"name": "IF2_DA2", "offset": "0xa0", "size": "0x0"}, {"name": "IF1_DB1", "offset": "0x44", "size": "0x0"}, {"name": "IF2_DB1", "offset": "0xa4", "size": "0x0"}, {"name": "IF1_DB2", "offset": "0x48", "size": "0x0"}, {"name": "IF2_DB2", "offset": "0xa8", "size": "0x0"}]}, {"name": "IOCON", "start": "0x400f8000", "end": "0x400f8ffe", "size": "0xfff", "comment": "", "registers": [{"name": "PIO0_0", "offset": "0x0", "size": "0x0"}, {"name": "PIO0_1", "offset": "0x4", "size": "0x0"}, {"name": "PIO0_2", "offset": "0x8", "size": "0x0"}, {"name": "PIO0_3", "offset": "0xc", "size": "0x0"}, {"name": "PIO0_4", "offset": "0x10", "size": "0x0"}, {"name": "PIO0_5", "offset": "0x14", "size": "0x0"}, {"name": "PIO0_6", "offset": "0x18", "size": "0x0"}, {"name": "PIO0_7", "offset": "0x1c", "size": "0x0"}, {"name": "PIO0_8", "offset": "0x20", "size": "0x0"}, {"name": "PIO0_9", "offset": "0x24", "size": "0x0"}, {"name": "PIO0_10", "offset": "0x28", "size": "0x0"}, {"name": "PIO0_11", "offset": "0x2c", "size": "0x0"}, {"name": "PIO0_12", "offset": "0x30", "size": "0x0"}, {"name": "PIO0_13", "offset": "0x34", "size": "0x0"}, {"name": "PIO0_14", "offset": "0x38", "size": "0x0"}, {"name": "PIO0_15", "offset": "0x3c", "size": "0x0"}, {"name": "PIO0_16", "offset": "0x40", "size": "0x0"}, {"name": "PIO0_17", "offset": "0x44", "size": "0x0"}, {"name": "PIO0_18", "offset": "0x48", "size": "0x0"}, {"name": "PIO0_19", "offset": "0x4c", "size": "0x0"}, {"name": "PIO0_20", "offset": "0x50", "size": "0x0"}, {"name": "PIO0_21", "offset": "0x54", "size": "0x0"}, {"name": "PIO0_22", "offset": "0x58", "size": "0x0"}, {"name": "PIO0_23", "offset": "0x5c", "size": "0x0"}, {"name": "PIO0_24", "offset": "0x60", "size": "0x0"}, {"name": "PIO0_25", "offset": "0x64", "size": "0x0"}, {"name": "PIO0_26", "offset": "0x68", "size": "0x0"}, {"name": "PIO0_27", "offset": "0x6c", "size": "0x0"}, {"name": "PIO0_28", "offset": "0x70", "size": "0x0"}, {"name": "PIO0_29", "offset": "0x74", "size": "0x0"}, {"name": "PIO0_30", "offset": "0x78", "size": "0x0"}, {"name": "PIO0_31", "offset": "0x7c", "size": "0x0"}, {"name": "PIO1_0", "offset": "0x80", "size": "0x0"}, {"name": "PIO1_1", "offset": "0x84", "size": "0x0"}, {"name": "PIO1_2", "offset": "0x88", "size": "0x0"}, {"name": "PIO1_3", "offset": "0x8c", "size": "0x0"}, {"name": "PIO1_4", "offset": "0x90", "size": "0x0"}, {"name": "PIO1_5", "offset": "0x94", "size": "0x0"}, {"name": "PIO1_6", "offset": "0x98", "size": "0x0"}, {"name": "PIO1_7", "offset": "0x9c", "size": "0x0"}, {"name": "PIO1_8", "offset": "0xa0", "size": "0x0"}, {"name": "PIO1_9", "offset": "0xa4", "size": "0x0"}, {"name": "PIO1_10", "offset": "0xa8", "size": "0x0"}, {"name": "PIO1_11", "offset": "0xac", "size": "0x0"}, {"name": "PIO1_12", "offset": "0xb0", "size": "0x0"}, {"name": "PIO1_13", "offset": "0xb4", "size": "0x0"}, {"name": "PIO1_14", "offset": "0xb8", "size": "0x0"}, {"name": "PIO1_15", "offset": "0xbc", "size": "0x0"}, {"name": "PIO1_16", "offset": "0xc0", "size": "0x0"}, {"name": "PIO1_17", "offset": "0xc4", "size": "0x0"}, {"name": "PIO1_18", "offset": "0xc8", "size": "0x0"}, {"name": "PIO1_19", "offset": "0xcc", "size": "0x0"}, {"name": "PIO1_20", "offset": "0xd0", "size": "0x0"}, {"name": "PIO1_21", "offset": "0xd4", "size": "0x0"}, {"name": "PIO1_22", "offset": "0xd8", "size": "0x0"}, {"name": "PIO1_23", "offset": "0xdc", "size": "0x0"}, {"name": "PIO1_24", "offset": "0xe0", "size": "0x0"}, {"name": "PIO1_25", "offset": "0xe4", "size": "0x0"}, {"name": "PIO1_26", "offset": "0xe8", "size": "0x0"}, {"name": "PIO1_27", "offset": "0xec", "size": "0x0"}, {"name": "PIO1_28", "offset": "0xf0", "size": "0x0"}, {"name": "PIO1_29", "offset": "0xf4", "size": "0x0"}, {"name": "PIO1_30", "offset": "0xf8", "size": "0x0"}, {"name": "PIO1_31", "offset": "0xfc", "size": "0x0"}, {"name": "PIO2_0", "offset": "0x100", "size": "0x0"}, {"name": "PIO2_1", "offset": "0x104", "size": "0x0"}, {"name": "PIO2_2", "offset": "0x108", "size": "0x0"}, {"name": "PIO2_3", "offset": "0x10c", "size": "0x0"}, {"name": "PIO2_4", "offset": "0x110", "size": "0x0"}, {"name": "PIO2_5", "offset": "0x114", "size": "0x0"}, {"name": "PIO2_6", "offset": "0x118", "size": "0x0"}, {"name": "PIO2_7", "offset": "0x11c", "size": "0x0"}, {"name": "PIO2_8", "offset": "0x120", "size": "0x0"}, {"name": "PIO2_9", "offset": "0x124", "size": "0x0"}, {"name": "PIO2_10", "offset": "0x128", "size": "0x0"}, {"name": "PIO2_11", "offset": "0x12c", "size": "0x0"}, {"name": "PIO2_12", "offset": "0x130", "size": "0x0"}, {"name": "PIO2_13", "offset": "0x134", "size": "0x0"}]}], "vector_table": [{"name": "StackPointer_Value", "value": -1, "addr": "0x0", "comment": "Stack pointer initial value"}, {"name": "Reset", "value": -1, "addr": "0x4", "comment": "Priority: -3"}, {"name": "NMI", "value": -1, "addr": "0x8", "comment": "Priority: -2"}, {"name": "HardFault", "value": -1, "addr": "0xc", "comment": "Priority: -1"}, {"name": "SVCall", "value": -1, "addr": "0x2c", "comment": "Priority: 3"}, {"name": "PendSV", "value": -1, "addr": "0x38", "comment": "Priority: 5"}, {"name": "SysTick", "value": -1, "addr": "0x3c", "comment": "Priority: 6"}, {"name": "WDT", "value": 0, "comment": "", "addr": "0x40"}, {"name": "BOD_IRQ", "value": 1, "comment": "", "addr": "0x44"}, {"name": "FLASH", "value": 2, "comment": "", "addr": "0x48"}, {"name": "EE", "value": 3, "comment": "", "addr": "0x4c"}, {"name": "DMA", "value": 4, "comment": "", "addr": "0x50"}, {"name": "GINT0", "value": 5, "comment": "", "addr": "0x54"}, {"name": "GINT1", "value": 6, "comment": "", "addr": "0x58"}, {"name": "PIN_INT0", "value": 7, "comment": "", "addr": "0x5c"}, {"name": "PIN_INT1", "value": 8, "comment": "", "addr": "0x60"}, {"name": "PIN_INT2", "value": 9, "comment": "", "addr": "0x64"}, {"name": "PIN_INT3", "value": 10, "comment": "", "addr": "0x68"}, {"name": "PIN_INT4", "value": 11, "comment": "", "addr": "0x6c"}, {"name": "PIN_INT5", "value": 12, "comment": "", "addr": "0x70"}, {"name": "PIN_INT6", "value": 13, "comment": "", "addr": "0x74"}, {"name": "PIN_INT7", "value": 14, "comment": "", "addr": "0x78"}, {"name": "RIT", "value": 15, "comment": "", "addr": "0x7c"}, {"name": "SCT0", "value": 16, "comment": "", "addr": "0x80"}, {"name": "SCT1", "value": 17, "comment": "", "addr": "0x84"}, {"name": "SCT2", "value": 18, "comment": "", "addr": "0x88"}, {"name": "SCT3", "value": 19, "comment": "", "addr": "0x8c"}, {"name": "MRT", "value": 20, "comment": "", "addr": "0x90"}, {"name": "UART0", "value": 21, "comment": "", "addr": "0x94"}, {"name": "UART1", "value": 22, "comment": "", "addr": "0x98"}, {"name": "UART2", "value": 23, "comment": "", "addr": "0x9c"}, {"name": "I2C0", "value": 24, "comment": "", "addr": "0xa0"}, {"name": "SPI0", "value": 25, "comment": "", "addr": "0xa4"}, {"name": "SPI1", "value": 26, "comment": "", "addr": "0xa8"}, {"name": "C_CAN0", "value": 27, "comment": "", "addr": "0xac"}, {"name": "USB_IRQ", "value": 28, "comment": "", "addr": "0xb0"}, {"name": "USB_FIQ", "value": 29, "comment": "", "addr": "0xb4"}, {"name": "USBWAKEUP", "value": 30, "comment": "", "addr": "0xb8"}, {"name": "ADC0_SEQA", "value": 31, "comment": "", "addr": "0xbc"}, {"name": "ADC0_SEQB", "value": 32, "comment": "", "addr": "0xc0"}, {"name": "ADC0_THCMP", "value": 33, "comment": "", "addr": "0xc4"}, {"name": "ADC0_OVR", "value": 34, "comment": "", "addr": "0xc8"}, {"name": "ADC1_SEQA", "value": 35, "comment": "", "addr": "0xcc"}, {"name": "ADC1_SEQB", "value": 36, "comment": "", "addr": "0xd0"}, {"name": "ADC1_THCMP", "value": 37, "comment": "", "addr": "0xd4"}, {"name": "ADC1_OVR", "value": 38, "comment": "", "addr": "0xd8"}, {"name": "DAC", "value": 39, "comment": "", "addr": "0xdc"}, {"name": "CMP0", "value": 40, "comment": "", "addr": "0xe0"}, {"name": "CMP1", "value": 41, "comment": "", "addr": "0xe4"}, {"name": "CMP2", "value": 42, "comment": "", "addr": "0xe8"}, {"name": "CMP3", "value": 43, "comment": "", "addr": "0xec"}, {"name": "QEI", "value": 44, "comment": "", "addr": "0xf0"}, {"name": "RTC_ALARM", "value": 45, "comment": "", "addr": "0xf4"}, {"name": "RTC_WAKE", "value": 46, "comment": "", "addr": "0xf8"}]}