{"brand": "NXP", "family": "LPC8", "name": "LPC8N04", "bits": 32, "mode": 1, "segments": [{"name": "SRAM", "start": "0x10000000", "end": "0x10003fff", "size": "0x4000", "type": "DATA"}], "peripherals": [{"name": "I2C0", "start": "0x40000000", "end": "0x40000ffe", "size": "0xfff", "comment": "", "registers": [{"name": "CONSET", "offset": "0x0"}, {"name": "STAT", "offset": "0x4"}, {"name": "DAT", "offset": "0x8"}, {"name": "ADR0", "offset": "0xc"}, {"name": "SCLH", "offset": "0x10"}, {"name": "SCLL", "offset": "0x14"}, {"name": "CONCLR", "offset": "0x18"}, {"name": "MMCTRL", "offset": "0x1c"}, {"name": "ADR1", "offset": "0x20"}, {"name": "ADR2", "offset": "0x24"}, {"name": "ADR3", "offset": "0x28"}, {"name": "DATA_BUFFER", "offset": "0x2c"}, {"name": "MASK0", "offset": "0x30"}, {"name": "MASK1", "offset": "0x34"}, {"name": "MASK2", "offset": "0x38"}, {"name": "MASK3", "offset": "0x3c"}]}, {"name": "WDT", "start": "0x40004000", "end": "0x40004ffe", "size": "0xfff", "comment": "", "registers": [{"name": "MOD", "offset": "0x0"}, {"name": "TC", "offset": "0x4"}, {"name": "FEED", "offset": "0x8"}, {"name": "TV", "offset": "0xc"}]}, {"name": "TIMER16_0", "start": "0x4000c000", "end": "0x4000cffe", "size": "0xfff", "comment": "", "registers": [{"name": "IR", "offset": "0x0"}, {"name": "TCR", "offset": "0x4"}, {"name": "TC", "offset": "0x8"}, {"name": "PR", "offset": "0xc"}, {"name": "PC", "offset": "0x10"}, {"name": "MCR", "offset": "0x14"}, {"name": "MR0", "offset": "0x18"}, {"name": "MR1", "offset": "0x1c"}, {"name": "MR2", "offset": "0x20"}, {"name": "MR3", "offset": "0x24"}, {"name": "EMR", "offset": "0x3c"}, {"name": "PWMC", "offset": "0x74"}]}, {"name": "TIMER32_0", "start": "0x40014000", "end": "0x40014ffe", "size": "0xfff", "comment": "", "registers": [{"name": "IR", "offset": "0x0"}, {"name": "TCR", "offset": "0x4"}, {"name": "TC", "offset": "0x8"}, {"name": "PR", "offset": "0xc"}, {"name": "PC", "offset": "0x10"}, {"name": "MCR", "offset": "0x14"}, {"name": "MR0", "offset": "0x18"}, {"name": "MR1", "offset": "0x1c"}, {"name": "MR2", "offset": "0x20"}, {"name": "MR3", "offset": "0x24"}, {"name": "EMR", "offset": "0x3c"}, {"name": "PWMC", "offset": "0x74"}]}, {"name": "EEPROM", "start": "0x40034000", "end": "0x40034ffe", "size": "0xfff", "comment": "", "registers": [{"name": "EECMD", "offset": "0x0"}, {"name": "EERWSTATE", "offset": "0x8"}, {"name": "EEPAUTOPROG", "offset": "0xc"}, {"name": "EEWSTATE", "offset": "0x10"}, {"name": "EECLKDIV", "offset": "0x14"}, {"name": "EEPWRDWN", "offset": "0x18"}, {"name": "EEMSSTART", "offset": "0x20"}, {"name": "EEMSSTOP", "offset": "0x24"}, {"name": "EEMSDATASIG", "offset": "0x28"}, {"name": "EEMSPARSIG", "offset": "0x2c"}, {"name": "EESTATUS", "offset": "0x34"}, {"name": "ECCRSTERRCNT", "offset": "0x38"}, {"name": "ECCERRCNT", "offset": "0x3c"}, {"name": "EECLKDIV1", "offset": "0x54"}, {"name": "EECLKDIV2", "offset": "0x58"}, {"name": "INT_CLR_ENABLE", "offset": "0xfd8"}, {"name": "INT_SET_ENABLE", "offset": "0xfdc"}, {"name": "INT_ENABLE", "offset": "0xfe0"}, {"name": "INT_STATUS", "offset": "0xfe4"}, {"name": "INT_CLR_STATUS", "offset": "0xfe8"}, {"name": "INT_SET_STATUS", "offset": "0xfec"}, {"name": "MODULE_ID", "offset": "0xffc"}]}, {"name": "PMU", "start": "0x40038000", "end": "0x40038ffe", "size": "0xfff", "comment": "", "registers": [{"name": "PCON", "offset": "0x0"}, {"name": "GPREG0", "offset": "0x4"}, {"name": "GPREG1", "offset": "0x8"}, {"name": "GPREG2", "offset": "0xc"}, {"name": "GPREG3", "offset": "0x10"}, {"name": "GPREG4", "offset": "0x14"}, {"name": "PSTAT", "offset": "0x18"}, {"name": "ACCSTAT", "offset": "0x20"}, {"name": "LDO1V6", "offset": "0x24"}, {"name": "TMRCLKCTRL", "offset": "0x2c"}]}, {"name": "FLASH", "start": "0x4003c000", "end": "0x4003cffe", "size": "0xfff", "comment": "", "registers": [{"name": "FCTR", "offset": "0x0"}, {"name": "FSTAT", "offset": "0x4"}, {"name": "FPTR", "offset": "0x8"}, {"name": "FBWST", "offset": "0x10"}, {"name": "FCRA", "offset": "0x1c"}, {"name": "FMSSTART", "offset": "0x20"}, {"name": "FMSSTOP", "offset": "0x24"}, {"name": "FMS16", "offset": "0x28"}, {"name": "FMSW0", "offset": "0x2c"}, {"name": "ECCERRCNT", "offset": "0x50"}, {"name": "ECCRSTERRCNT", "offset": "0x54"}, {"name": "INT_CLR_ENABLE", "offset": "0xfd8"}, {"name": "INT_SET_ENABLE", "offset": "0xfdc"}, {"name": "INT_STATUS", "offset": "0xfe0"}, {"name": "INT_ENABLE", "offset": "0xfe4"}, {"name": "INT_CLR_STATUS", "offset": "0xfe8"}, {"name": "INT_SET_STATUS", "offset": "0xfec"}, {"name": "MODULE_ID", "offset": "0xffc"}]}, {"name": "SPI0", "start": "0x40040000", "end": "0x40040ffe", "size": "0xfff", "comment": "", "registers": [{"name": "CR0", "offset": "0x0"}, {"name": "CR1", "offset": "0x4"}, {"name": "DR", "offset": "0x8"}, {"name": "SR", "offset": "0xc"}, {"name": "CPSR", "offset": "0x10"}, {"name": "IMSC", "offset": "0x14"}, {"name": "RIS", "offset": "0x18"}, {"name": "MIS", "offset": "0x1c"}, {"name": "ICR", "offset": "0x20"}]}, {"name": "IOCON", "start": "0x40044000", "end": "0x40044ffe", "size": "0xfff", "comment": "", "registers": [{"name": "PIO0_0", "offset": "0x0"}, {"name": "PIO0_1", "offset": "0x4"}, {"name": "PIO0_2", "offset": "0x8"}, {"name": "PIO0_3", "offset": "0xc"}, {"name": "PIO0_4", "offset": "0x10"}, {"name": "PIO0_5", "offset": "0x14"}, {"name": "PIO0_6", "offset": "0x18"}, {"name": "PIO0_7", "offset": "0x1c"}, {"name": "PIO0_8", "offset": "0x20"}, {"name": "PIO0_9", "offset": "0x24"}, {"name": "PIO0_10", "offset": "0x28"}, {"name": "PIO0_11", "offset": "0x2c"}]}, {"name": "SYSCON", "start": "0x40048000", "end": "0x40048ffe", "size": "0xfff", "comment": "", "registers": [{"name": "SYSMEMREMAP", "offset": "0x0"}, {"name": "PRESETCTRL", "offset": "0x4"}, {"name": "SYSCLKCTRL", "offset": "0x20"}, {"name": "SYSCLKUEN", "offset": "0x24"}, {"name": "SYSRSTSTAT", "offset": "0x30"}, {"name": "SYSAHBCLKCTRL", "offset": "0x80"}, {"name": "SSPCLKDIV", "offset": "0x94"}, {"name": "WDTCLKSEL", "offset": "0xd0"}, {"name": "WDTCLKUEN", "offset": "0xd4"}, {"name": "WDTCLKDIV", "offset": "0xd8"}, {"name": "CLKOUTEN", "offset": "0xe8"}, {"name": "SYSTCKCAL", "offset": "0x154"}, {"name": "STARTAPRP0", "offset": "0x200"}, {"name": "STARTERP0", "offset": "0x204"}, {"name": "STARTRSRP0CLR", "offset": "0x208"}, {"name": "STARTSRP0", "offset": "0x20c"}, {"name": "PDAWAKECFG", "offset": "0x234"}, {"name": "PDRUNCFG", "offset": "0x238"}, {"name": "DEVICE_ID", "offset": "0x3f4"}]}, {"name": "RTC", "start": "0x40054000", "end": "0x40054ffe", "size": "0xfff", "comment": "", "registers": [{"name": "CR", "offset": "0x0"}, {"name": "SR", "offset": "0x4"}, {"name": "CAL", "offset": "0x8"}, {"name": "SLEEPT", "offset": "0xc"}, {"name": "VAL", "offset": "0x10"}, {"name": "IE", "offset": "0x14"}, {"name": "RIS", "offset": "0x18"}, {"name": "MIS", "offset": "0x1c"}, {"name": "IC", "offset": "0x20"}, {"name": "STAT", "offset": "0x24"}, {"name": "TIME", "offset": "0x30"}]}, {"name": "RFIDNFC", "start": "0x40058000", "end": "0x40058ffe", "size": "0xfff", "comment": "", "registers": [{"name": "CFG", "offset": "0x0"}, {"name": "SR", "offset": "0x4"}, {"name": "CMDIN", "offset": "0xc"}, {"name": "CMDOUT", "offset": "0x10"}, {"name": "IE", "offset": "0x14"}, {"name": "RIS", "offset": "0x18"}, {"name": "MIS", "offset": "0x1c"}, {"name": "IC", "offset": "0x20"}]}, {"name": "TSEN", "start": "0x40060000", "end": "0x40060ffe", "size": "0xfff", "comment": "", "registers": [{"name": "CR", "offset": "0x0"}, {"name": "DR", "offset": "0x4"}, {"name": "SR", "offset": "0x8"}, {"name": "SP0", "offset": "0xc"}, {"name": "SP1", "offset": "0x10"}, {"name": "SP2", "offset": "0x14"}, {"name": "SP3", "offset": "0x18"}, {"name": "TLO", "offset": "0x1c"}, {"name": "THI", "offset": "0x20"}, {"name": "IMSC", "offset": "0x24"}, {"name": "RIS", "offset": "0x28"}, {"name": "MIS", "offset": "0x2c"}, {"name": "ICR", "offset": "0x30"}]}, {"name": "GPIO", "start": "0x50008000", "end": "0x50008ffe", "size": "0xfff", "comment": "", "registers": [{"name": "DIR", "offset": "0x0"}, {"name": "IS", "offset": "0x4"}, {"name": "IBE", "offset": "0x8"}, {"name": "IEV", "offset": "0xc"}, {"name": "IE", "offset": "0x10"}, {"name": "RIS", "offset": "0x14"}, {"name": "MIS", "offset": "0x18"}, {"name": "IC", "offset": "0x1c"}]}], "vector_table": [{"name": "StackPointer_Value", "value": -1, "addr": "0x0", "comment": "Stack pointer initial value"}, {"name": "Reset", "value": -1, "addr": "0x4", "comment": "Priority: -3"}, {"name": "NMI", "value": -1, "addr": "0x8", "comment": "Priority: -2"}, {"name": "HardFault", "value": -1, "addr": "0xc", "comment": "Priority: -1"}, {"name": "SVCall", "value": -1, "addr": "0x2c", "comment": "Priority: 3"}, {"name": "PendSV", "value": -1, "addr": "0x38", "comment": "Priority: 5"}, {"name": "SysTick", "value": -1, "addr": "0x3c", "comment": "Priority: 6"}]}