{"brand": "NXP", "family": "LPC8", "name": "LPC802", "bits": 32, "mode": 1, "segments": [{"name": "SRAM", "start": "0x10000000", "end": "0x10003fff", "size": "0x4000", "type": "DATA"}], "peripherals": [{"name": "WWDT", "start": "0x40000000", "end": "0x4000001b", "size": "0x1c", "comment": "", "registers": [{"name": "MOD", "offset": "0x0"}, {"name": "TC", "offset": "0x4"}, {"name": "FEED", "offset": "0x8"}, {"name": "TV", "offset": "0xc"}, {"name": "WARNINT", "offset": "0x14"}, {"name": "WINDOW", "offset": "0x18"}]}, {"name": "MRT0", "start": "0x40004000", "end": "0x400040fb", "size": "0xfc", "comment": "", "registers": [{"name": "MODCFG", "offset": "0xf0"}, {"name": "IDLE_CH", "offset": "0xf4"}, {"name": "IRQ_FLAG", "offset": "0xf8"}]}, {"name": "WKT", "start": "0x40008000", "end": "0x4000800f", "size": "0x10", "comment": "", "registers": [{"name": "CTRL", "offset": "0x0"}, {"name": "COUNT", "offset": "0xc"}]}, {"name": "SWM0", "start": "0x4000c000", "end": "0x4000c1c3", "size": "0x1c4", "comment": "", "registers": [{"name": "PINASSIGN0", "offset": "0x0"}, {"name": "PINASSIGN1", "offset": "0x4"}, {"name": "PINASSIGN2", "offset": "0x8"}, {"name": "PINASSIGN3", "offset": "0xc"}, {"name": "PINASSIGN4", "offset": "0x10"}, {"name": "PINASSIGN5", "offset": "0x14"}, {"name": "PINASSIGN6", "offset": "0x18"}, {"name": "PINASSIGN7", "offset": "0x1c"}, {"name": "PINENABLE0", "offset": "0x1c0"}, {"name": "PINASSIGN_DATA[0]", "offset": "0x0"}, {"name": "PINASSIGN_DATA[1]", "offset": "0x4"}, {"name": "PINASSIGN_DATA[2]", "offset": "0x8"}, {"name": "PINASSIGN_DATA[3]", "offset": "0xc"}, {"name": "PINASSIGN_DATA[4]", "offset": "0x10"}, {"name": "PINASSIGN_DATA[5]", "offset": "0x14"}, {"name": "PINASSIGN_DATA[6]", "offset": "0x18"}, {"name": "PINASSIGN_DATA[7]", "offset": "0x1c"}]}, {"name": "ADC0", "start": "0x4001c000", "end": "0x4001c06b", "size": "0x6c", "comment": "", "registers": [{"name": "CTRL", "offset": "0x0"}, {"name": "THR0_LOW", "offset": "0x50"}, {"name": "THR1_LOW", "offset": "0x54"}, {"name": "THR0_HIGH", "offset": "0x58"}, {"name": "THR1_HIGH", "offset": "0x5c"}, {"name": "CHAN_THRSEL", "offset": "0x60"}, {"name": "INTEN", "offset": "0x64"}, {"name": "FLAGS", "offset": "0x68"}, {"name": "SEQ_CTRLA", "offset": "0x8"}, {"name": "SEQ_CTRLB", "offset": "0xc"}, {"name": "SEQ_GDATA", "offset": "0x10"}, {"name": "SEQ_GDATB", "offset": "0x14"}, {"name": "DAT[0]", "offset": "0x20"}, {"name": "DAT[1]", "offset": "0x24"}, {"name": "DAT[2]", "offset": "0x28"}, {"name": "DAT[3]", "offset": "0x2c"}, {"name": "DAT[4]", "offset": "0x30"}, {"name": "DAT[5]", "offset": "0x34"}, {"name": "DAT[6]", "offset": "0x38"}, {"name": "DAT[7]", "offset": "0x3c"}, {"name": "DAT[8]", "offset": "0x40"}, {"name": "DAT[9]", "offset": "0x44"}, {"name": "DAT[10]", "offset": "0x48"}, {"name": "DAT[11]", "offset": "0x4c"}]}, {"name": "PMU", "start": "0x40020000", "end": "0x40020027", "size": "0x28", "comment": "", "registers": [{"name": "PCON", "offset": "0x0"}, {"name": "WUSRCREG", "offset": "0x20"}, {"name": "WUENAREG", "offset": "0x24"}, {"name": "GPREG[0]", "offset": "0x4"}, {"name": "GPREG[1]", "offset": "0x8"}, {"name": "GPREG[2]", "offset": "0xc"}, {"name": "GPREG[3]", "offset": "0x10"}, {"name": "GPREG[4]", "offset": "0x14"}]}, {"name": "ACOMP", "start": "0x40024000", "end": "0x40024007", "size": "0x8", "comment": "", "registers": [{"name": "CTRL", "offset": "0x0"}, {"name": "LAD", "offset": "0x4"}]}, {"name": "CTIMER0", "start": "0x40038000", "end": "0x40038087", "size": "0x88", "comment": "", "registers": [{"name": "IR", "offset": "0x0"}, {"name": "TCR", "offset": "0x4"}, {"name": "TC", "offset": "0x8"}, {"name": "PR", "offset": "0xc"}, {"name": "PC", "offset": "0x10"}, {"name": "MCR", "offset": "0x14"}, {"name": "CCR", "offset": "0x28"}, {"name": "EMR", "offset": "0x3c"}, {"name": "CTCR", "offset": "0x70"}, {"name": "PWMC", "offset": "0x74"}, {"name": "MR[0]", "offset": "0x18"}, {"name": "MR[1]", "offset": "0x1c"}, {"name": "MR[2]", "offset": "0x20"}, {"name": "MR[3]", "offset": "0x24"}, {"name": "CR[0]", "offset": "0x2c"}, {"name": "CR[1]", "offset": "0x30"}, {"name": "CR[2]", "offset": "0x34"}, {"name": "MSR[0]", "offset": "0x78"}, {"name": "MSR[1]", "offset": "0x7c"}, {"name": "MSR[2]", "offset": "0x80"}, {"name": "MSR[3]", "offset": "0x84"}]}, {"name": "IOCON", "start": "0x40044000", "end": "0x400440d7", "size": "0xd8", "comment": "", "registers": [{"name": "PIO0", "offset": "0x0"}, {"name": "PIO1", "offset": "0x4"}, {"name": "PIO2", "offset": "0x8"}, {"name": "PIO3", "offset": "0xc"}, {"name": "PIO4", "offset": "0x10"}, {"name": "PIO5", "offset": "0x14"}, {"name": "PIO6", "offset": "0x18"}, {"name": "PIO7", "offset": "0x1c"}, {"name": "PIO8", "offset": "0x20"}, {"name": "PIO9", "offset": "0x24"}, {"name": "PIO10", "offset": "0x28"}, {"name": "PIO11", "offset": "0x2c"}, {"name": "PIO12", "offset": "0x30"}, {"name": "PIO13", "offset": "0x34"}, {"name": "PIO14", "offset": "0x38"}, {"name": "PIO15", "offset": "0x3c"}, {"name": "PIO16", "offset": "0x40"}, {"name": "PIO17", "offset": "0x44"}, {"name": "PIO18", "offset": "0x48"}, {"name": "PIO19", "offset": "0x4c"}, {"name": "PIO20", "offset": "0x50"}, {"name": "PIO21", "offset": "0x54"}, {"name": "PIO22", "offset": "0x58"}, {"name": "PIO23", "offset": "0x5c"}, {"name": "PIO24", "offset": "0x60"}, {"name": "PIO25", "offset": "0x64"}, {"name": "PIO26", "offset": "0x68"}, {"name": "PIO27", "offset": "0x6c"}, {"name": "PIO28", "offset": "0x70"}, {"name": "PIO29", "offset": "0x74"}, {"name": "PIO30", "offset": "0x78"}, {"name": "PIO31", "offset": "0x7c"}, {"name": "PIO32", "offset": "0x80"}, {"name": "PIO33", "offset": "0x84"}, {"name": "PIO34", "offset": "0x88"}, {"name": "PIO35", "offset": "0x8c"}, {"name": "PIO36", "offset": "0x90"}, {"name": "PIO37", "offset": "0x94"}, {"name": "PIO38", "offset": "0x98"}, {"name": "PIO39", "offset": "0x9c"}, {"name": "PIO40", "offset": "0xa0"}, {"name": "PIO41", "offset": "0xa4"}, {"name": "PIO42", "offset": "0xa8"}, {"name": "PIO43", "offset": "0xac"}, {"name": "PIO44", "offset": "0xb0"}, {"name": "PIO45", "offset": "0xb4"}, {"name": "PIO46", "offset": "0xb8"}, {"name": "PIO47", "offset": "0xbc"}, {"name": "PIO48", "offset": "0xc0"}, {"name": "PIO49", "offset": "0xc4"}, {"name": "PIO50", "offset": "0xc8"}, {"name": "PIO51", "offset": "0xcc"}, {"name": "PIO52", "offset": "0xd0"}, {"name": "PIO53", "offset": "0xd4"}]}, {"name": "SYSCON", "start": "0x40048000", "end": "0x400483fb", "size": "0x3fc", "comment": "", "registers": [{"name": "SYSMEMREMAP", "offset": "0x0"}, {"name": "SYSRSTSTAT", "offset": "0x38"}, {"name": "MAINCLKSEL", "offset": "0x50"}, {"name": "MAINCLKUEN", "offset": "0x54"}, {"name": "SYSAHBCLKDIV", "offset": "0x58"}, {"name": "ADCCLKSEL", "offset": "0x64"}, {"name": "ADCCLKDIV", "offset": "0x68"}, {"name": "LPOSCCLKEN", "offset": "0x7c"}, {"name": "SYSAHBCLKCTRL0", "offset": "0x80"}, {"name": "PRESETCTRL0", "offset": "0x88"}, {"name": "PRESETCTRL1", "offset": "0x8c"}, {"name": "UART0CLKSEL", "offset": "0x90"}, {"name": "UART1CLKSEL", "offset": "0x94"}, {"name": "I2C0CLKSEL", "offset": "0xa4"}, {"name": "SPI0CLKSEL", "offset": "0xb4"}, {"name": "FRG0DIV", "offset": "0xd0"}, {"name": "FRG0MULT", "offset": "0xd4"}, {"name": "FRG0CLKSEL", "offset": "0xd8"}, {"name": "CLKOUTSEL", "offset": "0xf0"}, {"name": "CLKOUTDIV", "offset": "0xf4"}, {"name": "PIOPORCAP0", "offset": "0x100"}, {"name": "BODCTRL", "offset": "0x150"}, {"name": "SYSTCKCAL", "offset": "0x154"}, {"name": "IRQLATENCY", "offset": "0x170"}, {"name": "NMISRC", "offset": "0x174"}, {"name": "STARTERP0", "offset": "0x204"}, {"name": "STARTERP1", "offset": "0x214"}, {"name": "PDSLEEPCFG", "offset": "0x230"}, {"name": "PDAWAKECFG", "offset": "0x234"}, {"name": "PDRUNCFG", "offset": "0x238"}, {"name": "DEVICE_ID", "offset": "0x3f8"}, {"name": "PINTSEL[0]", "offset": "0x178"}, {"name": "PINTSEL[1]", "offset": "0x17c"}, {"name": "PINTSEL[2]", "offset": "0x180"}, {"name": "PINTSEL[3]", "offset": "0x184"}, {"name": "PINTSEL[4]", "offset": "0x188"}, {"name": "PINTSEL[5]", "offset": "0x18c"}, {"name": "PINTSEL[6]", "offset": "0x190"}, {"name": "PINTSEL[7]", "offset": "0x194"}]}, {"name": "I2C0", "start": "0x40050000", "end": "0x40050083", "size": "0x84", "comment": "", "registers": [{"name": "CFG", "offset": "0x0"}, {"name": "STAT", "offset": "0x4"}, {"name": "INTENSET", "offset": "0x8"}, {"name": "INTENCLR", "offset": "0xc"}, {"name": "TIMEOUT", "offset": "0x10"}, {"name": "CLKDIV", "offset": "0x14"}, {"name": "INTSTAT", "offset": "0x18"}, {"name": "MSTCTL", "offset": "0x20"}, {"name": "MSTTIME", "offset": "0x24"}, {"name": "MSTDAT", "offset": "0x28"}, {"name": "SLVCTL", "offset": "0x40"}, {"name": "SLVDAT", "offset": "0x44"}, {"name": "SLVQUAL0", "offset": "0x58"}, {"name": "MONRXDAT", "offset": "0x80"}, {"name": "SLVADR[0]", "offset": "0x48"}, {"name": "SLVADR[1]", "offset": "0x4c"}, {"name": "SLVADR[2]", "offset": "0x50"}, {"name": "SLVADR[3]", "offset": "0x54"}]}, {"name": "SPI0", "start": "0x40058000", "end": "0x4005802b", "size": "0x2c", "comment": "", "registers": [{"name": "CFG", "offset": "0x0"}, {"name": "DLY", "offset": "0x4"}, {"name": "STAT", "offset": "0x8"}, {"name": "INTENSET", "offset": "0xc"}, {"name": "INTENCLR", "offset": "0x10"}, {"name": "RXDAT", "offset": "0x14"}, {"name": "TXDATCTL", "offset": "0x18"}, {"name": "TXDAT", "offset": "0x1c"}, {"name": "TXCTL", "offset": "0x20"}, {"name": "DIV", "offset": "0x24"}, {"name": "INTSTAT", "offset": "0x28"}]}, {"name": "USART0", "start": "0x40064000", "end": "0x4006402f", "size": "0x30", "comment": "", "registers": [{"name": "CFG", "offset": "0x0"}, {"name": "CTL", "offset": "0x4"}, {"name": "STAT", "offset": "0x8"}, {"name": "INTENSET", "offset": "0xc"}, {"name": "INTENCLR", "offset": "0x10"}, {"name": "RXDAT", "offset": "0x14"}, {"name": "RXDATSTAT", "offset": "0x18"}, {"name": "TXDAT", "offset": "0x1c"}, {"name": "BRG", "offset": "0x20"}, {"name": "INTSTAT", "offset": "0x24"}, {"name": "OSR", "offset": "0x28"}, {"name": "ADDR", "offset": "0x2c"}]}, {"name": "USART1", "start": "0x40068000", "end": "0x4006802f", "size": "0x30", "comment": "", "registers": [{"name": "CFG", "offset": "0x0"}, {"name": "CTL", "offset": "0x4"}, {"name": "STAT", "offset": "0x8"}, {"name": "INTENSET", "offset": "0xc"}, {"name": "INTENCLR", "offset": "0x10"}, {"name": "RXDAT", "offset": "0x14"}, {"name": "RXDATSTAT", "offset": "0x18"}, {"name": "TXDAT", "offset": "0x1c"}, {"name": "BRG", "offset": "0x20"}, {"name": "INTSTAT", "offset": "0x24"}, {"name": "OSR", "offset": "0x28"}, {"name": "ADDR", "offset": "0x2c"}]}, {"name": "CRC", "start": "0x50000000", "end": "0x5000000b", "size": "0xc", "comment": "", "registers": [{"name": "MODE", "offset": "0x0"}, {"name": "SEED", "offset": "0x4"}, {"name": "SUM", "offset": "0x8"}, {"name": "WR_DATA", "offset": "0x8"}]}, {"name": "GPIO", "start": "0xa0000000", "end": "0xa0002483", "size": "0x2484", "comment": "", "registers": [{"name": "DIR0", "offset": "0x2000"}, {"name": "MASK0", "offset": "0x2080"}, {"name": "PIN0", "offset": "0x2100"}, {"name": "MPIN0", "offset": "0x2180"}, {"name": "SET0", "offset": "0x2200"}, {"name": "CLR0", "offset": "0x2280"}, {"name": "NOT0", "offset": "0x2300"}, {"name": "DIRSET0", "offset": "0x2380"}, {"name": "DIRCLR0", "offset": "0x2400"}, {"name": "DIRNOT0", "offset": "0x2480"}, {"name": "B[0]", "offset": "0x0", "size": "0x8"}, {"name": "B[1]", "offset": "0x1", "size": "0x8"}, {"name": "B[2]", "offset": "0x2", "size": "0x8"}, {"name": "B[3]", "offset": "0x3", "size": "0x8"}, {"name": "B[4]", "offset": "0x4", "size": "0x8"}, {"name": "B[5]", "offset": "0x5", "size": "0x8"}, {"name": "B[6]", "offset": "0x6", "size": "0x8"}, {"name": "B[7]", "offset": "0x7", "size": "0x8"}, {"name": "B[8]", "offset": "0x8", "size": "0x8"}, {"name": "B[9]", "offset": "0x9", "size": "0x8"}, {"name": "B[10]", "offset": "0xa", "size": "0x8"}, {"name": "B[11]", "offset": "0xb", "size": "0x8"}, {"name": "B[12]", "offset": "0xc", "size": "0x8"}, {"name": "B[13]", "offset": "0xd", "size": "0x8"}, {"name": "B[14]", "offset": "0xe", "size": "0x8"}, {"name": "B[15]", "offset": "0xf", "size": "0x8"}, {"name": "B[16]", "offset": "0x10", "size": "0x8"}, {"name": "B[17]", "offset": "0x11", "size": "0x8"}, {"name": "B[18]", "offset": "0x12", "size": "0x8"}, {"name": "B[19]", "offset": "0x13", "size": "0x8"}, {"name": "B[20]", "offset": "0x14", "size": "0x8"}, {"name": "B[21]", "offset": "0x15", "size": "0x8"}, {"name": "B[22]", "offset": "0x16", "size": "0x8"}, {"name": "B[23]", "offset": "0x17", "size": "0x8"}, {"name": "B[24]", "offset": "0x18", "size": "0x8"}, {"name": "B[25]", "offset": "0x19", "size": "0x8"}, {"name": "B[26]", "offset": "0x1a", "size": "0x8"}, {"name": "B[27]", "offset": "0x1b", "size": "0x8"}, {"name": "B[28]", "offset": "0x1c", "size": "0x8"}, {"name": "B[29]", "offset": "0x1d", "size": "0x8"}, {"name": "B[30]", "offset": "0x1e", "size": "0x8"}, {"name": "B[31]", "offset": "0x1f", "size": "0x8"}, {"name": "B[32]", "offset": "0x20", "size": "0x8"}, {"name": "B[33]", "offset": "0x21", "size": "0x8"}, {"name": "B[34]", "offset": "0x22", "size": "0x8"}, {"name": "B[35]", "offset": "0x23", "size": "0x8"}, {"name": "B[36]", "offset": "0x24", "size": "0x8"}, {"name": "B[37]", "offset": "0x25", "size": "0x8"}, {"name": "B[38]", "offset": "0x26", "size": "0x8"}, {"name": "B[39]", "offset": "0x27", "size": "0x8"}, {"name": "B[40]", "offset": "0x28", "size": "0x8"}, {"name": "B[41]", "offset": "0x29", "size": "0x8"}, {"name": "B[42]", "offset": "0x2a", "size": "0x8"}, {"name": "B[43]", "offset": "0x2b", "size": "0x8"}, {"name": "B[44]", "offset": "0x2c", "size": "0x8"}, {"name": "B[45]", "offset": "0x2d", "size": "0x8"}, {"name": "B[46]", "offset": "0x2e", "size": "0x8"}, {"name": "B[47]", "offset": "0x2f", "size": "0x8"}, {"name": "B[48]", "offset": "0x30", "size": "0x8"}, {"name": "B[49]", "offset": "0x31", "size": "0x8"}, {"name": "B[50]", "offset": "0x32", "size": "0x8"}, {"name": "B[51]", "offset": "0x33", "size": "0x8"}, {"name": "B[52]", "offset": "0x34", "size": "0x8"}, {"name": "B[53]", "offset": "0x35", "size": "0x8"}, {"name": "W[0]", "offset": "0x1000"}, {"name": "W[1]", "offset": "0x1004"}, {"name": "W[2]", "offset": "0x1008"}, {"name": "W[3]", "offset": "0x100c"}, {"name": "W[4]", "offset": "0x1010"}, {"name": "W[5]", "offset": "0x1014"}, {"name": "W[6]", "offset": "0x1018"}, {"name": "W[7]", "offset": "0x101c"}, {"name": "W[8]", "offset": "0x1020"}, {"name": "W[9]", "offset": "0x1024"}, {"name": "W[10]", "offset": "0x1028"}, {"name": "W[11]", "offset": "0x102c"}, {"name": "W[12]", "offset": "0x1030"}, {"name": "W[13]", "offset": "0x1034"}, {"name": "W[14]", "offset": "0x1038"}, {"name": "W[15]", "offset": "0x103c"}, {"name": "W[16]", "offset": "0x1040"}, {"name": "W[17]", "offset": "0x1044"}, {"name": "W[18]", "offset": "0x1048"}, {"name": "W[19]", "offset": "0x104c"}, {"name": "W[20]", "offset": "0x1050"}, {"name": "W[21]", "offset": "0x1054"}, {"name": "W[22]", "offset": "0x1058"}, {"name": "W[23]", "offset": "0x105c"}, {"name": "W[24]", "offset": "0x1060"}, {"name": "W[25]", "offset": "0x1064"}, {"name": "W[26]", "offset": "0x1068"}, {"name": "W[27]", "offset": "0x106c"}, {"name": "W[28]", "offset": "0x1070"}, {"name": "W[29]", "offset": "0x1074"}, {"name": "W[30]", "offset": "0x1078"}, {"name": "W[31]", "offset": "0x107c"}, {"name": "W[32]", "offset": "0x1080"}, {"name": "W[33]", "offset": "0x1084"}, {"name": "W[34]", "offset": "0x1088"}, {"name": "W[35]", "offset": "0x108c"}, {"name": "W[36]", "offset": "0x1090"}, {"name": "W[37]", "offset": "0x1094"}, {"name": "W[38]", "offset": "0x1098"}, {"name": "W[39]", "offset": "0x109c"}, {"name": "W[40]", "offset": "0x10a0"}, {"name": "W[41]", "offset": "0x10a4"}, {"name": "W[42]", "offset": "0x10a8"}, {"name": "W[43]", "offset": "0x10ac"}, {"name": "W[44]", "offset": "0x10b0"}, {"name": "W[45]", "offset": "0x10b4"}, {"name": "W[46]", "offset": "0x10b8"}, {"name": "W[47]", "offset": "0x10bc"}, {"name": "W[48]", "offset": "0x10c0"}, {"name": "W[49]", "offset": "0x10c4"}, {"name": "W[50]", "offset": "0x10c8"}, {"name": "W[51]", "offset": "0x10cc"}, {"name": "W[52]", "offset": "0x10d0"}, {"name": "W[53]", "offset": "0x10d4"}]}, {"name": "PINT", "start": "0xa0004000", "end": "0xa0004033", "size": "0x34", "comment": "", "registers": [{"name": "ISEL", "offset": "0x0"}, {"name": "IENR", "offset": "0x4"}, {"name": "SIENR", "offset": "0x8"}, {"name": "CIENR", "offset": "0xc"}, {"name": "IENF", "offset": "0x10"}, {"name": "SIENF", "offset": "0x14"}, {"name": "CIENF", "offset": "0x18"}, {"name": "RISE", "offset": "0x1c"}, {"name": "FALL", "offset": "0x20"}, {"name": "IST", "offset": "0x24"}, {"name": "PMCTRL", "offset": "0x28"}, {"name": "PMSRC", "offset": "0x2c"}, {"name": "PMCFG", "offset": "0x30"}]}], "vector_table": [{"name": "StackPointer_Value", "value": -1, "addr": "0x0", "comment": "Stack pointer initial value"}, {"name": "Reset", "value": -1, "addr": "0x4", "comment": "Priority: -3"}, {"name": "NMI", "value": -1, "addr": "0x8", "comment": "Priority: -2"}, {"name": "HardFault", "value": -1, "addr": "0xc", "comment": "Priority: -1"}, {"name": "SVCall", "value": -1, "addr": "0x2c", "comment": "Priority: 3"}, {"name": "PendSV", "value": -1, "addr": "0x38", "comment": "Priority: 5"}, {"name": "SysTick", "value": -1, "addr": "0x3c", "comment": "Priority: 6"}, {"name": "SPI0", "value": 0, "comment": "", "addr": "0x40"}, {"name": "USART0", "value": 3, "comment": "", "addr": "0x4c"}, {"name": "USART1", "value": 4, "comment": "", "addr": "0x50"}, {"name": "I2C0", "value": 8, "comment": "", "addr": "0x60"}, {"name": "WKT", "value": 15, "comment": "", "addr": "0x7c"}, {"name": "ADC0_SEQA", "value": 16, "comment": "", "addr": "0x80"}, {"name": "ADC0_SEQB", "value": 17, "comment": "", "addr": "0x84"}, {"name": "ADC0_THCMP", "value": 18, "comment": "", "addr": "0x88"}, {"name": "ADC0_OVR", "value": 19, "comment": "", "addr": "0x8c"}, {"name": "CTIMER0", "value": 23, "comment": "", "addr": "0x9c"}, {"name": "PIN_INT0", "value": 24, "comment": "", "addr": "0xa0"}, {"name": "PIN_INT1", "value": 25, "comment": "", "addr": "0xa4"}, {"name": "PIN_INT2", "value": 26, "comment": "", "addr": "0xa8"}, {"name": "PIN_INT3", "value": 27, "comment": "", "addr": "0xac"}, {"name": "PIN_INT4", "value": 28, "comment": "", "addr": "0xb0"}, {"name": "PIN_INT5", "value": 29, "comment": "", "addr": "0xb4"}, {"name": "PIN_INT6", "value": 30, "comment": "", "addr": "0xb8"}, {"name": "PIN_INT7", "value": 31, "comment": "", "addr": "0xbc"}]}